"","HALLMARK_ADIPOGENESIS","HALLMARK_ALLOGRAFT_REJECTION","HALLMARK_ANDROGEN_RESPONSE","HALLMARK_ANGIOGENESIS","HALLMARK_APICAL_JUNCTION","HALLMARK_APICAL_SURFACE","HALLMARK_APOPTOSIS","HALLMARK_BILE_ACID_METABOLISM","HALLMARK_CHOLESTEROL_HOMEOSTASIS","HALLMARK_COAGULATION","HALLMARK_COMPLEMENT","HALLMARK_DNA_REPAIR","HALLMARK_E2F_TARGETS","HALLMARK_EPITHELIAL_MESENCHYMAL_TRANSITION","HALLMARK_ESTROGEN_RESPONSE_EARLY","HALLMARK_ESTROGEN_RESPONSE_LATE","HALLMARK_FATTY_ACID_METABOLISM","HALLMARK_G2M_CHECKPOINT","HALLMARK_GLYCOLYSIS","HALLMARK_HEDGEHOG_SIGNALING","HALLMARK_HEME_METABOLISM","HALLMARK_HYPOXIA","HALLMARK_IL2_STAT5_SIGNALING","HALLMARK_IL6_JAK_STAT3_SIGNALING","HALLMARK_INFLAMMATORY_RESPONSE","HALLMARK_INTERFERON_ALPHA_RESPONSE","HALLMARK_INTERFERON_GAMMA_RESPONSE","HALLMARK_KRAS_SIGNALING_DN","HALLMARK_KRAS_SIGNALING_UP","HALLMARK_MITOTIC_SPINDLE","HALLMARK_MTORC1_SIGNALING","HALLMARK_MYC_TARGETS_V1","HALLMARK_MYC_TARGETS_V2","HALLMARK_MYOGENESIS","HALLMARK_NOTCH_SIGNALING","HALLMARK_OXIDATIVE_PHOSPHORYLATION","HALLMARK_P53_PATHWAY","HALLMARK_PANCREAS_BETA_CELLS","HALLMARK_PEROXISOME","HALLMARK_PI3K_AKT_MTOR_SIGNALING","HALLMARK_PROTEIN_SECRETION","HALLMARK_REACTIVE_OXYGEN_SPECIES_PATHWAY","HALLMARK_SPERMATOGENESIS","HALLMARK_TGF_BETA_SIGNALING","HALLMARK_TNFA_SIGNALING_VIA_NFKB","HALLMARK_UNFOLDED_PROTEIN_RESPONSE","HALLMARK_UV_RESPONSE_DN","HALLMARK_UV_RESPONSE_UP","HALLMARK_WNT_BETA_CATENIN_SIGNALING","HALLMARK_XENOBIOTIC_METABOLISM"
"sample_1",-0.356040275,-0.200974271,-0.448087968,0.098252772,0.117168296,0.26676298,-0.400963465,0.122678694,-0.315474227,-0.044638091,-0.263425938,-0.42207837,-0.34209197,0.249679259,-0.177380036,-0.157604387,-0.291461219,-0.372697149,-0.271050173,0.294783158,-0.23686823,-0.260855666,-0.232967306,-0.422284732,-0.287423503,-0.660764325,-0.534209501,0.368017945,-0.067202138,-0.363579648,-0.499489963,-0.576775051,-0.355166944,0.160310623,-0.233845912,-0.512228188,-0.408122096,0.385228193,-0.249657299,-0.387786857,-0.579442327,-0.45226701,0.175302598,-0.425521617,-0.507090978,-0.487829866,-0.130462716,-0.279741834,0.034032208,-0.183646495
"sample_2",0.149354289,0.103645892,-0.302662297,-0.073363929,0.118308226,-0.144139946,0.075441772,-0.099687945,0.073431884,0.167465866,0.183880868,-0.076559457,-0.326740423,0.02166481,-0.148268838,-0.125162665,-0.12800089,-0.250153434,0.088314764,-0.223346803,-0.007025246,0.122370495,0.15390555,0.391411746,0.129446265,0.365313464,0.192019373,0.024583189,0.0225446,-0.140767762,-0.019884834,-0.286442506,-0.118023635,0.094420117,0.393497202,-0.08006449,-0.007366111,-0.116941789,-0.046820865,0.082059948,-0.160532461,0.195909683,-0.061229687,0.252276363,0.270554586,-0.082682125,-0.048870622,0.086334547,0.012774231,0.060465168
"sample_3",-0.379352511,-0.275160282,-0.490290112,0.017778496,-0.042367742,0.061193165,-0.43415513,-0.010841794,-0.420552951,-0.232625075,-0.378721341,-0.408282338,-0.219121901,0.083175038,-0.323948103,-0.310147733,-0.411442932,-0.324923083,-0.306572201,-0.027648233,-0.338059299,-0.309354144,-0.317378259,-0.455028078,-0.363009375,-0.655858913,-0.548644738,0.285918125,-0.142390629,-0.375111348,-0.483855852,-0.60472208,-0.334735708,0.168887126,-0.297580166,-0.558554337,-0.482437991,0.251186216,-0.366656355,-0.478502534,-0.579858952,-0.553660555,0.283457834,-0.475856024,-0.574726851,-0.522543593,-0.205470868,-0.330897066,-0.044286612,-0.243545897
"sample_4",0.374258858,0.213039115,-0.142600769,-0.01274302,-0.008166527,-0.222022195,0.143678582,-0.138067627,0.311923444,0.133021954,0.260946061,0.269142009,0.139231647,-0.036832735,-0.20674333,-0.196545341,0.226504956,0.087699627,0.014721466,-0.26573606,0.118373354,0.089398469,0.142136859,0.366017,0.11408812,0.264715301,0.178870609,-0.32792779,-0.05068466,0.103157338,0.252054204,0.411514889,0.355093977,-0.011132184,0.298055372,0.428932628,0.098451493,-0.010506864,0.128374493,0.261060338,0.26689866,0.396977539,-0.191355828,0.273060723,0.087281649,0.37000864,-0.166740678,0.243785773,0.043126642,0.138562408
"sample_5",0.411537469,0.258694914,-0.111817555,0.233549572,0.04717577,-0.113672294,0.283661379,-0.071875169,0.26198593,0.237935093,0.32493995,0.300777957,-0.024625974,0.092727645,-0.018262713,-0.02450313,0.301368848,-0.049086319,0.081465701,-0.236525948,0.181575048,0.134813654,0.255677903,0.339801885,0.128574961,0.430206553,0.280599075,-0.270509102,0.034283284,0.030625826,0.348401777,0.32964293,0.463787692,0.112465326,0.325552125,0.408477153,0.301967859,-0.144588618,0.154266248,0.269682077,0.303738916,0.549134606,-0.319382323,0.381213637,0.251567688,0.397612324,-0.108889529,0.373426005,-0.004956843,0.183037945
"sample_6",0.412227345,0.281059308,-0.021362941,0.009661832,0.050054144,-0.058468413,0.131211632,-0.072797255,0.295453293,0.086113348,0.259121796,0.33301005,0.270696875,-0.065653164,-0.24456794,-0.262804367,0.331155149,0.133887681,0.031184029,-0.269545023,0.163859174,0.059272505,0.125511066,0.358909425,0.081068156,0.459919954,0.352390754,-0.344733242,0.010169212,0.180099736,0.397204338,0.519038845,0.376124758,-0.067595778,0.273119407,0.50093861,0.082163084,0.198119345,0.147046662,0.321548186,0.403141634,0.498029327,-0.188093154,0.237615955,0.008746214,0.375476472,-0.175963451,0.171816969,-0.080452011,0.183154577
"sample_7",0.105055788,-0.097428378,-0.259973226,0.094374719,0.129296643,0.044749944,-0.115098334,0.023029867,-0.135740189,-0.083760546,-0.046577125,-0.00341855,-0.271498152,0.164127064,-0.120618504,-0.118997485,-0.106804067,-0.313779603,-0.041158589,0.024674617,-0.058118606,0.07343973,0.102731607,-0.044404098,-0.145531541,-0.486313497,-0.334101428,0.073113165,-0.142317957,-0.279168046,0.036655277,-0.122938491,-0.047349671,0.294050988,0.015311971,0.079942821,-0.004262785,0.232547615,-0.036208221,0.147286895,-0.327401302,0.193734698,-0.038637065,0.033235361,-0.178956433,-0.118039299,-0.264413525,0.153402547,0.188667781,0.021738589
"sample_8",-0.337815509,-0.236556902,-0.50124197,-0.023360298,0.131119909,0.268819248,-0.424357972,0.023919071,-0.327129848,-0.128270658,-0.331821402,-0.302413528,-0.302726395,0.093763073,-0.223686588,-0.145659134,-0.363412307,-0.278397119,-0.267835248,0.310420412,-0.262305845,-0.18809324,-0.173458795,-0.405748404,-0.32773255,-0.574086479,-0.508321441,0.36274693,-0.087026365,-0.290773754,-0.469783783,-0.545717094,-0.17995783,0.261643148,0.137160579,-0.495422789,-0.363168562,0.415304023,-0.281151973,-0.33039743,-0.581727534,-0.476076606,0.246119405,-0.321774177,-0.49791161,-0.444838597,-0.20332749,-0.261073778,0.273260265,-0.241416249
"sample_9",0.218158405,-0.371316606,0.303798451,-0.352324208,-0.059871363,-0.192867662,-0.038405632,0.055382501,0.513259964,-0.203345527,-0.136119884,0.291121243,-0.080296391,-0.266258722,0.08787001,-0.006130306,0.251006106,-0.001104302,0.104222011,-0.119725786,0.158664611,-0.015106729,-0.254340802,-0.360387542,-0.386205866,-0.113233494,-0.264133654,-0.329602317,-0.273848641,0.224492219,0.28805719,0.384939101,0.081237986,-0.144597117,-0.173492879,0.338333453,0.062846054,-0.232441043,0.323684755,0.212551387,0.464392023,0.29955823,-0.118329206,0.085013194,-0.374244135,0.446317809,0.166287029,-0.018126689,-0.009206855,-0.04164951
"sample_10",-0.39765951,-0.231534229,-0.503395307,0.038876529,0.058442876,0.140731826,-0.442425066,-0.02154792,-0.355802622,-0.019402388,-0.363138473,-0.419903348,-0.318724226,0.112283983,-0.178248934,-0.215746566,-0.399483591,-0.309189952,-0.261940472,0.302503524,-0.293117265,-0.279920337,-0.232776548,-0.444373227,-0.304747568,-0.631150098,-0.54662043,0.392630502,-0.204442506,-0.370634118,-0.527598656,-0.618206767,-0.282985182,0.282304356,-0.238642734,-0.559986033,-0.401245962,0.300321251,-0.292799923,-0.448595983,-0.586857365,-0.50930587,0.335072319,-0.419118647,-0.504564868,-0.462408431,-0.16254604,-0.296184741,0.038685679,-0.244895974
"sample_11",-0.339498909,-0.20614053,-0.474520834,0.088950578,0.039399803,0.2544994,-0.437643627,-0.034549774,-0.369830332,-0.048329153,-0.368879206,-0.420731063,-0.297483321,0.120444221,-0.128568528,-0.141770013,-0.324467455,-0.380607518,-0.238233221,0.288233548,-0.253679281,-0.239393043,-0.28184861,-0.401361093,-0.361272537,-0.646104883,-0.571068172,0.429422197,-0.184751528,-0.39765267,-0.559766014,-0.621165542,-0.194013037,0.275040758,-0.124368201,-0.560430872,-0.412672583,0.328115257,-0.323244149,-0.441194247,-0.626459417,-0.502390762,0.252136985,-0.471759337,-0.487603194,-0.471999581,-0.24514592,-0.297870618,0.199981356,-0.165788954
"sample_12",0.39938417,0.230875385,-0.108540845,0.106060471,-0.057821408,-0.295655639,0.188231246,-0.03722471,0.393060575,0.00413336,0.283201362,0.438766442,0.350581394,-0.125959212,-0.300394396,-0.238086004,0.28473017,0.233811432,-0.015214117,-0.37135753,0.107080861,0.064755753,0.190412847,0.477047033,0.219759286,0.569518833,0.447399381,-0.405445229,-0.018307773,0.271274936,0.400666868,0.494821144,0.415436231,-0.081869075,0.06212603,0.520417994,0.222306075,-0.175886732,0.124978418,0.360402625,0.249382188,0.504950814,-0.276567459,0.225336646,0.293180359,0.373770387,-0.278765433,0.252937264,-0.010450097,0.061107605
"sample_13",-0.355613745,-0.249838288,-0.549949414,0.043047254,0.041611033,0.084578633,-0.406561186,0.024270866,-0.30797099,-0.001071678,-0.324020657,-0.403015856,-0.31328101,0.132067937,-0.097194274,-0.163273931,-0.387705013,-0.374412328,-0.274504451,0.28063454,-0.25832688,-0.194266845,-0.248256862,-0.421064511,-0.319046292,-0.643797073,-0.561725146,0.38877813,-0.215701623,-0.390623389,-0.534068493,-0.602065133,-0.244423833,0.27133753,0.133673158,-0.569663016,-0.359878736,0.314724076,-0.308524807,-0.370166594,-0.615198419,-0.514477315,0.21795334,-0.494928167,-0.516678044,-0.516181091,-0.272238178,-0.274311661,0.294123428,-0.237157904
"sample_14",0.256874974,0.059846177,-0.105073844,0.249846706,0.165693684,-0.226317134,0.221262846,-0.092256122,0.035354884,0.095198608,0.117704913,0.086818541,0.32841462,0.094194245,-0.00117747,-0.069230867,0.024732232,0.230850743,0.072339867,-0.206896199,0.07929219,0.168603805,0.210351146,0.230585071,0.033811214,0.245293561,0.174686479,-0.241580865,0.018590117,0.281102612,0.210636419,0.381619643,0.356338131,0.104777873,0.395939728,0.202767637,0.198909372,0.29948786,0.037202426,0.275410604,0.014443001,0.404151582,-0.052814865,0.276518121,0.217452124,0.335950005,-0.102277369,0.226658889,0.244483785,0.096531743
"sample_15",-0.396624087,-0.261657394,-0.504865444,-0.050212287,-0.051313809,0.051272915,-0.46061693,0.017790571,-0.430799645,-0.17296407,-0.342035148,-0.426654799,-0.216960061,0.114196683,-0.245593096,-0.252318297,-0.38455324,-0.303102608,-0.309641235,0.14273064,-0.314547732,-0.328882555,-0.325000213,-0.468530343,-0.324640906,-0.65840648,-0.541290408,0.332875248,-0.093324774,-0.37391944,-0.538308024,-0.599395218,-0.307951982,0.201811424,-0.373120927,-0.554846896,-0.496600872,0.281745528,-0.305847025,-0.422294242,-0.580606527,-0.609815122,0.328610667,-0.540749626,-0.561929608,-0.565338076,-0.136296992,-0.357890158,-0.094024573,-0.198870451
"sample_16",-0.354832447,-0.119249224,-0.385740748,-0.091552398,-0.098744677,-0.169258707,-0.406258488,0.09968466,-0.386706307,-0.001607004,-0.194504671,-0.399956987,-0.120214294,0.134625287,-0.319692266,-0.281545304,-0.303758482,-0.152235658,-0.276001525,0.046986435,-0.216416972,-0.316228107,-0.232859587,-0.36661469,-0.170402398,-0.554480001,-0.424933689,0.317662502,0.067668955,-0.311231688,-0.440146524,-0.503649339,-0.386211111,0.022248075,-0.474215232,-0.420202259,-0.464738065,0.394511571,-0.252365179,-0.364144009,-0.411902502,-0.517401816,0.387796843,-0.475813903,-0.498768337,-0.42497722,0.008513493,-0.35526604,-0.336260151,-0.173508124
"sample_17",-0.348671738,-0.180624109,-0.478250188,-0.065342069,0.022846654,0.206810155,-0.445532243,0.038985129,-0.360068866,0.065506866,-0.330690345,-0.383902733,-0.314687186,0.212549628,-0.191194612,-0.147666891,-0.336554034,-0.337592109,-0.218547898,0.189126216,-0.22238445,-0.181402218,-0.244260123,-0.398707403,-0.352002178,-0.638672533,-0.528248738,0.338725409,-0.212937323,-0.314522062,-0.494940587,-0.562027782,-0.0576008,0.296719969,-0.107678482,-0.50933029,-0.414858232,0.298480711,-0.24203859,-0.417581591,-0.582353417,-0.447723989,0.24827302,-0.449499526,-0.533670519,-0.448303761,-0.195535638,-0.251793057,0.045841197,-0.188848988
"sample_18",-0.382718779,0.281966147,-0.529091387,0.301239611,0.123984888,0.09961185,-0.233494687,0.038185258,-0.387766303,0.021017862,-0.053879791,-0.346668533,-0.316115755,0.241006542,-0.230701344,-0.168279489,-0.39236742,-0.216247993,-0.307445671,0.287799914,-0.207145533,0.100197065,0.054317685,0.258869402,0.177510769,-0.213835509,-0.107487894,0.317653023,0.070734709,-0.251561237,-0.352631913,-0.583459554,-0.29466312,0.223416826,-0.322814841,-0.574246465,-0.292299509,0.120443913,-0.374415486,-0.256391301,-0.56485696,-0.263550733,0.125969353,-0.346039589,0.095984973,-0.464329389,-0.309270425,-0.141143513,-0.095168206,-0.177603338
"sample_19",-0.382423923,-0.260815157,-0.488255662,-0.086486502,0.004195702,0.207427661,-0.439844539,0.010142479,-0.418198489,-0.079787133,-0.339050346,-0.376174021,-0.250670058,0.025307161,-0.272862189,-0.242299884,-0.413814712,-0.321834404,-0.242012,0.06087291,-0.308790897,-0.29379557,-0.314038959,-0.448990634,-0.337403561,-0.653300107,-0.528278956,0.388262651,-0.188635513,-0.373995066,-0.517420469,-0.611948807,-0.258000601,0.238435177,-0.24890651,-0.567799016,-0.444035794,0.303175831,-0.302778898,-0.409078365,-0.584227155,-0.545766443,0.311510229,-0.525294054,-0.536586353,-0.472854401,-0.271077338,-0.292493796,0.055319154,-0.208709865
"sample_20",-0.258629147,-0.117430348,-0.451961457,0.145512545,0.141917527,0.340697586,-0.291459664,-0.083505783,-0.1185888,0.012990103,-0.265312745,-0.209351862,-0.275547177,0.216025931,-0.029146878,0.012551353,-0.270152624,-0.343771521,-0.03513681,0.306038038,-0.210881812,-0.004318226,-0.165995695,-0.372787509,-0.213966278,-0.54708972,-0.459521179,0.348111211,-0.187146894,-0.351653428,-0.438012484,-0.541502926,-0.019232979,0.35255621,0.111176511,-0.493401254,-0.276352534,0.218325078,-0.242641883,-0.308037535,-0.568143038,-0.339050306,0.171873349,-0.348958071,-0.405997836,-0.334940556,-0.289479583,-0.047372954,0.25740379,-0.094814807
"sample_21",0.102924925,0.324415033,-0.308980461,0.025351976,0.111557414,-0.038588415,0.095915972,-0.24317885,-0.024468426,0.071769222,0.242950812,-0.100968752,-0.14451956,0.094257321,-0.235989155,-0.230536815,0.004450441,-0.129249211,-0.100009319,0.119402023,-0.118943871,0.000626665,0.169750532,0.317584087,0.085202595,0.421123486,0.290906648,-0.075025983,0.028050829,-0.098202096,-0.036875728,-0.182093566,-0.124131171,0.109808763,0.116144626,-0.0485118,-0.148421027,0.305301721,-0.235826935,0.049910214,-0.143114301,0.055988662,-0.239425996,0.187229553,0.066583929,0.161563294,-0.329275664,0.036819522,0.085057414,0.023868452
"sample_22",-0.341337428,-0.176270586,-0.495628974,-0.024411194,0.06738234,0.214284689,-0.379503845,-0.003679591,-0.366659465,0.010595973,-0.306973784,-0.403374667,-0.311556978,0.243787265,-0.223368512,-0.238447753,-0.332897744,-0.337774643,-0.320310834,0.288253138,-0.284688791,-0.192159226,-0.267886976,-0.350926274,-0.225865964,-0.607522827,-0.489060395,0.411034611,-0.070078109,-0.381758078,-0.516080178,-0.622348246,-0.261248402,0.268567302,0.092770841,-0.553159319,-0.398598194,0.41658292,-0.32131453,-0.368538713,-0.576113836,-0.488960555,0.264662446,-0.421807657,-0.498931198,-0.452615381,-0.194739771,-0.317600975,-0.005791762,-0.255022288
"sample_23",-0.336977943,-0.007332019,-0.483638613,0.292620119,0.116087421,0.409093397,-0.118439099,0.057637067,-0.285528797,0.006854844,-0.146669284,-0.380831772,-0.370026062,0.277335729,-0.117837966,-0.076307093,-0.423348935,-0.332052261,-0.248178844,0.410145836,-0.293657488,0.113597883,-0.03720685,0.191589997,0.298754994,-0.197778308,-0.088652986,0.395873952,0.174675207,-0.359155692,-0.413228202,-0.635981799,-0.36478113,0.331910584,-0.316594202,-0.627059832,-0.116378698,0.306642201,-0.313076232,-0.333461889,-0.572239266,-0.360995628,0.238001334,-0.241497861,0.404564233,-0.481783024,-0.138951549,-0.001489599,0.089113797,-0.099127916
"sample_24",-0.385821426,-0.168709733,-0.445189263,0.093287428,-0.100264635,-0.048787216,-0.442984748,0.027334666,-0.384394238,-0.134512868,-0.301122788,-0.419366464,-0.159453017,0.059820469,-0.371678057,-0.324181305,-0.349276203,-0.185085549,-0.317045632,0.008206795,-0.274247877,-0.34955773,-0.260778974,-0.430234284,-0.312761247,-0.591944182,-0.520977076,0.299201094,-0.008727808,-0.359362215,-0.466793635,-0.550189461,-0.324417316,0.018335183,-0.373575106,-0.522664588,-0.448017033,0.191329014,-0.258363033,-0.399754027,-0.467333293,-0.549058759,0.337101081,-0.542143825,-0.56040914,-0.450902509,-0.154813854,-0.424474133,-0.358975915,-0.197896922
"sample_25",-0.290432572,-0.188883247,-0.473864888,0.020182234,0.071933261,0.110302556,-0.386578344,-0.065637574,-0.388331528,-0.0809812,-0.270496667,-0.364623564,-0.243449855,0.119215469,-0.205559441,-0.10700988,-0.390244441,-0.260540079,-0.264988601,0.1989213,-0.317112789,-0.233079469,-0.242097169,-0.399520105,-0.28139005,-0.645860195,-0.519440669,0.323290918,-0.107257493,-0.348304204,-0.515868337,-0.569264384,-0.252603081,0.245401521,0.041605084,-0.465005372,-0.37572263,0.390975992,-0.426701434,-0.385179811,-0.57914451,-0.406048533,0.271564115,-0.414542017,-0.451584307,-0.459871951,-0.263708568,-0.23208347,0.144697691,-0.267005601
"sample_26",-0.385372558,-0.288234916,-0.482132642,-0.057356326,-0.075917276,-0.006759968,-0.478783508,0.031956469,-0.433616179,-0.124957908,-0.345739514,-0.416267022,-0.200289859,0.071451317,-0.320131626,-0.296804388,-0.376612061,-0.308244801,-0.292441273,0.140154601,-0.282208616,-0.309798404,-0.276871938,-0.454246693,-0.281929933,-0.635029558,-0.529854868,0.342661745,-0.140588691,-0.405493758,-0.507134253,-0.596082289,-0.349539575,0.171287138,-0.307166331,-0.522515351,-0.46053166,0.278532899,-0.28563318,-0.453757986,-0.562095399,-0.582862968,0.316837326,-0.483213663,-0.531496967,-0.532962364,-0.186610707,-0.364232972,-0.040166254,-0.217961107
"sample_27",0.119900859,0.135163264,-0.163036386,0.188231014,0.199785757,0.226400342,-0.043649574,0.088181998,-0.155052435,0.066668278,0.146070393,-0.073586467,-0.322322515,0.130648581,0.087493874,0.007539302,0.037462363,-0.321658146,0.037527903,0.136188248,-0.0120372,0.126897817,0.02714845,0.023396419,-0.104637261,-0.237284137,-0.028592373,0.100765433,0.014612703,-0.235990378,-0.17070709,-0.227700014,-0.197357087,0.208229699,0.084397049,0.072592317,0.154862997,0.166771258,0.05084338,0.16899973,-0.212165447,-0.029244661,0.054482696,0.005813509,-0.015885809,-0.206596694,-0.234934262,0.144291573,-0.06721932,0.027593912
"sample_28",-0.37273362,-0.191705765,-0.4325793,0.037506365,-0.124112509,0.13076177,-0.440075496,0.113433137,-0.437689254,-0.046454071,-0.30695929,-0.414949943,-0.165879824,0.090127438,-0.367534643,-0.328274517,-0.357074386,-0.187344009,-0.325939775,0.157335328,-0.29553233,-0.341710013,-0.334054758,-0.423258394,-0.254786345,-0.595803592,-0.516859412,0.3096135,-0.021631518,-0.337848066,-0.479976827,-0.560271297,-0.412944787,0.070800235,-0.338058532,-0.52234493,-0.484692484,0.299053176,-0.286471482,-0.468815644,-0.459419881,-0.554392388,0.321906143,-0.519909953,-0.551737298,-0.496827401,-0.087024268,-0.363640795,-0.267729662,-0.234770231
"sample_29",-0.364790527,-0.246177792,-0.470404449,0.226251686,0.016686661,0.173159526,-0.40084607,0.024020166,-0.359470944,-0.114689738,-0.325555177,-0.38654455,-0.272617894,0.153241635,-0.153856261,-0.195184643,-0.329977639,-0.325015823,-0.238863661,0.18976948,-0.299407924,-0.252599485,-0.260340103,-0.38708636,-0.340021291,-0.671877007,-0.529781584,0.394527624,-0.19202146,-0.357046951,-0.519566118,-0.60390495,-0.253419236,0.2453095,0.13481149,-0.56958119,-0.37144272,0.312540916,-0.358706382,-0.359450287,-0.577000638,-0.498524115,0.275197143,-0.475198278,-0.477891358,-0.501113295,-0.165118684,-0.297126201,0.308190292,-0.190468933
"sample_30",-0.365154492,-0.290922948,-0.525815477,-0.024359197,0.060286526,0.136177744,-0.434705748,-0.037606474,-0.411511445,-0.098972726,-0.378962434,-0.33152609,-0.362673359,0.124420905,-0.184198327,-0.144423428,-0.405757672,-0.375870862,-0.246007827,0.266532996,-0.308518517,-0.206776806,-0.261147417,-0.446181171,-0.322922932,-0.684744743,-0.589403312,0.38110472,-0.16521433,-0.362932669,-0.535563397,-0.643447273,-0.218558437,0.243778493,-0.08517527,-0.570041405,-0.373610499,0.255962125,-0.379819703,-0.424572981,-0.621121965,-0.458995498,0.191597837,-0.473256169,-0.513603532,-0.48804818,-0.310149468,-0.270237872,0.189717191,-0.234495202
"sample_31",-0.245070822,0.035770645,-0.44088834,-0.213628512,0.175475702,0.3218578,-0.269548578,0.01616979,-0.209832763,0.138861906,0.012245928,-0.321349569,-0.339388781,0.221017331,0.014852929,0.014151265,-0.313060201,-0.322867859,-0.13814994,0.467031103,-0.077103509,-0.031854328,-0.056028846,-0.165896717,-0.077101325,-0.278613689,-0.204579186,0.318505135,0.067182422,-0.308182266,-0.314362005,-0.395917671,-0.19784717,0.237287067,0.052759699,-0.364361195,-0.137163428,0.300925088,-0.232992481,-0.221736365,-0.473971544,-0.297120057,0.111304347,-0.342646643,-0.353614689,-0.306092621,-0.194691951,-0.106771613,0.252711454,-0.005280962
"sample_32",0.099536697,0.371338746,-0.349392446,-0.051589931,0.124030891,-0.019910379,0.096729237,-0.092773614,-0.212040377,0.082114181,0.254938393,0.005255444,-0.209088867,0.019533055,-0.3063285,-0.29775561,-0.175736618,-0.146820259,-0.156470133,0.020312192,-0.067681912,-0.046988728,0.164939484,0.354634801,0.239835348,0.384062634,0.374133008,0.079445882,0.11282323,0.016550351,-0.189613017,-0.199058923,0.003802196,0.194715848,0.147720318,-0.215256061,-0.021176008,0.234174394,-0.031949026,0.104396261,-0.308333097,-0.215537249,-0.091222524,0.12744876,0.194029392,-0.168873613,-0.215914123,-0.010860454,0.151315428,-0.162831882
"sample_33",-0.332443019,-0.27741003,-0.461812624,0.214425166,0.110662242,0.265236032,-0.389081192,0.05292851,-0.179599514,0.128548671,-0.268679602,-0.429020274,-0.399256579,0.260008207,-0.007625308,0.015218429,-0.319108458,-0.388347741,-0.212077745,0.314210468,-0.166672027,-0.068323116,-0.189808339,-0.378760111,-0.299812067,-0.632882673,-0.475765169,0.383265055,-0.027122305,-0.391425633,-0.470105199,-0.59035185,-0.302388898,0.324585624,0.053518956,-0.514612913,-0.368928496,0.400137437,-0.250549867,-0.408890501,-0.591160405,-0.38837205,0.216083368,-0.379813645,-0.378601924,-0.454564206,-0.14680333,-0.281683418,0.06457887,-0.201216967
"sample_34",-0.356053516,-0.139936389,-0.549095822,-0.045481528,0.150691514,0.204830943,-0.366224983,-0.072134467,-0.263034502,-0.102958253,-0.219029626,-0.375769408,-0.308263894,0.217810701,-0.08670045,-0.036922961,-0.450949535,-0.34765757,-0.303138193,0.277501876,-0.263359874,-0.045772834,-0.205339167,-0.215621046,-0.170145705,-0.564174328,-0.455312973,0.381971395,-0.01656699,-0.344799432,-0.444016432,-0.626384534,-0.213105735,0.315436243,0.120916867,-0.586834739,-0.285764195,0.302454711,-0.365913884,-0.324120966,-0.602316644,-0.459155975,0.179643056,-0.254847121,-0.217471807,-0.455680265,-0.226945381,-0.143075222,0.297265209,-0.192160674
"sample_35",0.272915013,0.085895099,-0.198707638,-0.099947166,0.094948817,-0.095659988,0.085768752,0.019118427,0.190074941,0.092059762,0.137027256,0.216839004,0.175069008,-0.007856374,-0.190646337,-0.15865218,0.120742616,0.091228073,0.025438915,-0.291728479,0.053754267,0.001527619,0.094239892,0.245561165,-0.008572214,0.490079558,0.375618823,-0.259365872,-0.03806864,0.234259582,0.160328122,0.298916161,0.165977738,0.052055762,0.250231093,0.25392816,0.23544808,-0.15052298,0.179579382,0.17889217,-0.022098029,0.296308665,-0.144472164,0.28660805,0.011843016,0.274165658,-0.222695012,0.206448575,-0.056143002,0.04366549
"sample_36",-0.361746403,-0.204173313,-0.469948633,-0.072802015,-0.042398984,0.127418155,-0.448483532,-0.047345913,-0.402124641,-0.102387522,-0.323003842,-0.427290659,-0.238949069,0.12755171,-0.315197444,-0.300064477,-0.330799725,-0.329365308,-0.314496439,0.104036237,-0.301841039,-0.300713839,-0.318830673,-0.435361457,-0.317978064,-0.642511584,-0.521862764,0.340304213,-0.137793261,-0.39659134,-0.498818894,-0.605294972,-0.241031966,0.10798883,-0.39227549,-0.560443181,-0.464569687,0.33874073,-0.294621864,-0.445356796,-0.535410321,-0.582585916,0.276511051,-0.508489098,-0.544610942,-0.51036687,-0.20167386,-0.347393326,-0.145754533,-0.239057021
"sample_37",0.179098786,0.210947433,-0.121399837,-0.005846666,0.200265948,-0.144859659,-0.028232561,0.033291679,0.070543417,-0.102026082,0.157895696,0.06059096,0.023078877,0.005544374,-0.189532051,-0.229657332,-0.050983224,-0.037753671,-0.131760557,-0.094401879,0.110722478,-0.023081842,-0.00191426,0.174362484,-0.111269544,0.354204498,0.181648889,0.009174452,-0.123217489,0.104980026,-0.016236191,-0.087273914,0.125792209,0.105515692,0.10333819,-0.076768051,0.013127569,0.267652549,0.032523714,0.070092847,-0.265094107,0.195969211,-0.11669325,-0.004006915,-0.207265004,0.057211542,-0.240571806,0.048755409,-0.11828874,-0.052976079
"sample_38",0.189049636,0.418406339,-0.091915009,0.329096396,0.084296992,-0.185108927,0.212618635,-0.054881279,0.118334892,-0.029453544,0.225913718,0.203254166,0.137185788,-0.11694482,-0.13150051,-0.208490238,-0.055512377,0.144680464,-0.077122715,-0.119547085,0.105565969,0.158263456,0.186428562,0.432558918,0.188615645,0.430621568,0.413875391,-0.33512127,0.016385539,0.220978401,0.213687369,0.366057249,0.106534249,-0.036164777,0.159282208,0.246051537,0.20542434,-0.075669778,0.085029706,0.323342461,0.175656915,0.287690072,-0.278682364,0.321958924,0.345419086,0.225124894,-0.086687447,0.277885302,0.365096423,0.022951559
"sample_39",-0.063505888,0.200984716,-0.304273975,0.036819317,0.162764817,0.016111442,0.080942527,-0.089822086,-0.003608703,0.12696617,0.181419329,-0.210414418,-0.18853115,0.268766603,-0.066851899,-0.036100258,-0.250027163,-0.09006524,-0.10447659,0.129102588,-0.159378797,-0.027219227,0.150997076,0.145096071,0.197683871,0.590625571,0.476258217,0.120107914,0.019773643,-0.112310829,-0.239799984,-0.296747064,-0.045826267,0.276324034,0.260754149,-0.37886476,0.03190133,0.22766186,-0.284898485,-0.068587066,-0.403824362,-0.255096514,-0.013375149,0.134158922,0.223082353,-0.069735291,-0.155887659,0.223727416,0.271863116,0.035114288
"sample_40",-0.270831201,0.064080444,-0.486926124,0.164914256,0.214820206,0.188820138,-0.293231949,0.097615998,-0.25030681,0.084106349,-0.091330433,-0.36930714,-0.297271411,0.176556447,-0.197568649,-0.143105843,-0.325380255,-0.231591129,-0.170335854,0.32383172,-0.193475304,-0.005701926,-0.060200808,-0.207203248,-0.199381633,-0.468985434,-0.384866254,0.273432631,-0.033457928,-0.304539328,-0.385487274,-0.506250413,-0.065872022,0.296290957,-0.06323293,-0.367921974,-0.262015413,0.221444314,-0.235596198,-0.311512044,-0.50036464,-0.435304111,0.299558277,-0.23857201,-0.349320145,-0.447188332,-0.119945169,-0.229978265,-0.035341542,-0.101723241
"sample_41",0.329356092,0.06964398,0.017554789,0.222878003,0.00601018,-0.145321391,0.170292895,-0.129682027,0.19158528,0.085449986,0.137644563,0.177193627,0.15444615,-0.022976951,-0.003994438,-0.022558919,0.213144716,0.211964166,-0.025271456,0.044877557,0.12628357,0.07957808,0.157403723,0.191037369,0.021197762,0.154386804,0.179459845,-0.374921269,-0.034811515,0.383942008,0.216736364,0.292960994,0.245163812,-0.062057888,0.058696956,0.309386191,0.165473323,-0.253423195,0.036271252,0.272654622,0.404694845,0.351619003,-0.146865341,0.374090836,0.127710969,0.328818124,0.092661248,0.239217753,-0.020549014,0.041111076
"sample_42",-0.345815276,-0.230854966,-0.465391094,0.085865909,0.255269341,0.227879506,-0.302619999,-0.030076731,0.002536458,0.085474824,-0.191640038,-0.413271853,-0.406841387,0.327264672,0.061300091,-0.116157252,-0.344028005,-0.400478312,-0.225062173,0.314326181,-0.201941305,0.003382967,-0.022769766,-0.284700748,-0.168968186,-0.44524811,-0.408661018,0.333908163,-0.066921968,-0.309111396,-0.463125052,-0.653318766,-0.373498359,0.428256742,-0.014687748,-0.589736764,-0.198033936,0.19151039,-0.272743243,-0.449319214,-0.616429573,-0.486174756,0.216308929,-0.235230636,-0.279974714,-0.419240628,-0.030943963,-0.157876243,0.031594555,-0.002176407
"sample_43",-0.314124075,-0.020379318,-0.538622904,0.15605524,0.156018493,0.338891115,-0.164040491,0.040522171,-0.286701966,0.127292674,-0.019026731,-0.304748648,-0.388588175,0.336687061,-0.048394951,-0.069807331,-0.376197612,-0.354408025,-0.18812634,0.399830913,-0.19591986,0.012629299,0.01883407,-0.04553096,0.187278023,-0.552755991,-0.416865577,0.366557759,0.138794048,-0.30842263,-0.452868179,-0.580625098,-0.216726198,0.327890721,-0.232172418,-0.564343879,-0.226857325,0.421554237,-0.302186291,-0.283190349,-0.564158322,-0.291382948,0.184497597,-0.239514708,0.285089714,-0.419920025,-0.327385115,0.03627946,0.18616763,-0.056431712
"sample_44",-0.329986324,-0.284701025,-0.535102016,0.001732467,0.026429551,0.170657477,-0.418900599,0.01639963,-0.333397201,0.066375065,-0.318774643,-0.390041401,-0.283573803,0.086449218,-0.164681614,-0.215246533,-0.381698029,-0.364425887,-0.272012035,0.136467783,-0.210906451,-0.255457791,-0.240559001,-0.41696608,-0.327713274,-0.661212445,-0.571631965,0.398222602,-0.16634994,-0.368922955,-0.514507232,-0.633882806,-0.192488252,0.23780313,-0.072711307,-0.582378216,-0.410022928,0.223994868,-0.331530048,-0.447314764,-0.610562938,-0.536374117,0.280399732,-0.518108029,-0.544096419,-0.515639938,-0.274459602,-0.283695515,0.11459481,-0.103125775
"sample_45",-0.323597279,-0.361919616,-0.426532205,-0.148591149,0.162909751,0.104901939,-0.236811286,-0.032732032,0.080124998,-0.031937356,-0.33085968,-0.312491333,-0.291307745,0.184104465,-0.031305063,-0.196031718,-0.321611482,-0.352987552,-0.178246196,0.22119695,-0.108151236,-0.163233958,-0.164834054,-0.28207568,-0.280839359,-0.506120546,-0.443112456,0.182590843,-0.129998169,-0.241813173,-0.407622162,-0.513280695,-0.318068491,0.231568976,-0.15288232,-0.45366814,-0.211257766,-0.00653341,-0.219380313,-0.390785824,-0.530878318,-0.437639032,0.206489262,-0.324507973,-0.374579389,-0.388090999,0.017106884,-0.147608367,0.039421587,-0.172911403
"sample_46",-0.355956666,0.338257839,-0.499198027,0.102066054,0.133459284,0.213341781,0.003633836,-0.018793089,-0.211771218,0.022511719,0.088319846,-0.36290283,-0.412523907,0.3195527,-0.190396433,-0.170812714,-0.375443171,-0.297908293,-0.290763478,0.452433163,-0.277172185,0.124672047,0.108632532,0.326569616,0.440891093,0.060625499,0.241995206,0.377580923,0.196222033,-0.256828253,-0.301143513,-0.623916609,-0.345476961,0.322378701,-0.137813593,-0.607894448,-0.066678855,0.319215248,-0.392970901,-0.165176448,-0.545121937,-0.291237863,0.132716928,-0.268792366,0.524784076,-0.380801969,-0.228757189,0.011576709,0.183774432,-0.189156746
"sample_47",0.369821707,0.213144746,-0.134092274,0.318555785,0.124665748,-0.228943416,0.235926087,-0.153611119,0.114053739,0.12427213,0.248751072,0.252990973,0.389698314,0.033053559,-0.13797306,-0.100701567,0.224007601,0.345168892,0.083984757,0.240109143,0.123409022,0.058145856,0.248825743,0.374654205,0.110086774,0.375451093,0.294088249,-0.304364298,0.018964059,0.36483594,0.29314688,0.34733382,0.391051558,-0.021947996,-0.003225569,0.322223425,0.101327683,-0.303445851,-0.004772503,0.230289837,0.240539346,0.280160091,-0.153038392,0.301455495,0.183017804,0.29156441,-0.058963429,0.193527882,-0.124398618,0.091932777
"sample_48",-0.326700161,-0.142359213,-0.359654086,-0.071721449,-0.247486324,-0.039247157,-0.459364389,0.057205753,-0.448017529,-0.099963051,-0.336802695,-0.387607902,0.079647738,0.007143297,-0.367336348,-0.321937302,-0.328786315,-0.096717792,-0.279898752,-0.004481913,-0.283670141,-0.372632855,-0.280980604,-0.407190575,-0.174347101,-0.537350375,-0.448621607,0.17824855,0.104548804,-0.228610179,-0.396029386,-0.449155622,-0.384629421,-0.13706224,-0.410883768,-0.439061333,-0.477843388,0.325904899,-0.265900686,-0.330724837,-0.321438876,-0.604400599,0.338919319,-0.469154334,-0.516500973,-0.450870477,0.028227412,-0.410043645,-0.327452195,-0.274705871
"sample_49",0.135936362,0.368503737,-0.121518453,-0.005624546,-0.028714333,-0.252950466,0.019161423,-0.061708795,-0.147175245,-0.002731831,0.196114971,-0.093228558,0.174888476,-0.015729647,-0.37648703,-0.338841694,0.018361914,0.195854036,-0.16575538,-0.173356905,0.009061441,-0.10729081,0.160316261,0.257269522,0.037805663,0.047988633,0.161090272,-0.307233045,0.009824191,0.209163963,-0.025686198,0.242510914,-0.110332353,-0.152444248,-0.066876114,0.087632053,-0.190440159,-0.025043641,-0.024442525,0.142039438,0.283075603,-0.13968842,-0.046214824,0.154661883,-0.22119424,0.020706571,-0.029253259,-0.146587723,-0.252558625,-0.048065226
"sample_50",-0.359573489,-0.282401716,-0.518046447,-0.073090192,-0.036669014,0.128141962,-0.457199832,-0.016328287,-0.364202554,-0.144821802,-0.393611797,-0.377305538,-0.259374242,0.06473744,-0.190927721,-0.233809193,-0.369397683,-0.314322451,-0.293741563,0.257119171,-0.338962682,-0.27972391,-0.328873232,-0.448432354,-0.334907743,-0.667059417,-0.575921036,0.358975621,-0.211380515,-0.365197878,-0.544135018,-0.615870925,-0.266144546,0.25501712,-0.219475678,-0.556572393,-0.433247213,0.34797519,-0.348613519,-0.443093355,-0.613614749,-0.546198842,0.270055627,-0.460245622,-0.532476263,-0.506683026,-0.277158553,-0.283803177,0.10286644,-0.262481183
"sample_51",-0.194179648,0.170548025,-0.454422578,0.007009371,-0.031036675,-0.12592738,-0.335621225,0.177157545,-0.386142663,0.128258052,0.103616661,-0.302317485,-0.242869417,0.145140563,-0.372601786,-0.333342205,-0.189261368,-0.127872643,-0.297441533,0.200755102,-0.142907237,-0.169497546,-0.090860483,-0.069576981,-0.118022494,-0.32935443,-0.137092285,0.10001166,0.122040735,-0.230395099,-0.332734492,-0.377358443,-0.316402233,0.112296956,-0.363195968,-0.307655393,-0.370767983,0.07881805,-0.109017955,-0.203543984,-0.366657523,-0.270870393,0.24162485,-0.462509559,-0.368395304,-0.395760027,-0.163956658,-0.279470251,-0.361253212,-0.008364506
"sample_52",-0.402146522,0.074323843,-0.351044996,0.021495368,-0.107658685,-0.111093082,-0.357995231,0.123470372,-0.458469298,-0.059101857,-0.256865087,-0.403612046,-0.062812845,0.169132528,-0.295136102,-0.331339338,-0.345511202,-0.104666238,-0.2992422,0.118276335,-0.237993092,-0.266591655,-0.242884615,-0.250200032,0.050935089,-0.504093736,-0.392186073,0.265967682,0.193376494,-0.274934765,-0.348868718,-0.540246851,-0.411446082,-0.009085974,-0.405945635,-0.531586222,-0.456235527,0.265703332,-0.287002524,-0.349203486,-0.357919737,-0.597442671,0.29102006,-0.471657024,-0.358653018,-0.465499072,0.094032689,-0.354199029,-0.369541554,-0.210378964
"sample_53",0.260362576,0.146953468,-0.031835533,-0.056298161,-0.108712956,-0.347222424,0.119480964,-0.144183657,0.201055945,-0.033799906,0.154271283,0.28455113,0.437229903,-0.148053616,-0.288902876,-0.229297746,0.122764687,0.332188912,-0.014945262,-0.186866561,0.069933449,0.055686713,0.174219096,0.264627941,0.012241077,0.496042818,0.390100387,-0.447550209,0.006227545,0.344196353,0.285901159,0.466125712,0.281166226,-0.224648297,0.116212215,0.392413421,0.081342688,-0.294393689,0.229839103,0.258743147,0.363010461,0.176960838,-0.257248657,0.251039584,0.124427449,0.326117467,-0.109605503,0.148459294,-0.109752585,0.007625652
"sample_54",0.111990848,0.507626872,0.0570313,-0.080302577,0.050533352,-0.036326269,0.299064855,-0.075216038,0.16675448,0.052594286,0.377580053,0.1011977,-0.187610442,-0.114783827,-0.170109165,-0.171159063,0.011097046,0.032050128,-0.103335785,-0.031273407,0.102407138,0.260601771,0.294540607,0.510553347,0.530708452,0.605449842,0.617122308,-0.223041591,0.210882008,0.045806076,0.282401251,-0.031683259,-0.261131447,-0.042942208,-0.039172218,0.050150605,0.181971083,-0.251425082,-0.009675559,0.360738201,0.165788628,0.251884403,-0.110943893,0.227782002,0.577886139,0.14813124,-0.110384901,0.240800672,-0.141486919,-0.036812474
"sample_55",0.287721761,0.370983284,-0.072667619,0.004821998,-0.009080537,-0.26512361,0.200298489,-0.058625696,0.181317581,0.071630257,0.31335437,0.295838359,0.16325764,-0.059149259,-0.267179586,-0.227322673,0.185117037,0.172288385,-0.095063294,-0.040762524,0.039568719,0.128721008,0.288583204,0.445935337,0.292202434,0.531812085,0.452810713,-0.343317242,0.115832405,0.237680192,0.263499077,0.314529205,0.148036285,-0.115725924,0.14960806,0.325670492,0.121133786,-0.252530957,0.155591744,0.302160197,0.331950919,0.157633293,-0.315870656,0.214151973,0.367254291,0.287673019,-0.066299726,0.174835915,-0.078105532,0.007380583
"sample_56",0.037357759,0.505075661,0.03112193,0.291715196,-0.01362988,0.045464659,0.386491244,-0.004768706,0.239098539,0.04257989,0.396867603,-0.07363576,-0.272989328,0.017547049,-0.143150533,-0.168089257,-0.139690875,-0.062863289,-0.097365039,0.188392775,0.126615493,0.304801364,0.298346122,0.586655099,0.587315518,0.789834698,0.693128516,-0.145660261,0.200711613,0.091994509,0.169160241,-0.162025037,-0.312312279,0.03643577,0.161195326,-0.206386761,0.260408241,-0.220077196,-0.223406073,0.347560475,0.118737467,0.093329776,-0.143691133,0.202537617,0.670418258,0.037765573,-0.086950333,0.243373066,-0.018770963,-0.064882068
"sample_57",0.192619798,0.160063044,-0.022452741,0.086178349,-0.117921495,-0.334440544,0.122444458,-0.014091419,0.047618302,-0.09098776,0.329054038,0.228904697,0.385768458,-0.124820568,-0.388578467,-0.227973468,0.18557614,0.374977765,-0.063136362,-0.287474812,0.076569857,0.032904336,0.176305171,0.328443926,0.20112609,0.485682239,0.385090168,-0.287098922,0.028595512,0.371049809,0.309755099,0.384599987,0.330025984,-0.170034309,0.105783147,0.296718142,0.063883846,-0.067767434,0.129946559,0.294143285,0.284824647,0.256763426,-0.125609269,0.318039303,0.139503715,0.32861029,-0.142185907,0.067788676,-0.084198674,0.021405603
"sample_58",-0.367564966,-0.235992581,-0.498678827,0.033819708,-0.03658736,0.168272215,-0.419711881,-0.062395115,-0.379200186,-0.025621881,-0.369680831,-0.404541589,-0.283159561,0.123972985,-0.158258377,-0.227134085,-0.35499742,-0.349416473,-0.286020996,0.217757979,-0.27481951,-0.266640004,-0.302463207,-0.392047473,-0.331996752,-0.673666405,-0.566144641,0.372518326,-0.145258185,-0.417052451,-0.526233991,-0.595962835,-0.267727952,0.229610956,-0.183779417,-0.560159525,-0.411305151,0.271588052,-0.334367933,-0.442079358,-0.603034572,-0.608283033,0.260027574,-0.510197685,-0.540015823,-0.478469709,-0.316541963,-0.284496555,0.201751489,-0.254657766
"sample_59",-0.280031709,-0.139647572,-0.419359427,0.028985069,-0.045797982,0.105605958,-0.407202447,0.153669181,-0.355425773,0.040441093,-0.251420768,-0.429530643,-0.196179537,0.14795026,-0.224861356,-0.211627853,-0.349195085,-0.241190647,-0.282526011,0.253287611,-0.266221117,-0.330427704,-0.283699438,-0.464908907,-0.290342009,-0.582893915,-0.486581453,0.327710702,-0.085068325,-0.256324799,-0.458073083,-0.560239196,-0.301848321,0.166473986,-0.081775176,-0.518622643,-0.443689216,0.261441384,-0.226096425,-0.372809412,-0.465780326,-0.549923678,0.318174062,-0.501754385,-0.521906955,-0.439861685,-0.093708564,-0.343751362,0.060765382,-0.265612851
"sample_60",0.108812851,0.293354048,-0.223681236,-0.043471892,0.094063824,-0.009070641,0.177639181,-0.101012521,0.042195113,-0.037424857,0.245496784,0.104023946,-0.110381934,-0.014428377,-0.22117021,-0.227279224,-0.02716942,-0.042024051,-0.132984242,-0.093018473,-0.100089897,0.041092903,0.097479908,0.361479439,0.263182823,0.32142109,0.304587551,-0.109502639,0.030206543,0.152552771,-0.071718372,0.032721769,-0.058668058,0.144403905,0.204724191,-0.044566237,0.037325442,0.004386713,0.030058613,0.271925576,0.133771735,0.006098112,-0.271407148,0.279749526,0.294222706,0.107176609,-0.078894409,0.120599448,-0.161081836,-0.059234353
"sample_61",0.326568024,0.18241553,-0.05949926,0.042662075,-0.106731317,-0.423272337,0.14843701,-0.083027784,0.257197142,-0.001262871,0.279941263,0.354452565,0.45355022,-0.122810475,-0.314802623,-0.247632491,0.291466618,0.370887003,0.024458555,-0.335594354,0.241032929,0.016753881,0.235962271,0.393688869,0.160568849,0.529256572,0.396682323,-0.460496155,-0.047585267,0.388366772,0.446017936,0.54340847,0.391213872,-0.211177249,0.018790682,0.476742324,0.16649204,-0.309756687,0.183457079,0.284038493,0.461880773,0.471005033,-0.196084808,0.351253307,0.119368331,0.458801289,-0.066556484,0.197687606,-0.143922463,0.166179011
"sample_62",-0.407783886,-0.223334334,-0.44821853,0.122096939,-0.003157661,0.022961303,-0.436087152,0.11661373,-0.425231927,0.01499561,-0.209683211,-0.418565735,-0.322618286,0.180562888,-0.300863147,-0.302114262,-0.350643891,-0.329150152,-0.336573289,0.251798945,-0.23621711,-0.290481587,-0.28468623,-0.328911252,-0.140491175,-0.60212189,-0.496676646,0.363540907,-0.005374209,-0.372153351,-0.499255363,-0.61651984,-0.317692485,0.118047074,-0.321677687,-0.553678849,-0.458436706,0.333252715,-0.277737765,-0.471160847,-0.518641425,-0.584047095,0.257763231,-0.524617515,-0.509825524,-0.519275435,-0.072870236,-0.363894764,-0.158730025,-0.183148429
"sample_63",-0.318575769,-0.071063925,-0.515292335,0.223381638,0.159583735,0.00385471,-0.408065574,0.074838396,-0.145269661,0.091744893,-0.196559461,-0.3404154,-0.340687749,0.219108676,-0.117283457,-0.196205211,-0.278857335,-0.359493383,-0.173491204,0.377735315,-0.145332436,-0.040408982,-0.115638749,-0.264434352,-0.139791019,-0.550582171,-0.440485525,0.36105233,-0.085004222,-0.287759534,-0.398540201,-0.545993099,-0.214715678,0.29016982,-0.14866772,-0.50683169,-0.376166323,0.433437517,-0.240126407,-0.372626599,-0.510737336,-0.337228411,0.157387038,-0.381986489,-0.37031488,-0.465817973,-0.229760296,-0.215669962,0.046041415,-0.066869971
"sample_64",-0.000228944,0.078031766,-0.157640328,0.356354025,0.0030337,-0.252981809,-0.040152386,0.110450218,-0.08608996,0.197558071,0.156142255,-0.283248758,0.079573345,0.258195594,-0.320707807,-0.295629833,0.047092563,-0.012305311,-0.133043721,0.078980847,-0.130239474,-0.295517067,-0.041979849,0.036352703,-0.041681163,0.268697551,0.117996908,-0.084400212,0.122058043,0.032291141,-0.028895022,-0.000890259,-0.251208285,-0.161860632,-0.420884973,0.110513666,-0.281491798,0.120610924,-0.025668384,-0.143342596,0.215651255,-0.173531066,0.275230884,-0.058848447,-0.301554181,-0.086245629,0.013064991,-0.098200034,-0.102611595,-0.066010167
"sample_65",-0.408865992,-0.131538717,-0.509505125,0.040871101,-0.115351018,0.162591941,-0.433946609,0.03434498,-0.396385409,-0.079866621,-0.237525876,-0.39465484,-0.229337611,0.114426615,-0.229532617,-0.246460635,-0.432432503,-0.276466263,-0.304739952,0.130175347,-0.094297524,-0.179989498,-0.284755026,-0.332984158,-0.068717538,-0.635955912,-0.498460388,0.346543616,-0.033323315,-0.296496734,-0.482461789,-0.598853814,-0.345467286,0.135553873,-0.503115204,-0.560247604,-0.428658815,0.466656713,-0.365577908,-0.376497146,-0.564860284,-0.529128263,0.345173029,-0.431420293,-0.361900522,-0.505265329,-0.244341743,-0.317398797,-0.045360389,-0.18519209
"sample_66",0.15996719,0.100837138,-0.202888406,-0.075219306,0.047633449,-0.23919276,-0.05632359,-0.048145795,-0.05777245,-0.026154228,0.071068628,0.094907764,-0.01692121,-0.104983811,-0.331034441,-0.299899047,-0.024270936,-0.119867281,-0.145562042,0.007667266,-0.112049162,-0.095236066,0.037281487,0.10492657,0.001794277,0.075318985,0.043927253,-0.200790864,-0.03931824,0.053787392,-0.09384814,-0.021467257,0.101482602,-0.040605193,0.210550759,-0.075347045,-0.046288953,0.001290336,0.073753179,0.050138178,0.188757643,-0.046820264,-0.154585148,0.130308777,-0.124101303,0.060483617,-0.273772998,-0.1595608,-0.014380844,-0.05368179
"sample_67",0.334345417,0.264539955,0.122556231,0.516243415,0.131480317,-0.180347602,0.265399245,-0.047346195,0.255223277,0.258657154,0.324159178,0.233248761,0.242971067,0.20709778,-0.136872824,-0.090537527,0.20987648,0.214387513,0.122543266,0.144161577,0.21144066,0.140017345,0.265015488,0.317993288,0.251396153,0.09914445,0.09148122,-0.181725949,0.123381778,0.191212586,0.414238505,0.40949467,0.241024432,0.109023498,0.011555589,0.379296075,0.147289761,-0.136020125,0.143470253,0.222009887,0.351334172,0.349177549,-0.123510416,0.27829249,0.046958965,0.350245664,0.042583675,0.098060624,0.040403768,0.164467571
"sample_68",0.049250562,-0.043890035,-0.225743626,0.18284779,0.185774524,-0.124450865,-0.079795041,0.211345182,0.191220074,0.241146858,0.087051966,-0.123342301,0.006084408,0.18257856,-0.023922747,-0.020200153,-0.053919945,0.05378759,-0.206110924,-0.13145127,-0.097358489,-0.021827329,0.119139536,-0.025813298,-0.043568361,-0.219826461,-0.128008813,-0.025985926,0.140149764,0.064826357,-0.029056522,-0.148865317,-0.001047089,0.080634306,0.282221428,-0.061716742,-0.146606184,0.070821014,0.153576657,-0.082492586,0.015764141,-0.066499936,0.051691465,0.081356422,-0.117131368,-0.008957475,-0.072631843,0.067445602,0.116765034,0.001235446
"sample_69",0.26090706,0.395278222,-0.228777371,-0.104636195,-0.029359039,-0.202987964,0.094050732,-0.113782287,-0.097009792,-0.077905689,0.265189709,0.204053081,0.29643315,-0.135818318,-0.329819478,-0.337847257,0.056038924,0.246306425,-0.18966459,-0.153043665,-0.024833812,-0.065515516,0.154940539,0.300931819,0.073452983,0.440606585,0.397348212,-0.342100928,0.037989747,0.27049234,0.096558908,0.313144377,0.201616382,-0.015185128,0.171939738,0.261215683,-0.021713732,-0.257899284,0.087209331,0.318831153,0.22296209,0.071542054,-0.154184215,0.090438643,-0.095079633,0.300622738,-0.205406146,0.110882093,-0.111485879,-0.018688787
"sample_70",-0.188464532,-0.172168571,-0.469691797,-0.062654662,0.06528742,-0.018505708,-0.369424855,0.108224511,-0.309534163,0.063325245,-0.290224719,-0.318714264,-0.220424565,0.195101211,-0.193862149,-0.092713134,-0.299348105,-0.262035461,-0.206483159,0.003588779,-0.197546128,-0.204004856,-0.153584341,-0.387839034,-0.3699028,-0.590160854,-0.523927899,0.310394574,-0.082130832,-0.34969061,-0.432586556,-0.470667717,-0.107448678,0.23214866,-0.265238475,-0.448356854,-0.40590224,0.495168133,-0.2611396,-0.39559673,-0.490978371,-0.425597315,0.178337704,-0.423157768,-0.500108919,-0.436306075,-0.192386303,-0.298785786,0.289112153,-0.110107889
"sample_71",-0.373764931,-0.291187986,-0.50242356,0.063848962,0.026003667,0.169416187,-0.453687848,-0.020532539,-0.383446019,-0.077631793,-0.350870754,-0.408696981,-0.315005506,0.090956706,-0.232630739,-0.233356325,-0.355371376,-0.393591732,-0.290246024,0.154034071,-0.341021655,-0.269937167,-0.288529009,-0.438327721,-0.318485465,-0.644312953,-0.547712316,0.394512656,-0.180373351,-0.406673424,-0.53151123,-0.60959895,-0.231116655,0.272960802,-0.316038735,-0.57951787,-0.438278768,0.251305501,-0.290711056,-0.467167812,-0.627883965,-0.52347862,0.209942527,-0.507275197,-0.555628649,-0.504530129,-0.28642904,-0.293133197,0.097360144,-0.204887573
"sample_72",0.146549001,0.179227976,-0.283089924,-0.173255504,-0.056013795,-0.381441415,-0.019105403,-0.101664203,0.002160139,-0.043896903,0.186994513,0.213679507,0.012264435,-0.162038493,-0.36357023,-0.37017912,0.090183158,-0.016284839,-0.231001957,-0.362616505,0.023198626,-0.151833008,-0.012381573,0.200546559,-0.084299988,0.307149415,0.153503936,-0.317694412,-0.078627715,0.247394935,-0.11990279,0.197249325,0.107027535,-0.121814662,0.024642899,0.144000937,-0.036981712,-0.064366404,-0.060830082,0.056139499,0.147809334,0.175738981,-0.316171943,0.18925494,-0.062544692,0.040331361,-0.138292214,-0.049671963,-0.034911895,-0.039049315
"sample_73",0.336632709,-0.127804536,-0.01521932,-0.050800016,0.004947212,-0.17400375,0.019140688,0.0067943,0.228613101,-0.085212394,0.057531196,0.256048907,0.240414351,-0.16765872,-0.058938103,-0.037217809,0.234677327,0.249918617,0.063905224,-0.035006453,0.230443944,-0.088537347,-0.053047426,-0.12684783,-0.261756782,-0.050154555,-0.104913223,-0.37565922,-0.12556937,0.285530101,0.263812606,0.390074413,0.151191417,-0.103345194,0.184203872,0.361559039,0.107882852,-0.414737722,0.172594841,0.347489798,0.323439509,0.343101954,-0.170570426,0.39647641,-0.173650698,0.321636942,0.018465395,0.147534507,-0.141582176,0.083863671
"sample_74",-0.350809184,-0.175171337,-0.530644388,0.125525512,0.134789703,0.223180792,-0.423080529,-0.007589695,-0.349908976,-0.039861313,-0.301346762,-0.375553785,-0.319291052,0.178099936,-0.147741406,-0.151848032,-0.386116318,-0.343515768,-0.243342947,0.285854765,-0.269915493,-0.20833308,-0.213601625,-0.375735744,-0.277305056,-0.592375431,-0.515595689,0.377917521,-0.133446944,-0.332730272,-0.509974132,-0.628512739,-0.22072539,0.321356945,-0.085957397,-0.555501321,-0.366231247,0.386949659,-0.333814685,-0.392271162,-0.617829924,-0.486448191,0.145573189,-0.323836897,-0.499530252,-0.461788544,-0.304254043,-0.266781885,0.240872917,-0.150896098
"sample_75",0.043992255,0.192481428,-0.095881774,0.287093165,0.30271271,0.167453392,0.146703879,-0.197258952,0.082347509,0.12610982,0.278371021,-0.108435131,-0.218175591,0.083884453,0.017810367,-0.019013989,-0.213395911,-0.157748191,-0.062846419,-0.109821753,-0.055327464,0.010735965,0.185059771,0.192284499,0.181249072,0.460511921,0.394646989,0.083625698,0.059711718,0.176962278,-0.244178341,-0.273316218,-0.193366145,0.144211222,0.097714412,-0.299064728,0.222984972,-0.193424363,-0.203202981,0.040398818,-0.143145806,0.098971543,-0.189726437,0.24141895,0.399001655,-0.053650985,-0.055023897,0.028079521,-0.038791145,-0.032133903
"sample_76",-0.320865769,0.36558793,-0.472708403,0.087629188,0.077545436,0.175050762,0.003287025,-0.003466883,-0.275591249,0.065336481,0.153713106,-0.405413582,-0.350728552,0.227533589,-0.273176793,-0.228020817,-0.38455859,-0.253285316,-0.298576407,0.411729585,-0.188832715,0.084633178,0.09070183,0.42969368,0.378344361,0.132721229,0.214928026,0.272818157,0.209204845,-0.199726008,-0.247492734,-0.597985692,-0.321332123,0.290153817,-0.261360025,-0.53714828,-0.096257656,0.276033856,-0.379583686,-0.108103779,-0.504070503,-0.320886438,0.170397513,-0.12116943,0.426246266,-0.470894448,-0.201223204,0.045064404,0.006855933,-0.183475089
"sample_77",0.136836577,0.011671,-0.377810174,0.004582852,0.154226521,0.124486067,-0.057819214,-0.066393254,0.055885005,0.085736507,0.155763138,-0.058498784,-0.209877072,0.139237131,-0.204364848,-0.189865567,-0.108273217,-0.221497592,-0.212313813,-0.004078393,-0.128839075,-0.067420253,-0.0090466,-0.0245214,-0.12905832,0.201291132,0.114807873,0.063915632,-0.031658906,-0.076016075,-0.163242468,-0.255059398,0.024111845,0.343087167,0.182996905,-0.135574614,-0.002364815,0.408102694,-0.155734826,0.027337608,-0.37320863,-0.001364158,-0.030063365,0.096131752,-0.19214084,-0.134673738,-0.254263525,0.083277379,-0.061745553,-0.020371433
"sample_78",0.363856355,0.516761711,0.109058045,-0.068081619,-0.068915608,-0.324002242,0.4314175,-0.062644268,0.372015633,-0.043984272,0.327201482,0.421175825,0.139292314,-0.15242491,-0.193174666,-0.198085379,0.283410314,0.072751281,-0.061484825,-0.307703363,0.214220518,0.190042864,0.296712061,0.380335508,0.235151591,0.526775934,0.508250372,-0.388324818,0.053643345,0.125929781,0.428196447,0.535815191,0.332700117,-0.206974135,0.02880094,0.536955416,0.320641134,0.054463318,0.214266686,0.325735868,0.354357015,0.512146541,-0.337279985,0.245917084,0.399289602,0.435770452,-0.12484594,0.339597984,-0.010489946,0.032744654
"sample_79",-0.356700851,-0.276709275,-0.451397458,0.061333327,-0.009379586,0.023265062,-0.430332984,-0.047945178,-0.411416055,-0.065723254,-0.338067784,-0.426614321,-0.207356467,0.066658453,-0.305831586,-0.256922847,-0.393983129,-0.276877151,-0.293337642,-0.002958458,-0.286827853,-0.309667835,-0.274774051,-0.327940702,-0.299302667,-0.459765497,-0.446930724,0.345292768,-0.113168493,-0.326240778,-0.522774809,-0.601005218,-0.323642091,0.202873897,-0.317714049,-0.553320165,-0.491907581,0.362523714,-0.335310252,-0.43370591,-0.579866205,-0.618122045,0.264271179,-0.454929355,-0.484625613,-0.501297244,-0.149921772,-0.344312785,0.01617378,-0.238103451
"sample_80",-0.335492216,-0.229255324,-0.47482258,0.009108171,0.065869312,0.240005769,-0.37653442,-0.007083816,-0.319174423,-0.054795071,-0.305487402,-0.37028463,-0.297444177,0.150812088,-0.205150764,-0.104108829,-0.414013485,-0.327570166,-0.259770793,0.242619162,-0.28651788,-0.141685626,-0.168932951,-0.332859232,-0.175106078,-0.615791635,-0.484650417,0.343346257,-0.121657609,-0.364673811,-0.470252848,-0.596628626,-0.250473477,0.298716256,-0.109412448,-0.5434024,-0.336989483,0.384616225,-0.399883361,-0.373144267,-0.602239794,-0.446579717,0.171391564,-0.297930461,-0.321800711,-0.48115691,-0.326776109,-0.173481099,0.195837178,-0.163868302
"sample_81",-0.273885632,0.219451775,-0.502157171,0.068840845,0.152074054,0.255828295,-0.211093265,0.068266669,-0.194087515,0.125383111,0.031597442,-0.26240746,-0.313843824,0.220883667,-0.203610203,-0.230643222,-0.274701661,-0.326511487,-0.255341682,0.440558175,-0.140266626,-0.031225899,0.02177128,0.02685887,-0.059996132,0.188544901,0.114302324,0.252259501,0.19855211,-0.33165109,-0.415175893,-0.451852983,-0.217976405,0.249870831,-0.375695886,-0.399409171,-0.2374054,0.387709494,-0.301041601,-0.145840633,-0.488584187,-0.239093219,0.095702163,-0.232564306,-0.233076237,-0.337576544,-0.301714844,-0.038537377,0.094061296,-0.071506739
"sample_82",-0.293703796,0.22410766,-0.17747414,0.131305419,0.185159052,0.194997126,0.17652318,0.069611072,0.194505886,0.097896313,0.145416162,-0.300858746,-0.362703392,0.314110124,0.009942749,0.01123372,-0.273164366,-0.27383495,-0.203499003,0.313144951,-0.173863625,0.107737053,0.242128645,0.438547229,0.482627119,0.682939826,0.580649354,0.232623996,0.195183401,-0.103378502,-0.194341798,-0.47381839,-0.263720393,0.317197565,-0.149817817,-0.427239248,0.071117751,0.111252587,-0.024226371,0.082254786,-0.355309408,-0.240351685,0.100427481,-0.166994452,0.500306255,-0.283232158,-0.209561196,0.06689624,-0.14881576,-0.040910414
"sample_83",0.13687785,0.348414346,-0.150378981,0.161790749,0.18968719,0.233205307,0.102740672,0.105260867,0.24027669,0.151440888,0.253241515,0.000771898,0.03660758,0.106427402,-0.108856853,-0.121076605,-0.078997956,0.026853552,-0.036261751,0.221025821,-0.016851274,0.132153465,0.190283726,0.356970603,0.209314008,0.270069897,0.240637458,-0.107320205,0.134540106,0.103810293,-0.052629069,-0.084126819,0.232175061,0.170141645,0.02237852,-0.168934908,0.115169494,-0.088674565,0.026560549,0.222925996,-0.201249214,0.108050033,-0.232636454,0.081833478,0.26106205,0.109451351,-0.20563497,0.076287411,-0.016311181,0.044910843
"sample_84",-0.008293991,0.225869841,-0.325478506,0.045302481,0.192109068,0.040452929,0.202322776,-0.138138984,0.033594939,0.081669154,0.135312468,-0.135535013,-0.322879525,0.158331268,-0.03020863,-0.061088068,-0.243390548,-0.257948132,-0.121440826,0.23222109,-0.167658824,0.094929124,0.203116373,0.252466739,0.267702621,0.639199295,0.513193206,0.041396541,0.067657613,-0.093003884,-0.23451561,-0.296211797,-0.06139659,0.209101662,0.150741914,-0.390884005,0.126098924,0.125184041,-0.191337808,-0.0241964,-0.417044575,-0.047382856,-0.168519902,0.10070455,0.396196587,-0.039593447,-0.155150841,0.1597704,0.094986365,-0.07734349
"sample_85",-0.376030822,-0.005961042,-0.50563237,0.024265203,0.086890133,0.149434794,-0.40425286,-0.022111916,-0.329572885,-0.069424437,-0.233098316,-0.35554458,-0.228136035,0.168497038,-0.279921385,-0.188533723,-0.4279389,-0.269913759,-0.236318301,0.193360584,-0.329262298,-0.188472446,-0.176987499,-0.291316111,-0.147268508,-0.272189934,-0.270097812,0.424667075,-0.007566744,-0.333658681,-0.502750018,-0.612016017,-0.205088156,0.278197215,-0.332786099,-0.55776863,-0.388999394,0.375488334,-0.377610062,-0.361827996,-0.581029759,-0.497039195,0.251686796,-0.470530251,-0.414183967,-0.449537879,-0.312522464,-0.208716479,0.001357628,-0.276651464
"sample_86",-0.396889841,-0.241142701,-0.484529652,-0.048757925,-0.004807226,0.162560652,-0.419577634,0.014879067,-0.433450488,-0.160686261,-0.373222441,-0.415496621,-0.268386952,0.124575072,-0.252568399,-0.270340853,-0.411594626,-0.347035447,-0.249658332,0.182076447,-0.300958668,-0.277786857,-0.297194268,-0.415604163,-0.282000864,-0.661687174,-0.550056014,0.381579104,-0.183040367,-0.37875858,-0.501068234,-0.619439271,-0.318833454,0.255522284,0.064406328,-0.57232436,-0.432387302,0.381132138,-0.336390717,-0.425329045,-0.579298067,-0.519957831,0.213642194,-0.49403826,-0.511512097,-0.486860531,-0.241484526,-0.293123041,0.180752321,-0.217430802
"sample_87",-0.367076067,-0.272031824,-0.447889174,0.069568516,-0.088283383,0.181436467,-0.455442192,0.085753104,-0.372735878,-0.061744649,-0.324457729,-0.408858294,-0.260057931,0.158418991,-0.221888614,-0.224740861,-0.376806007,-0.33851831,-0.305494608,0.24446173,-0.274794772,-0.326776062,-0.289479511,-0.385263087,-0.314965775,-0.671054238,-0.558325429,0.337625767,-0.175623108,-0.356851103,-0.490751207,-0.58232244,-0.263933121,0.220824436,-0.081400013,-0.550392582,-0.397273774,0.307784981,-0.330230768,-0.432159144,-0.562646056,-0.477935625,0.252313562,-0.488697693,-0.515899505,-0.482718354,-0.183719341,-0.261025599,0.02903274,-0.207448622
"sample_88",-0.378933995,-0.171664706,-0.513831345,0.08620602,0.080614922,0.091257778,-0.443834452,0.089561065,-0.416962688,-0.013983301,-0.317155305,-0.411687582,-0.241564654,0.163000422,-0.225310205,-0.269909986,-0.396782618,-0.321522034,-0.300082471,0.220565773,-0.286676452,-0.308558948,-0.205949453,-0.417445794,-0.240885176,-0.60854341,-0.487030155,0.390003445,-0.045096845,-0.333031976,-0.550332342,-0.618274417,-0.273774155,0.241792051,-0.383453192,-0.569742407,-0.39169464,0.346235634,-0.234972726,-0.40559377,-0.56520027,-0.54860707,0.343084847,-0.495514715,-0.473306992,-0.492063664,-0.156160806,-0.325206459,0.117606905,-0.219315538
"sample_89",-0.359356865,-0.29032165,-0.460463746,-0.067507292,0.032934224,0.115150957,-0.440044204,-0.083794822,-0.386960488,-0.079644812,-0.317884596,-0.355275163,-0.26550758,0.110157763,-0.215853333,-0.206635443,-0.399097839,-0.361653235,-0.267433635,0.132672188,-0.301507089,-0.286037526,-0.290270379,-0.450559358,-0.316166212,-0.687075086,-0.572486839,0.366477555,-0.214577343,-0.413892263,-0.521908906,-0.586821888,-0.260883944,0.260552006,-0.112553222,-0.554887805,-0.40812005,0.378537958,-0.382904722,-0.413946952,-0.615598789,-0.556084302,0.238083583,-0.420565001,-0.519058899,-0.459488028,-0.25866153,-0.292724147,0.071084244,-0.223726208
"sample_90",-0.350856686,-0.056838149,-0.408058025,0.037531581,-0.139467895,-0.172203718,-0.418269455,0.101576161,-0.447570438,-0.163126959,-0.256964733,-0.462514688,-0.022382677,0.125556275,-0.340928825,-0.332528842,-0.339389516,-0.134634936,-0.305064404,0.076149448,-0.260865305,-0.312243489,-0.240016265,-0.16436333,-0.076115217,-0.5817257,-0.443257914,0.202692929,0.068761094,-0.261078404,-0.44156323,-0.532996551,-0.26500049,-0.020435447,-0.540772661,-0.473706002,-0.470451148,0.363251787,-0.285360037,-0.391855612,-0.468950751,-0.508601709,0.348944004,-0.449441523,-0.400081645,-0.474241328,-0.034156848,-0.383072824,-0.309681194,-0.240477858
"sample_91",0.008571674,0.196944471,-0.190765037,-0.051177981,0.000260255,-0.043658589,0.054934535,-0.095932321,0.093523244,0.040050466,0.201785207,-0.123689015,0.029291871,0.095270006,-0.265801964,-0.291115486,-0.021434139,0.025274453,-0.143903137,-0.024294714,-0.14908778,0.035847756,0.189584889,0.143626626,0.111068817,-0.040735521,0.087720383,-0.098308621,0.015070193,0.070766024,-0.176792925,-0.338273984,0.019905804,0.172416187,0.322516099,-0.262423234,-0.073457036,9.19e-05,-0.031626567,0.011156062,-0.08179683,-0.172465027,-0.104107351,0.176469683,0.022124613,-0.187621532,-0.011248765,-0.01191458,0.082006845,-0.075226457
"sample_92",0.155306223,0.222059956,-0.305653315,-0.036415942,0.027234412,-0.278671437,0.107631493,-0.199684943,0.248007518,0.004115616,0.203185683,0.145876227,0.180573347,0.019333975,-0.230603146,-0.238553527,0.028055857,0.153652663,-0.133685495,-0.1324616,0.048586746,0.172756734,0.189326936,0.400092053,0.177208092,0.28888812,0.240006851,-0.222813798,-0.010605974,0.253343076,0.021645386,0.093863625,0.297959833,-0.023601586,0.191888926,0.171338898,0.046165151,-0.042522126,0.009954835,0.245609466,-0.119992166,0.221065768,-0.298968562,0.207779301,0.336428948,0.073649176,-0.112599175,0.303628029,-0.019444563,-0.14229323
"sample_93",0.21806546,0.126013683,-0.28081382,0.014819733,0.035612182,-0.267228671,0.133303148,-0.183233272,0.230523458,-0.025422102,0.073499383,0.178072191,0.025466324,-0.07882811,-0.060066685,-0.205549697,0.141571449,-0.017587497,-0.133260425,-0.209878903,0.079541535,0.022809204,0.055691273,0.359432561,0.11539635,0.317527344,0.265978592,-0.362839978,-0.107036303,0.273555209,0.011307758,0.050424667,0.420580448,0.004545061,0.206050981,0.098786846,0.243374315,-0.34496988,0.153144775,0.194575318,0.038748384,0.263670357,-0.318060215,0.353425225,0.244428565,0.142144059,-0.104154833,0.151957535,0.129259727,0.100044457
"sample_94",-0.404704061,-0.214847201,-0.481070355,0.039525969,-0.068579784,-0.046433353,-0.433223518,0.058339924,-0.429807136,-0.146317634,-0.354316132,-0.456992511,-0.257354942,0.083712033,-0.328456425,-0.327497155,-0.37956028,-0.295197163,-0.336695632,0.121058002,-0.310307575,-0.378796903,-0.3106561,-0.496721453,-0.327426888,-0.61128174,-0.553282305,0.306072779,-0.108614526,-0.369160327,-0.527861882,-0.59674519,-0.301425314,0.030091578,-0.394104013,-0.572728479,-0.492548084,0.220470051,-0.273623975,-0.496275492,-0.527552533,-0.590103469,0.382705082,-0.558977832,-0.552830077,-0.498918284,-0.212572645,-0.34915277,-0.253405246,-0.217790274
"sample_95",0.307231068,0.228414195,-0.005352328,0.007776645,-0.022455509,-0.036393805,0.216852551,-0.089458972,0.322303734,-0.026673208,0.206631712,0.306812543,0.177189806,-0.115799903,-0.121147402,-0.200925836,0.259931035,0.150010487,-0.033472477,-0.170741953,0.118960871,0.063631588,0.240309674,0.448149299,0.206803697,0.449083107,0.375687791,-0.39998174,0.027181993,0.309277336,0.226476204,0.316571727,0.224339393,-0.089258377,0.240947649,0.32211236,0.253655593,-0.47750884,0.180231361,0.354479354,0.390724454,0.375946619,-0.234885505,0.359676857,0.295964419,0.286651553,-0.007481499,0.105093802,-0.010800744,-0.032483034
"sample_96",0.117835681,0.092790597,-0.274058651,0.081717094,0.042739265,-0.271204,0.104155957,-0.166489759,0.157860923,0.074548026,0.128929286,0.199605768,0.094967103,-0.087988337,-0.216975708,-0.264702612,0.04178097,0.028615031,-0.074260084,0.089593915,0.052953026,0.009851005,0.107107369,0.008338335,-0.010719895,0.118381555,0.081020062,-0.338798381,-0.04786151,0.203848369,0.023075893,0.184709535,0.236273057,0.064346063,0.096935313,0.274181014,0.043304007,0.155469845,0.035453042,0.09548704,0.196161529,0.158440739,-0.193223451,0.204666334,-0.033742173,0.149409099,-0.069057452,0.000140995,0.086290634,-0.016354605
"sample_97",-0.135463112,0.364846381,-0.397468739,0.139850163,0.052240733,0.213029078,-0.041164144,-0.069663241,-0.092512901,0.179858688,0.269609555,-0.255184328,-0.329997683,0.187563351,-0.311395316,-0.354183161,-0.209618073,-0.313274011,-0.318360778,0.108601777,-0.161958305,-0.062830664,0.141457602,0.376066457,0.357221823,0.335791275,0.331576906,0.083221451,0.079827256,-0.168435049,-0.199145032,-0.491734834,-0.247673096,0.235122682,0.113418799,-0.388856698,-0.061626229,0.178839688,-0.255846007,-0.046108813,-0.36682114,-0.228767438,0.002251288,-0.007616612,0.164653032,-0.30299571,-0.29939251,0.002021307,0.125570899,-0.076077006
"sample_98",0.255758976,0.187174849,-0.292984402,0.128786673,0.147603302,-0.209363652,0.167527551,-0.052233908,0.126861908,0.0608132,0.233225859,0.152408437,-0.073203365,0.066758772,-0.172616683,-0.182687546,0.018365042,-0.152095186,-0.041057568,0.110846267,0.088471077,0.127107132,0.189221473,0.28041696,0.057677845,0.293806972,0.125200883,-0.170070454,-0.10277003,0.098622318,0.052717648,0.017612741,0.357121805,0.077469512,0.176625895,-0.034143092,0.191346704,0.061328406,0.014535273,0.306123556,-0.032294508,0.306657866,-0.29915595,0.315433677,0.041521385,0.142710627,-0.094577709,0.244056282,0.224330433,0.064043783
"sample_99",-0.385797037,-0.254337619,-0.468406413,0.007994871,-0.029247892,0.1876385,-0.48148406,-0.038692822,-0.341141105,-0.165974885,-0.324058125,-0.426560575,-0.231818404,0.08943608,-0.330213888,-0.330324869,-0.3327549,-0.314878341,-0.330348104,0.21026469,-0.350180697,-0.363324747,-0.28856976,-0.474254939,-0.28084237,-0.641219279,-0.548871732,0.349706369,-0.159536149,-0.398386992,-0.509943359,-0.580643282,-0.335187781,0.17313785,-0.413218272,-0.525731827,-0.464209966,0.232625077,-0.351307623,-0.42758487,-0.564493381,-0.617879553,0.257606223,-0.488757324,-0.549426705,-0.519788052,-0.215058686,-0.365102809,-0.102082699,-0.268064647
"sample_100",-0.406974369,-0.231512106,-0.508678316,-0.055136719,-0.013806752,0.141237208,-0.47560083,-0.012015157,-0.379223202,-0.05934594,-0.339423235,-0.385310056,-0.289885564,0.113101793,-0.292715151,-0.291103609,-0.36371758,-0.354708269,-0.262997648,0.105624502,-0.301048273,-0.316542526,-0.267993087,-0.380219828,-0.28912501,-0.68014026,-0.552203155,0.383011052,-0.165330099,-0.389480548,-0.51235362,-0.592429231,-0.263405811,0.192554663,-0.225115364,-0.569317722,-0.465857602,0.332376201,-0.326238314,-0.459103923,-0.553166316,-0.551871265,0.289538657,-0.537364445,-0.55305252,-0.494366972,-0.281344088,-0.267034063,-0.193611958,-0.245705289
"sample_101",-0.362396957,-0.179517484,-0.460677465,0.068115792,0.146463295,0.224358303,-0.405928633,0.025490297,-0.290578375,0.068354824,-0.257525055,-0.420292673,-0.35511825,0.267188033,-0.079746251,-0.156005872,-0.39404245,-0.38961641,-0.28888027,0.412256865,-0.273763169,-0.15042212,-0.227904327,-0.379980298,-0.242313318,-0.611308915,-0.493357966,0.378619701,-0.075859477,-0.37723534,-0.504951666,-0.618101081,-0.246400827,0.350042178,-0.100863365,-0.569553721,-0.372368139,0.3592058,-0.305364117,-0.409778711,-0.617868745,-0.511949019,0.17750431,-0.399104319,-0.421051903,-0.47158557,-0.14871406,-0.240045915,0.095197771,-0.084662711
"sample_102",-0.282990158,-0.070597115,-0.482832432,-0.015061071,0.129355828,0.163588865,-0.385404432,-0.000851905,-0.292834047,-0.073119403,-0.254472557,-0.36695414,-0.274004378,0.106174112,-0.23626176,-0.170967797,-0.348245278,-0.306998835,-0.328030679,0.343855693,-0.276931586,-0.173423481,-0.101061316,-0.293283566,-0.215510133,-0.523956186,-0.428966242,0.376455676,-0.086793753,-0.336738055,-0.472380645,-0.544687448,-0.19635805,0.217230602,-0.225175281,-0.505038564,-0.3286248,0.423869898,-0.314330447,-0.297654123,-0.621375,-0.453979118,0.238901859,-0.277544335,-0.343276865,-0.482738177,-0.287383644,-0.079372247,0.212144061,-0.219477011
"sample_103",-0.1762137,-0.11681629,-0.294593727,0.06323442,0.181290778,-0.007438583,-0.349674153,0.066650069,-0.32363016,0.080015988,-0.16189284,-0.282735144,-0.32472045,0.210419203,-0.010283335,-0.095280897,-0.242447126,-0.277879711,-0.209969064,0.308057958,-0.071318931,-0.080008626,-0.006205103,-0.332093091,-0.293928271,-0.481559354,-0.384161627,0.210693038,-0.015497094,-0.251330946,-0.418021698,-0.428916877,-0.143189429,0.351223576,-0.03513485,-0.34528089,-0.223539732,0.104825951,-0.145351992,-0.097641243,-0.482848523,-0.164208535,0.186300326,-0.340528623,-0.390484086,-0.301808857,-0.018095005,-0.158956074,0.097543952,0.004318576
"sample_104",0.138758077,0.208662456,-0.180621114,0.105519566,0.259166723,-0.193095424,0.110192489,0.161207687,0.111039879,0.227007466,0.238898836,0.049263287,-0.215818846,0.226613176,0.088478338,0.009776926,0.03673549,-0.249189528,0.013294484,0.123385298,0.040428797,0.129666781,0.225691469,0.234284625,0.16759588,-0.067094794,0.111289978,0.084963803,0.105302953,-0.128503263,-0.033232059,0.123621785,0.242351513,0.258496621,0.150683134,0.249835171,0.182719843,0.333802801,0.098763618,0.142295592,-0.409468933,0.375545935,-0.107325361,0.084404141,0.265625732,-0.142049411,-0.288800317,0.21802619,0.128794222,0.107689781
"sample_105",-0.37120779,-0.288942328,-0.458445112,0.019769403,0.036172878,0.16692338,-0.434828791,-0.071389234,-0.340480601,-0.091714448,-0.363322827,-0.386935646,-0.300752462,0.143751298,-0.15893414,-0.187851518,-0.369566388,-0.383299675,-0.221565787,0.205006313,-0.28342766,-0.241033826,-0.282835853,-0.455816517,-0.348856496,-0.659993487,-0.575829207,0.393092757,-0.210373403,-0.38842071,-0.539414324,-0.631105021,-0.214738039,0.292985984,-0.014095853,-0.563394038,-0.390145671,0.379291702,-0.349102636,-0.43500509,-0.633542985,-0.446334318,0.19943942,-0.410131436,-0.496998294,-0.51127379,-0.274296853,-0.249826735,0.241019573,-0.196179634
"sample_106",-0.383351193,-0.248701461,-0.472128837,0.062433596,-0.007779089,-0.009763002,-0.465051788,-0.077553758,-0.410395535,-0.118933624,-0.334167733,-0.377603756,-0.251433827,0.068476211,-0.286494095,-0.329667957,-0.398533146,-0.310276881,-0.334391334,0.131871813,-0.33002832,-0.377146643,-0.301559095,-0.440245179,-0.207167311,-0.599502753,-0.51379606,0.362225399,-0.193364963,-0.400272238,-0.512036216,-0.614445861,-0.340845996,0.193690637,-0.370985934,-0.546066082,-0.449863342,0.275100181,-0.291578652,-0.410991233,-0.592902552,-0.590081533,0.271518547,-0.544524831,-0.563966061,-0.530427264,-0.263421483,-0.30633826,-0.166176439,-0.256812879
"sample_107",-0.331012736,-0.274693094,-0.492822668,-0.020179559,0.01419395,0.154334125,-0.373349135,-0.06526073,-0.279377804,-0.12872271,-0.347343661,-0.377108383,-0.322836592,0.123556227,-0.136957306,-0.145283899,-0.38507832,-0.383051022,-0.265860387,0.329094718,-0.263025464,-0.195397528,-0.215383329,-0.360709094,-0.30381297,-0.55258187,-0.465524105,0.422086091,-0.225061064,-0.427312363,-0.513736599,-0.609264194,-0.220399681,0.298613722,0.099742678,-0.547406536,-0.306980662,0.351662229,-0.298100701,-0.437415224,-0.593378511,-0.476747654,0.230960597,-0.462845401,-0.425618767,-0.435369357,-0.192740869,-0.230665478,0.230570407,-0.209560785
"sample_108",0.072188294,-0.350075348,0.241424334,-0.329300616,0.006735273,-0.15924544,-0.095896616,-0.090788571,0.365181344,-0.105415102,-0.276962711,0.052539192,-0.156912867,-0.192403059,0.119308821,0.068823893,0.109758288,-0.106951981,0.041854069,0.146773992,0.020679515,0.033453938,-0.222847281,-0.387998727,-0.424949095,-0.431266621,-0.335861811,-0.018272383,-0.332482873,0.05350721,0.092293582,0.312760164,0.092869807,0.059844809,0.287631394,0.241091572,0.129677433,0.119074317,0.174909305,0.082950753,0.014643078,0.315180679,-0.160731351,0.117389636,-0.373662233,0.183049606,-0.039629339,0.052791947,0.117817701,0.061676325
"sample_109",-0.31283473,-0.259008936,-0.47876942,-0.022489577,0.061344537,0.070026168,-0.422615504,-0.025855928,-0.368512308,-0.111881306,-0.370883639,-0.34256682,-0.285420597,0.072618882,-0.174955389,-0.184191822,-0.356798238,-0.362536345,-0.247058188,0.254810144,-0.276135842,-0.259761544,-0.270282506,-0.44995572,-0.333524569,-0.671858082,-0.574574031,0.387765494,-0.267950712,-0.387921681,-0.523831978,-0.610412519,-0.188864469,0.31454419,-0.05333044,-0.562467027,-0.376709954,0.275718237,-0.31611002,-0.446128546,-0.626502824,-0.521676702,0.226908556,-0.426943279,-0.49353112,-0.477119634,-0.341788749,-0.201262427,0.275286555,-0.188703576
"sample_110",-0.396384968,-0.294439465,-0.507324328,-0.095156974,-0.00812497,0.086282784,-0.452985113,-0.064575397,-0.393974934,-0.070947981,-0.384232415,-0.32694258,-0.283612461,0.080196645,-0.240164764,-0.258998819,-0.429421952,-0.354171564,-0.311578062,0.107177966,-0.300921852,-0.270346056,-0.297940698,-0.481726693,-0.347989505,-0.664532523,-0.563057144,0.389165929,-0.247995407,-0.403979403,-0.53971949,-0.619704927,-0.262032774,0.235125915,-0.269184942,-0.573957851,-0.434798772,0.302521647,-0.379649794,-0.454148008,-0.60848048,-0.556483929,0.19666956,-0.461826124,-0.522566375,-0.493847935,-0.234614485,-0.312433814,0.109591596,-0.262215475
"sample_111",0.091065201,0.305875374,-0.371106757,0.122058545,0.095485473,-0.031016182,0.10438896,0.007308591,0.086735938,0.080700181,0.251413488,-0.257260319,-0.356136848,0.083956945,-0.236836029,-0.252914072,0.021815185,-0.312296686,-0.130435839,0.164038731,-0.014995975,-0.037268479,0.105134084,0.261027149,0.285208016,0.337098598,0.361028028,0.030208002,0.097880647,-0.144634341,-0.056423874,-0.119220788,-0.067164314,0.121050922,0.2006037,-0.001830244,0.010245803,0.180312579,0.051795189,0.11518044,-0.297386095,-0.082811565,0.004828558,0.16987281,0.224422749,-0.040683355,-0.176181996,0.096486424,0.030159222,-0.122849589
"sample_112",-0.305298393,-0.153210105,-0.483927529,-0.105648839,0.099455691,0.251865258,-0.369427763,0.091537116,-0.258258921,-0.02427913,-0.237323175,-0.314357891,-0.285814553,0.165367793,-0.082649133,-0.117304627,-0.407235966,-0.27622422,-0.235849467,0.286786587,-0.276274029,-0.054098883,-0.153738539,-0.201112541,-0.143547498,-0.495324401,-0.425557011,0.311277133,-0.077846815,-0.351977354,-0.478310699,-0.592219766,-0.168590141,0.307162131,-0.138030299,-0.509850885,-0.320991592,0.32411155,-0.31338823,-0.423171359,-0.586773236,-0.404691967,0.155938242,-0.300455308,-0.375950217,-0.450612702,-0.283347252,-0.225338598,0.12861701,-0.25992927
"sample_113",-0.359449141,-0.256310159,-0.400965878,-0.09788746,-0.140200554,-0.140673714,-0.418453569,0.024597415,-0.478992897,-0.100135961,-0.279887452,-0.375578991,0.020998251,0.007182731,-0.364012442,-0.362737696,-0.367251762,-0.094261607,-0.316547562,-0.008009325,-0.291828152,-0.364251747,-0.253738363,-0.433602714,-0.257206582,-0.500748793,-0.451625695,0.217571374,0.027248997,-0.261935814,-0.42048599,-0.495241162,-0.29573706,-0.061288612,-0.373471109,-0.439097115,-0.478895192,0.189105458,-0.31882449,-0.381896682,-0.434229125,-0.577432193,0.354605175,-0.488837421,-0.517438031,-0.45522599,-0.022411881,-0.382479762,-0.294702386,-0.160950736
"sample_114",-0.361500635,-0.25466777,-0.467485096,-0.171320895,-0.041744692,-0.049686238,-0.460476838,0.014991744,-0.457294348,-0.25764878,-0.368881901,-0.336800706,-0.17130069,-0.007148489,-0.298111417,-0.25003152,-0.393859666,-0.253818323,-0.296138619,0.064482637,-0.306839143,-0.344895103,-0.294940101,-0.436904923,-0.234596998,-0.60528064,-0.508713307,0.311651824,-0.11684772,-0.334970303,-0.505915385,-0.530586717,-0.275170298,0.119379356,-0.387780658,-0.468679763,-0.455313895,0.32888079,-0.271887263,-0.411678858,-0.560471299,-0.537902285,0.349667467,-0.496348325,-0.531765949,-0.418674123,-0.231336996,-0.307762372,-0.066682513,-0.248299536
"sample_115",-0.407670574,-0.225034166,-0.501255685,0.05756468,-0.035066245,0.036395201,-0.45976497,0.033780271,-0.400245101,-0.04281056,-0.373661172,-0.411700771,-0.246664513,0.09351639,-0.290754806,-0.308378542,-0.390549655,-0.333397405,-0.261385477,0.209939304,-0.343877799,-0.325616711,-0.281731611,-0.438036946,-0.26412001,-0.642447869,-0.534350007,0.352568214,-0.098197382,-0.379943449,-0.510504946,-0.605652967,-0.292904221,0.17485086,-0.251561489,-0.56717323,-0.465551547,0.294162254,-0.289736828,-0.449269603,-0.570735484,-0.552425866,0.28993804,-0.501674319,-0.536186868,-0.528553969,-0.23413452,-0.38348006,-0.049098135,-0.205211793
"sample_116",-0.41749897,-0.295617129,-0.421679093,-0.00599941,-0.047362116,0.040830648,-0.504902567,-0.018581408,-0.473129557,-0.144800076,-0.328786162,-0.405231297,-0.17083301,0.076050711,-0.32170931,-0.312174873,-0.377500172,-0.280885382,-0.339259169,0.143958542,-0.363917154,-0.335948535,-0.318599897,-0.436422983,-0.357387272,-0.643080973,-0.55520837,0.288931858,-0.12232459,-0.3468233,-0.497311674,-0.571657969,-0.283598688,0.119197258,-0.213041503,-0.52578007,-0.468944529,0.30165387,-0.326684727,-0.42985797,-0.550621909,-0.595048108,0.32798492,-0.547768941,-0.587140549,-0.498438604,-0.186119819,-0.350474876,-0.096092623,-0.252427391
"sample_117",0.256242217,0.138179384,-0.193334001,-0.20858408,0.007048043,-0.146384436,-0.026776943,-0.18730171,-0.007017577,0.037100702,0.173558998,0.096103887,0.078659404,-0.098204928,-0.247640374,-0.237648173,0.05886108,0.15412467,-0.188147239,-0.098557465,-0.085942997,-0.02440079,0.013253504,0.20732783,-0.063210284,0.401972563,0.197439927,-0.220272099,-0.083081624,0.192087094,-0.051058986,-0.011537557,0.137360356,0.07207292,0.240466708,0.129183052,0.053511039,-0.243462035,0.030046138,0.203699289,0.047237675,0.126192837,-0.235956454,0.141880394,-0.071794465,0.097135803,-0.209351617,0.060920706,0.064161386,0.021911133
"sample_118",-0.309535197,-0.316864307,-0.450519225,0.230936236,0.101852901,0.0978692,-0.333568089,0.028346569,-0.332152979,0.022611985,-0.173598658,-0.312085117,-0.274756348,0.252151214,0.038126108,-0.077362653,-0.31745835,-0.317622608,-0.27570631,0.378621835,-0.157184676,-0.144921881,-0.178045908,-0.345606867,-0.23625902,-0.479525619,-0.416923681,0.220246168,-0.052951146,-0.205655776,-0.371791243,-0.512533018,-0.237242929,0.381083908,-0.280923305,-0.46913057,-0.253988726,-0.061729549,-0.219308221,-0.401449859,-0.511502569,-0.480927531,0.138914411,-0.385763066,-0.296621485,-0.347800943,-0.040215573,-0.131707493,0.069559979,-0.103352802
"sample_119",-0.065096069,-0.017122734,-0.262851497,0.431330454,0.203595491,0.013447518,0.051711457,0.028263977,-0.025338895,0.103798726,0.039116404,-0.133135717,-0.279882584,0.220635547,0.039847407,0.035568863,-0.051473768,-0.277864247,-0.13445981,0.348449374,-0.032892703,0.080293257,-0.001544275,-0.058606153,-0.08686757,-0.199800145,-0.204108133,0.233313574,0.005885035,-0.020207613,-0.272041391,-0.366631733,-0.169723332,0.268990422,0.141987894,-0.353371729,0.159517394,-0.034345822,0.027075635,-0.110200262,-0.362820666,-0.219872422,-0.17844955,0.045555284,-0.028429395,-0.190413703,0.042324449,-0.085542104,0.168644614,0.001150558
"sample_120",-0.332769612,-0.145106768,-0.448885583,-0.06836111,-0.00832272,0.246599792,-0.421161614,-0.029392567,-0.390043707,-0.17216292,-0.345133962,-0.357869927,-0.264903169,0.093954217,-0.21876118,-0.225492725,-0.353915094,-0.298158791,-0.184924452,0.1291993,-0.284241696,-0.252422013,-0.227825168,-0.442282855,-0.29326634,-0.584168659,-0.527886489,0.390187698,-0.145027287,-0.331753275,-0.496498446,-0.583901561,-0.217817802,0.258699968,-0.195783485,-0.541446357,-0.386657282,0.283451007,-0.381225304,-0.408818443,-0.571252017,-0.568777648,0.2215645,-0.445102487,-0.501786437,-0.457270059,-0.28834819,-0.260817275,0.061151755,-0.19551965
"sample_121",-0.238090654,-0.095003645,-0.505148498,0.115950218,0.151069034,0.150368885,-0.305846945,-0.002197109,-0.218696102,0.018401166,-0.097733136,-0.298066202,-0.310057421,0.248989295,-0.169400925,-0.237296302,-0.339024058,-0.366325478,-0.338787855,0.352517093,-0.158583635,-0.070414201,-0.082418409,0.01283531,-0.135049186,-0.474759499,-0.356234413,0.281674565,-0.039253052,-0.238456025,-0.459462707,-0.546444322,-0.287251936,0.34247944,0.074152748,-0.522985283,-0.240185444,0.223634695,-0.279014109,-0.224340614,-0.575683837,-0.309368908,0.113908753,-0.164277734,-0.185259527,-0.424971465,-0.25518327,-0.071961418,0.311679975,-0.05583997
"sample_122",-0.303668257,-0.231371611,-0.508476877,0.024985684,0.022642959,0.23884349,-0.346583099,-0.021840095,-0.326880562,-0.017441109,-0.217576937,-0.370761164,-0.244996089,0.183943803,-0.139822913,-0.139320686,-0.388583207,-0.337747907,-0.30219764,0.311631588,-0.273844443,-0.222095226,-0.21026699,-0.403141931,-0.211699479,-0.590275915,-0.510189298,0.225339354,-0.123178059,-0.301130824,-0.471777371,-0.564358782,-0.154675927,0.279039451,0.011979174,-0.480066434,-0.310044186,0.180132698,-0.330633849,-0.348590373,-0.578865304,-0.403195085,0.103698647,-0.31724314,-0.404887327,-0.403053312,-0.187840083,-0.234402337,0.248925048,-0.10913279
"sample_123",-0.379495046,-0.245469895,-0.383609445,0.075827024,-0.142671673,-0.058492271,-0.463523035,0.040180993,-0.465018352,-0.114939616,-0.274393766,-0.403756934,0.006642132,0.079359914,-0.364615344,-0.352527712,-0.316072755,-0.01907741,-0.329246982,0.16209465,-0.316503701,-0.371212276,-0.313383551,-0.365428838,-0.218598248,-0.546038762,-0.487536004,0.184464198,0.030360015,-0.253921781,-0.394293403,-0.508427142,-0.413390092,-0.042944654,-0.420587345,-0.506241385,-0.494844631,0.301295859,-0.297427541,-0.402166395,-0.382363365,-0.616525289,0.355450808,-0.445147203,-0.561665687,-0.459263793,-0.010545091,-0.460480644,-0.327962989,-0.282745859
"sample_124",-0.254679982,0.048050093,-0.341061514,0.299937558,-0.127047938,-0.20726581,-0.119778772,0.153712781,-0.210753293,0.16973908,0.040928591,-0.396034611,-0.056657421,0.339002897,-0.210053493,-0.281778415,-0.295489639,-0.019424574,-0.305802923,0.132760085,-0.279052735,-0.107370485,0.082385172,-0.165068147,0.153076948,-0.406151547,-0.293096392,0.199942427,0.13891504,-0.043887822,-0.280658233,-0.431499618,-0.193387295,0.119330288,-0.204843653,-0.497239389,-0.274310842,0.381047184,-0.222673644,-0.160936969,-0.282361577,-0.39298311,0.215946763,-0.243303425,0.298699932,-0.182911768,0.021938769,-0.038263113,-0.231986271,-0.018055884
"sample_125",-0.29542636,-0.017959512,-0.466994951,0.181316747,0.053922453,0.075511517,-0.31715707,0.064212017,-0.2926104,0.004747219,-0.143154623,-0.420762535,-0.349170885,0.267022689,-0.147415913,-0.136626865,-0.377985474,-0.338990659,-0.280040884,0.308252466,-0.118825872,-0.089453811,-0.023735985,-0.05727073,0.040367033,-0.473568219,-0.429166864,0.282132649,-0.014802232,-0.262106128,-0.423051486,-0.53084079,-0.118021205,0.319469154,-0.054686074,-0.511275394,-0.287432092,0.357326432,-0.312824184,-0.292882502,-0.567913319,-0.446055246,0.212810302,-0.204426281,-0.27260806,-0.388323753,-0.271345324,-0.14860988,0.068199353,-0.126058436
"sample_126",-0.380005602,-0.119523178,-0.516181422,-0.044657649,0.105038495,0.204073014,-0.365435166,0.021323809,-0.307697575,0.012678132,-0.321654878,-0.356040683,-0.303842876,0.112308449,-0.212250771,-0.136815545,-0.396920941,-0.317315366,-0.259707191,0.145638581,-0.266778835,-0.151518398,-0.21042509,-0.390796823,-0.221439154,-0.551832891,-0.441871642,0.408710134,-0.076228622,-0.372564825,-0.498555672,-0.584678076,-0.197338028,0.271219599,-0.132736124,-0.505930236,-0.383232501,0.426185559,-0.356214076,-0.406127567,-0.589497212,-0.519980607,0.254535419,-0.441989269,-0.349279787,-0.501568876,-0.286211519,-0.239749858,0.172156535,-0.247828463
"sample_127",-0.353620859,-0.060369703,-0.520919385,-0.023413988,0.021076018,0.156350436,-0.360402791,-0.01500047,-0.395036162,-0.085485513,-0.253788903,-0.434504509,-0.321549903,0.211682914,-0.26010076,-0.216529599,-0.433667974,-0.301363825,-0.29473653,0.224188066,-0.294921127,-0.175952648,-0.193210703,-0.222615792,-0.11529373,-0.555505566,-0.423460015,0.40407971,-0.032333145,-0.359298184,-0.487747818,-0.618924579,-0.328545756,0.22412571,-0.395445612,-0.579298433,-0.391959745,0.266152204,-0.366788018,-0.406992475,-0.604271106,-0.48676957,0.215929987,-0.391390314,-0.326164069,-0.498692668,-0.25416823,-0.264258486,0.031200389,-0.232498122
"sample_128",-0.001269776,0.181468606,-0.376865819,-0.141587667,0.098694688,0.016656939,-0.106925952,-0.170076385,-0.029013825,-0.050819946,0.03987294,0.053644416,-0.134381826,0.077083758,-0.160635441,-0.129062046,-0.161945143,-0.184142266,-0.226203274,0.113131862,-0.150331743,-0.036516907,-0.187980018,-0.048109124,-0.210838821,-0.249019688,-0.162423214,0.023950434,-0.09309101,-0.103175014,-0.233461641,-0.151998995,-0.131216749,0.263524765,0.088203168,-0.206671945,-0.044269951,0.148839888,-0.101543976,0.080837233,-0.480605077,0.062963591,-0.003092759,-0.084187219,-0.181810396,-0.221196839,-0.210066343,0.054867794,0.009474532,-0.003346522
"sample_129",0.254713605,0.298624698,-0.367905539,0.019242853,0.027091392,-0.135314519,0.021830688,-0.064761223,0.051319789,0.115621824,0.204503744,0.011641185,-0.018624566,0.080090293,-0.241372613,-0.264547553,-0.021492586,-0.09450813,-0.222947301,-0.008963641,-0.018661633,0.06089881,0.098207108,0.252596682,0.080740317,0.387477355,0.31116557,-0.123038423,0.085931352,0.01853352,-0.107932757,0.019002632,0.249599413,0.080862851,0.01299132,0.209151273,0.028852032,0.027840719,0.005138091,0.101710947,-0.137165754,-0.019483362,-0.163499199,0.061197139,0.070852717,-0.037880987,-0.261253539,0.058948971,-0.034024207,0.039481273
"sample_130",0.344099459,0.40774909,-0.034816907,0.082978111,0.045298269,-0.218717863,0.222692569,-0.105740962,0.149121002,0.119339902,0.313853092,0.182969414,0.097845132,-0.028217491,-0.330396328,-0.234979018,0.159211552,0.131559685,0.0207085,0.114356706,0.242613484,0.114774351,0.223927936,0.476044023,0.234418744,0.318914234,0.378467742,-0.31367967,0.069271185,0.121382456,0.227324735,0.371390566,0.217509125,-0.085610849,0.10057893,0.345545956,-0.000728356,0.089128318,-0.026622845,0.268835087,0.277141114,0.129649675,-0.108187951,0.253257833,0.132893951,0.33054338,-0.155619627,0.244546778,-0.073789238,0.049026023
"sample_131",0.353899659,0.40569168,0.153981483,0.145079514,0.063037035,-0.21251175,0.329497301,-0.090591145,0.359693032,0.079714979,0.306244985,0.349854887,0.323952399,-0.088663241,-0.111311512,-0.131540134,0.186250995,0.286017268,0.013576206,-0.228350776,0.184545489,0.049909284,0.33715764,0.452811868,0.293883358,0.580749434,0.526507934,-0.393210219,0.085213103,0.371075068,0.39638433,0.477875002,0.392565003,-0.07592284,0.043813003,0.396951874,0.290664096,-0.348124347,0.247184102,0.345251262,0.426245262,0.493975913,-0.269070052,0.38538316,0.336502209,0.435492967,0.06188381,0.276202784,0.087360239,0.071183117
"sample_132",-0.271624847,0.184556654,-0.4756838,0.34821059,0.188506876,0.092741554,-0.246620301,-0.064527159,-0.180719128,0.093344706,-0.051253478,-0.207374837,-0.216617025,0.211737656,-0.2266881,-0.284886715,-0.300826747,-0.276801603,-0.254226545,0.26877624,-0.217793294,-0.231838399,-0.045303308,-0.078654659,0.009195466,-0.268887411,-0.192915944,0.142981633,0.035976083,-0.132746855,-0.350252219,-0.509794619,-0.237021447,0.244069742,0.08810316,-0.465791497,-0.256277642,0.21513877,-0.288000565,-0.233721996,-0.414879904,-0.204340807,0.083689359,-0.335042022,-0.219439242,-0.360803762,-0.253387676,-0.085331075,0.200623278,-0.129255758
"sample_133",-0.339393255,-0.163054864,-0.487839797,-0.070269705,0.099693226,0.23654917,-0.297060043,-0.013779584,-0.381306916,-0.092125235,-0.241720441,-0.329890902,-0.229605455,0.173397083,-0.186650008,-0.177957595,-0.369287711,-0.299350937,-0.229630539,0.429463351,-0.241713687,-0.22477291,-0.181828805,-0.33538787,-0.180777882,-0.559397365,-0.473690664,0.234392431,-0.123310003,-0.249397152,-0.472069616,-0.557188029,-0.264582144,0.265337804,-0.294709246,-0.496237786,-0.356158045,0.342973297,-0.314094754,-0.359262141,-0.54424288,-0.397097032,0.204371782,-0.294800411,-0.379280196,-0.489269535,-0.174196922,-0.207874957,0.207402244,-0.190019325
"sample_134",-0.276621308,-0.233270058,-0.328505624,-0.007138638,0.033735769,-0.179756654,-0.262970903,-0.00824845,-0.286423271,-0.192335753,-0.236643744,-0.19918187,0.029422952,0.087631775,-0.223077178,-0.198371618,-0.275934806,-0.102712027,-0.197985551,-0.003806379,-0.187527045,-0.152442747,-0.195355383,-0.172584367,-0.048237249,-0.436518553,-0.365026156,0.029028245,-0.121850959,-0.111920623,-0.308449362,-0.406690875,-0.072721808,0.132523792,-0.220317425,-0.395183857,-0.241991669,0.148151064,-0.107118762,-0.324200577,-0.361859323,-0.519595513,0.145477824,-0.296071082,-0.435253108,-0.327378764,-0.00463343,-0.262205007,0.125136455,-0.126093387
"sample_135",-0.345971258,-0.26269543,-0.445382528,-0.066553784,-0.063837836,-0.105163158,-0.435755707,0.051435011,-0.368530487,-0.200922205,-0.331469913,-0.386660711,-0.102519243,0.014640611,-0.347802185,-0.350256599,-0.418339302,-0.229242277,-0.300142737,0.081059364,-0.24013496,-0.354068919,-0.265441816,-0.419863864,-0.290187311,-0.572178026,-0.506833547,0.285580597,-0.133802233,-0.353628664,-0.454523194,-0.549618095,-0.253354154,0.149548428,-0.462596745,-0.504412058,-0.456477193,0.222042847,-0.337850649,-0.420375304,-0.553748131,-0.545673873,0.263818287,-0.434334486,-0.560365265,-0.486470031,-0.224389934,-0.319157696,-0.243820148,-0.286895171
"sample_136",-0.279904367,-0.149602641,-0.478978708,-0.022513452,0.0524989,0.256882863,-0.377079245,0.04333528,-0.282866175,-0.004528698,-0.273917383,-0.286013802,-0.25994511,0.158262496,-0.219433731,-0.132981547,-0.376843634,-0.298945384,-0.303338016,0.255138311,-0.134274181,-0.224703234,-0.174023022,-0.33867208,-0.271918139,-0.621809277,-0.503015755,0.37856613,-0.075055086,-0.321598524,-0.467629451,-0.566171379,-0.202180223,0.321895045,-0.095149535,-0.510164713,-0.305496787,0.408921437,-0.307546595,-0.386400535,-0.583360502,-0.471042915,0.20973221,-0.394284765,-0.496867631,-0.46647491,-0.296860558,-0.243282939,0.067419622,-0.07009359
"sample_137",-0.394288415,-0.227788004,-0.414487982,0.137801434,-0.0706251,-0.202618842,-0.420635811,0.103802992,-0.447591827,-0.095089229,-0.333275519,-0.423786724,0.060044799,0.067677345,-0.356835509,-0.345552297,-0.316626789,-0.080367089,-0.343729338,0.062438433,-0.226031142,-0.345320896,-0.232472256,-0.365557253,-0.26041289,-0.599433165,-0.496322059,0.287520376,-0.000528395,-0.255378731,-0.427034913,-0.530356066,-0.387973712,0.018218943,-0.26711356,-0.469263742,-0.43611407,0.224464734,-0.311530993,-0.389082384,-0.444485762,-0.59753928,0.230626769,-0.41875462,-0.510895964,-0.456871998,-0.014491952,-0.417656653,-0.265033257,-0.308689379
"sample_138",-0.301907957,-0.040869055,-0.542775837,0.177215304,0.022747391,-0.007509395,-0.349487592,0.005866794,-0.414064116,0.082300252,-0.171278303,-0.313655454,-0.253194299,0.243428527,-0.182994437,-0.148385273,-0.344013439,-0.340109242,-0.295762324,0.375636512,-0.23732984,-0.11638031,-0.177240244,-0.223408268,-0.167341767,-0.639994716,-0.48807581,0.233201849,-0.022725559,-0.309147885,-0.443030426,-0.518604941,-0.253429464,0.272816337,-0.204784544,-0.482995167,-0.320661335,0.375922877,-0.295246603,-0.379011001,-0.523852766,-0.431852055,0.267283251,-0.44612349,-0.364897315,-0.384514743,-0.296704299,-0.334567318,-0.071771822,-0.132495228
"sample_139",-0.33676366,-0.27598123,-0.550559815,-0.054724796,0.060357237,0.101820634,-0.438138454,-0.018161507,-0.334640953,-0.043771786,-0.302907489,-0.324138539,-0.298683335,0.181145201,-0.260160694,-0.238559489,-0.400979377,-0.33584592,-0.298706395,0.338914007,-0.272196336,-0.257334756,-0.163102596,-0.385608715,-0.292741727,-0.591632159,-0.487828032,0.351199851,-0.139784863,-0.329918687,-0.493871341,-0.616187408,-0.234556046,0.246747387,-0.11431745,-0.522476693,-0.371600881,0.280515606,-0.343636631,-0.390132414,-0.583448292,-0.522575177,0.149746257,-0.361328991,-0.480381405,-0.432105695,-0.277866976,-0.315328453,0.013446009,-0.268264721
"sample_140",-0.338828612,-0.052551532,-0.531949467,0.184411681,-0.041602437,0.03565315,-0.39211056,-0.102263729,-0.335959043,-0.072308321,-0.173178978,-0.29127338,-0.183981524,0.173626209,-0.267454442,-0.28209681,-0.346791892,-0.250645459,-0.338281899,0.307204852,-0.270047216,-0.195913841,-0.201734394,-0.238937237,-0.172987722,-0.491998766,-0.387057847,0.222385041,-0.084280347,-0.211967938,-0.429622974,-0.516201977,-0.049978493,0.233434269,-0.128555682,-0.503036459,-0.366409846,0.380621937,-0.332868148,-0.354086286,-0.465821845,-0.495438472,0.249411133,-0.324793607,-0.414668085,-0.440032325,-0.124073329,-0.26130184,0.12587481,-0.141553682
"sample_141",0.426961869,0.449390196,-0.005467536,0.063378143,-0.117004996,-0.214355006,0.31220992,-0.099146966,0.12069686,0.058791844,0.359027196,0.364173694,0.201444272,-0.107965033,-0.304167785,-0.244342998,0.315316137,0.207246401,0.022500183,-0.191097126,0.326994047,0.169395936,0.268263614,0.43005406,0.304503017,0.463974753,0.436451872,-0.37077124,0.093835027,0.225789329,0.379406199,0.543519303,0.431299258,-0.160342984,0.151918404,0.507419669,0.20775127,-0.019835537,0.181382955,0.332959609,0.433696035,0.548071939,-0.306740388,0.339920664,0.41654001,0.467406945,-0.050075919,0.30179159,0.00570974,0.121436352
"sample_142",0.357633331,0.17687425,0.011921641,0.36103916,0.101288949,-0.312025824,0.33043618,-0.114988436,0.346390695,0.084001736,0.234850924,0.300419933,0.210206759,-0.015873601,-0.040837319,-0.05446879,0.21773796,0.167605316,0.043890505,-0.182608814,0.086653119,0.010623075,0.150860363,0.355361437,0.135324519,0.48621159,0.369438305,-0.372119381,0.013646693,0.402113439,0.331846805,0.342797228,0.338513728,-0.11223089,0.187078327,0.313178386,0.230509113,-0.368894847,0.293596689,0.325582284,0.348849177,0.495360178,-0.243810915,0.387838832,0.156937058,0.370828319,0.095750236,0.165406424,0.210381242,0.10231373
"sample_143",-0.365988025,-0.26315765,-0.505162835,0.043223392,0.039017374,0.156673558,-0.448484031,-0.038251393,-0.436631579,-0.026700694,-0.350192498,-0.405108083,-0.281135279,0.095350432,-0.186399661,-0.175757821,-0.360363477,-0.362626925,-0.266273456,0.110036622,-0.277457524,-0.25034415,-0.322158004,-0.39743089,-0.276098558,-0.645614417,-0.536214103,0.382564417,-0.169971437,-0.406938678,-0.524457333,-0.629523341,-0.251109335,0.262454827,-0.221079692,-0.581465254,-0.420319713,0.320553323,-0.336019636,-0.463489538,-0.596868469,-0.580893816,0.254334609,-0.488229691,-0.51675475,-0.514899868,-0.222009155,-0.280107131,-0.153264203,-0.155730159
"sample_144",-0.216690714,0.046253436,-0.451603981,-0.126900988,0.123169302,0.008044179,-0.277625507,0.013588475,-0.31157769,0.050800426,-0.1132586,-0.280351232,-0.295432099,0.171529693,-0.000672949,-0.156078898,-0.326735972,-0.275638217,-0.230765271,0.18147246,-0.189542594,-0.117314792,-0.068388944,-0.092801135,-0.189268991,-0.385269695,-0.227949642,0.212625385,-0.069694789,-0.27495198,-0.364298485,-0.460770754,-0.08316532,0.23246466,-0.007292712,-0.401737834,-0.110251862,0.211471595,-0.172411237,-0.232795501,-0.523068048,-0.186110613,-0.000114291,-0.196751353,-0.321216828,-0.320839437,-0.290442492,-0.046439212,0.301031721,-0.164306334
"sample_145",-0.401082595,-0.218083271,-0.454146742,-0.050050258,-0.086219367,0.053824987,-0.463838573,0.094241497,-0.415431859,-0.062783713,-0.281853245,-0.438472421,-0.177591918,0.090842455,-0.348166634,-0.31978907,-0.333829333,-0.300453426,-0.301783677,0.110209576,-0.322310185,-0.345370669,-0.271365733,-0.40737352,-0.25178653,-0.624716852,-0.541709479,0.2932302,-0.090632385,-0.360343284,-0.513728086,-0.612751735,-0.262815917,0.094140235,-0.29003013,-0.55370903,-0.478690863,0.321176241,-0.259455827,-0.437561296,-0.516454281,-0.653031861,0.333020624,-0.538924637,-0.541823656,-0.506908469,-0.115317562,-0.381132,-0.218842075,-0.182623321
"sample_146",0.232281716,0.304696055,-0.113013671,-0.031911085,-0.044904113,-0.250489468,0.072144593,-0.130628929,-0.000110765,-0.032545651,0.225893394,0.275875751,0.184933953,-0.144701036,-0.240362294,-0.214832838,0.132511782,0.191989498,-0.218275371,-0.050664856,0.450019546,0.013831845,0.18293073,0.42414047,0.198729515,0.446587797,0.389246676,-0.309563277,0.002842153,0.290319689,0.006476479,0.252742794,0.309297517,-0.048798222,0.234696418,0.165057107,0.121203513,-0.261467812,-0.012759857,0.242783612,0.111671651,0.25587596,-0.268591111,0.259740055,0.219888262,0.209874131,-0.155886988,0.14015189,-0.090448973,0.012887606
"sample_147",0.093231065,0.180022949,-0.282706783,0.017016619,0.207464957,0.077941188,0.1879208,-0.019239378,0.225384224,-0.058310444,0.22479518,-0.0240455,-0.206557768,0.119517742,0.003047678,-0.057196947,0.014774616,-0.132933851,-0.091331771,0.22445643,-0.091483078,0.153816613,0.078175467,0.317736877,0.190069924,0.467915575,0.40936349,0.041216756,0.262560812,-0.067487509,-0.029383119,-0.109721063,-0.158091178,0.156253164,0.215380731,0.069776166,0.088969769,0.162444188,-0.06456108,0.12482991,-0.321348145,0.194378272,-0.17005906,0.221828808,0.411579648,-0.06305751,-0.056700496,0.108673584,0.218186952,0.067515706
"sample_148",-0.388558819,0.011821122,-0.488877565,0.223362183,0.004182079,0.00149011,-0.374018436,0.088617542,-0.431063583,0.0035466,-0.0904042,-0.457089393,-0.273257723,0.302257354,-0.304216774,-0.295507155,-0.383630735,-0.299305364,-0.327514087,0.304200923,-0.292365961,-0.270201541,-0.241408168,-0.259536694,0.041681628,-0.559825787,-0.407799431,0.324933936,0.100487252,-0.325121461,-0.457995206,-0.620017731,-0.390307349,0.119015128,-0.380307895,-0.553845023,-0.463768266,0.360342476,-0.305692677,-0.373169721,-0.476881097,-0.547961349,0.296683039,-0.519381703,-0.347491904,-0.51893158,-0.017975903,-0.279452763,-0.269893215,-0.17503747
"sample_149",-0.298229613,-0.023180902,-0.425768864,-0.025635894,-0.027140393,-0.075104665,-0.333656975,0.171989567,-0.30990165,-6.59e-05,-0.090933169,-0.386835297,-0.069256708,0.157024479,-0.325998986,-0.323459195,-0.264244307,-0.152536467,-0.271514806,0.304835989,-0.180853706,-0.237088639,-0.281068669,-0.289959885,-0.06166325,-0.566788747,-0.407938694,0.317505676,0.144503639,-0.254335817,-0.411271167,-0.549108735,-0.402619165,-0.009090175,-0.442844303,-0.492442974,-0.464403783,0.334502811,-0.245335848,-0.364296882,-0.388273146,-0.542277735,0.383537952,-0.413058655,-0.332811017,-0.469720708,0.014474916,-0.341279057,-0.265061858,-0.135528688
"sample_150",-0.371862027,-0.018706922,-0.338909285,0.153067612,-0.0978561,0.027962875,-0.399551694,0.167372533,-0.383030546,0.043985856,-0.161814511,-0.422284579,-0.153462044,0.178957923,-0.253285688,-0.28978371,-0.283594212,-0.191627007,-0.301386186,0.164900617,-0.189627323,-0.305228172,-0.203661873,-0.284143798,-0.062397351,-0.411182606,-0.29404832,0.283515685,0.127200877,-0.304432804,-0.437056414,-0.558842177,-0.459497775,0.000114978,-0.336351371,-0.502414141,-0.436351695,0.285864269,-0.221401263,-0.389097734,-0.410772343,-0.570062192,0.328522339,-0.477254089,-0.371083207,-0.459870694,0.135664822,-0.385942825,-0.328522512,-0.098224999
"sample_151",-0.367092994,-0.284013879,-0.5296178,-0.022674559,0.055340724,0.104942614,-0.474224809,-0.067149498,-0.441329942,-0.059050371,-0.355357251,-0.350705617,-0.274225291,0.037798187,-0.20223574,-0.203188302,-0.3739403,-0.353821903,-0.257202403,0.168747183,-0.297986441,-0.256292203,-0.280674928,-0.437179157,-0.309314891,-0.641129443,-0.554776681,0.365903427,-0.16676219,-0.386296975,-0.545195133,-0.595648837,-0.218937572,0.231923962,-0.073100904,-0.572132263,-0.418753123,0.269503487,-0.333533339,-0.439612468,-0.598160415,-0.522070594,0.159476311,-0.426026529,-0.530118682,-0.501336649,-0.246138668,-0.265803736,0.099888158,-0.284978429
"sample_152",0.397091438,0.326308232,0.049529266,0.166909301,-0.02693992,-0.376922888,0.205192851,-0.010538007,0.178386561,0.125573242,0.279713873,0.329427072,0.188056632,-0.078221703,-0.277472327,-0.226160782,0.2962346,0.159826462,0.06757167,-0.216412092,0.137265672,0.042213412,0.234013254,0.39969538,0.100524424,0.570148412,0.435852246,-0.359544435,0.077302024,0.213126034,0.338412477,0.442808721,0.273457225,-0.050113134,0.048540009,0.455719694,0.121110421,-0.148595854,0.243754828,0.264736375,0.466064145,0.385777617,-0.227147092,0.369293675,0.101147443,0.339069227,-0.080161457,0.143624093,-0.026340083,0.093871565
"sample_153",0.030877833,0.181467372,-0.175520679,-0.218557353,0.183116654,0.305381623,0.011561599,0.063634887,0.129871189,-0.011476631,0.141320982,-0.213277175,-0.202826198,0.017007633,-0.102725735,-0.151605549,-0.111013986,-0.197068875,-0.146535371,0.181616203,0.015133737,0.000479413,0.133967418,0.005081103,-0.140334237,-0.202057972,-0.143462389,-0.027074458,0.035940801,0.008997739,-0.270202749,-0.311907618,-0.087329872,0.24459465,0.05453104,-0.249561117,0.05243983,-0.063829298,0.011427733,-0.043697488,-0.405856729,-0.041579499,-0.154298,-0.072055832,0.025822854,-0.229506615,-0.00711319,0.003970131,0.276254289,-0.07881345
"sample_154",-0.37922174,-0.125375252,-0.346246202,0.004785166,-0.135686659,-0.171002983,-0.424874662,0.090238852,-0.414760021,-0.072131604,-0.250142666,-0.416197645,-0.121876066,0.120316135,-0.362675842,-0.359638192,-0.367533107,-0.111318722,-0.304141069,0.032295077,-0.258792491,-0.362473024,-0.272434527,-0.378510893,-0.162675176,-0.505890336,-0.427375711,0.208065343,0.082015447,-0.262003879,-0.404476394,-0.501482686,-0.395315196,-0.035104487,-0.260418771,-0.507030384,-0.499645698,0.370830339,-0.330454245,-0.329650236,-0.34321221,-0.570871891,0.344178508,-0.490325497,-0.503404264,-0.443089784,0.018620417,-0.38500135,-0.309393342,-0.187030243
"sample_155",-0.402013998,-0.262366744,-0.517854714,0.022924091,-0.045446937,0.092620862,-0.482289991,-0.048934703,-0.393922081,-0.154844315,-0.360800563,-0.390106363,-0.143369942,0.077848892,-0.343161106,-0.309974684,-0.404591339,-0.302251897,-0.335147671,-0.034288534,-0.287779928,-0.336502531,-0.265213572,-0.482141743,-0.305523401,-0.615836909,-0.54848733,0.320464921,-0.239446087,-0.384480816,-0.52087733,-0.602703887,-0.240285355,0.191001174,-0.262621166,-0.549700901,-0.471385409,0.201837858,-0.343504198,-0.433314516,-0.558236657,-0.564067547,0.281357353,-0.557926873,-0.567162049,-0.518950416,-0.188367199,-0.326543173,-0.164763971,-0.229021598
"sample_156",-0.22907104,0.119787384,-0.468067373,0.01449962,-0.049141849,-0.009690748,-0.21474373,0.139360468,-0.283845193,0.072064328,0.076549924,-0.281857574,-0.138981127,0.226629604,-0.300833886,-0.355645875,-0.284947944,-0.207866799,-0.279269094,0.122506511,-0.292177728,-0.085019284,0.066537213,0.332175426,0.230344006,0.082091262,0.085461167,0.116784961,0.063346369,-0.106913403,-0.359473471,-0.521183314,-0.19990132,0.162756898,-0.139127637,-0.458063161,-0.204996656,0.222157008,-0.198762133,-0.104260596,-0.399567249,-0.31475925,0.161282768,-0.084859286,-0.076028456,-0.435799612,-0.123901403,-0.176932598,-0.06191151,-0.155191853
"sample_157",-0.158043473,0.348617659,-0.336020452,0.350511116,0.116175902,0.196609845,0.057006209,0.087085157,-0.203300034,0.241696099,0.242450426,-0.391155118,-0.350584628,0.411808869,-0.086417934,-0.149042974,-0.312579648,-0.248341719,-0.257905618,0.476325073,-0.154951449,0.167461145,0.225104469,0.370299697,0.40396101,-0.247131327,0.039276797,0.226349809,0.307542983,-0.231962236,-0.228844576,-0.55262831,-0.33162985,0.231923684,-0.290785934,-0.548284679,-0.213284286,0.335614629,-0.310147382,-0.002801031,-0.416748703,-0.219248553,0.068380505,-0.113353931,0.476749637,-0.282997188,-0.018943155,-0.031926985,-0.096093012,-0.061316245
"sample_158",-0.353232987,-0.107022774,-0.418026024,0.054029979,-0.12207458,-0.027713724,-0.424895859,0.175236655,-0.406636503,0.02254449,-0.168444999,-0.420942664,-0.19870641,0.208824786,-0.312525764,-0.288500143,-0.287491742,-0.210591843,-0.280706453,0.070457607,-0.207936075,-0.298482578,-0.247892055,-0.387050232,-0.172785226,-0.362531446,-0.324528883,0.261541859,0.004674071,-0.373682968,-0.439336672,-0.514239691,-0.446468672,0.041821388,-0.431303178,-0.483619264,-0.474827838,0.455167945,-0.281789657,-0.333930365,-0.442679361,-0.590318715,0.270468982,-0.489109134,-0.530298248,-0.460435794,0.01691786,-0.373998317,-0.352609235,-0.154517608
"sample_159",0.351683449,0.197445958,-0.058012311,0.077498507,-0.078925677,-0.312307539,0.213681531,-0.084845594,0.124384477,0.048650591,0.312974257,0.399495418,0.399952477,-0.097134159,-0.275599408,-0.275440353,0.265230345,0.351700713,0.033788201,-0.353309017,0.144219359,0.021851547,0.170309885,0.437868623,0.148617705,0.48133005,0.362358069,-0.41939315,-0.05205674,0.271776574,0.354291204,0.505676087,0.421259265,-0.096869995,0.201448335,0.512059767,0.144741835,-0.249664636,0.192127822,0.261085365,0.462893557,0.488599222,-0.234768489,0.337099344,0.164582057,0.432113427,-0.137951257,0.183709281,0.055111517,0.13806129
"sample_160",-0.223191529,-0.130892978,-0.0786418,-0.033204807,-0.122169752,0.09586042,-0.297314811,0.056135018,-0.309989561,-0.015446962,-0.146724496,-0.202865401,0.13299923,0.102702776,-0.239753776,-0.199066068,-0.205893377,0.012096727,-0.222687768,-0.041220984,-0.202732701,-0.311262391,-0.054909526,-0.104600128,-0.122322765,-0.345036204,-0.282476407,0.108896625,0.06301396,-0.061364481,-0.233625115,-0.305897119,-0.2614875,-0.096276744,-0.379392427,-0.273247077,-0.353749352,0.254027009,-0.221454332,-0.262720201,-0.10033438,-0.425090219,0.245594868,-0.304407079,-0.423716158,-0.328523223,0.100053284,-0.299781304,-0.302025853,-0.141542486
"sample_161",0.398993404,0.182756112,0.179654812,0.158125053,0.025788353,-0.281284852,0.253669981,-0.053479517,0.366163168,0.142395403,0.226647949,0.341470335,0.317923064,-0.054165754,-0.111028476,-0.126777787,0.336087239,0.259257777,0.133130935,-0.261798746,0.287111955,0.112049068,0.260580118,0.408938349,0.108925596,0.20916723,0.19436334,-0.482394825,0.015692703,0.383678674,0.443439517,0.477115985,0.371955732,-0.108582654,0.27370961,0.465886303,0.362608845,-0.24683687,0.213709014,0.277544082,0.472132753,0.399779725,-0.290095887,0.477206089,0.153447709,0.442670528,0.091710158,0.240619662,-0.053655792,0.133580658
"sample_162",-0.041773279,0.111364437,-0.358095448,0.240012581,0.186994983,0.202263653,-0.154126513,0.100583945,-0.143168333,0.075774487,-0.071287159,-0.140661505,-0.217693445,0.249252895,-0.048490446,-0.093000971,-0.193962192,-0.215307239,-0.16280514,0.178172616,-0.045215553,0.064423545,-0.100246393,-0.123485938,-0.127622627,-0.122862122,-0.249182054,0.241419153,0.012023414,-0.208698832,-0.302177303,-0.328571971,-0.08740114,0.264681208,0.039571919,-0.312914569,-0.177482622,0.059974923,-0.0015782,-0.051970564,-0.459320804,-0.115719999,0.08563746,-0.262723626,-0.334454507,-0.313809806,-0.100693571,-0.0827766,0.037471352,-0.015777098
"sample_163",-0.316149224,-0.075700802,-0.467208506,0.141772497,0.077009032,0.208617,-0.366227607,0.063019447,-0.464094425,0.096824647,-0.243100433,-0.325097112,-0.212129383,0.244587763,-0.193295465,-0.237425081,-0.34914534,-0.247430701,-0.220294852,0.331239395,-0.292384716,-0.20619455,-0.234238097,-0.285272184,-0.256820314,-0.533749137,-0.430598987,0.338641602,-0.114785668,-0.259463889,-0.460725768,-0.543967873,-0.332257442,0.203049508,-0.328390755,-0.527717894,-0.359027562,0.342592623,-0.29483008,-0.325288685,-0.539067695,-0.434219746,0.219786682,-0.426075762,-0.478498429,-0.45908924,-0.097260457,-0.322068969,-0.166714412,-0.158294355
"sample_164",-0.126810073,-0.194902703,-0.279952437,-0.235463437,0.158684353,0.082318665,-0.193653388,0.053430199,-0.137015697,0.222314019,-0.167791604,-0.315848915,-0.272694119,0.320355219,0.040405396,0.065987264,-0.144443653,-0.258136026,-0.256251381,0.210829046,-0.14040641,-0.055132268,-0.063040906,-0.354946826,-0.32081326,-0.549720827,-0.484919438,0.243147759,0.052364771,-0.295117591,-0.320430217,-0.338954808,-0.197770358,0.315391732,-0.219883258,-0.317838767,-0.228447532,0.542265883,-0.16642176,-0.221587634,-0.385140605,-0.142160498,0.107149417,-0.335880045,-0.328318272,-0.337863121,-0.03200063,-0.116338783,0.054010133,-0.012721432
"sample_165",-0.361826024,0.131478748,-0.483406957,0.303321785,0.003618141,0.072708622,-0.29366745,0.108897169,-0.412837204,-0.039137709,-0.027794921,-0.451753657,-0.313946849,0.295995472,-0.240084809,-0.248165805,-0.387435453,-0.310193986,-0.26116016,0.410440566,-0.253511369,0.016023792,-0.123902703,0.085114903,0.301508258,-0.443603452,-0.267347645,0.304722524,0.21255533,-0.295294895,-0.393771118,-0.60848087,-0.449524567,0.172531527,-0.416713481,-0.566533773,-0.320756784,0.19986195,-0.349505579,-0.334151886,-0.447150855,-0.455611628,0.26169407,-0.361189039,0.1819066,-0.474523296,0.040051549,-0.196528577,-0.159473502,-0.209191986
"sample_166",-0.244685468,-0.06208549,-0.456115764,-0.026944247,-0.03468803,0.126979186,-0.336316308,-0.07760026,-0.375841614,0.031715309,-0.177968991,-0.304910706,-0.30462957,0.243121165,-0.169150557,-0.242683378,-0.261940466,-0.294220494,-0.275476784,0.288862509,-0.204063429,-0.115114644,-0.205651439,-0.113810207,-0.117007243,-0.406452108,-0.358545626,0.105581685,0.017992594,-0.251135857,-0.44706384,-0.525518628,-0.270690513,0.247415839,-0.264863816,-0.47835364,-0.348237324,0.453703331,-0.284061945,-0.364966769,-0.509694893,-0.391169757,0.201489867,-0.211708206,-0.372696819,-0.414003797,-0.194090752,-0.14939682,0.132756204,-0.147616631
"sample_167",-0.404890482,-0.211374722,-0.451683118,0.072126328,-0.157528087,-0.074097506,-0.436028907,0.123089934,-0.438566939,-0.034964945,-0.287177119,-0.394495165,-0.118080454,0.104258905,-0.377360813,-0.346738223,-0.307145561,-0.189050815,-0.330129382,0.077366488,-0.265701704,-0.383195652,-0.299373403,-0.427893826,-0.25852609,-0.58667697,-0.481895633,0.23278178,-0.020556677,-0.306811843,-0.467363594,-0.537181472,-0.368808366,0.027537917,-0.37101959,-0.527071555,-0.459793525,0.234232584,-0.313912313,-0.427243611,-0.477091172,-0.614172859,0.381294918,-0.539418865,-0.536896726,-0.453493905,-0.081043292,-0.418304895,-0.318851717,-0.233620042
"sample_168",-0.31064967,-0.095333932,-0.50857688,0.251852634,0.134766517,0.309236521,-0.329166787,-0.020840252,-0.324455271,0.060849596,-0.197334216,-0.372863251,-0.338103021,0.234496809,-0.158075866,-0.172760631,-0.352356901,-0.345397057,-0.312847052,0.346798986,-0.216663941,-0.13998327,-0.154213121,-0.318549849,-0.191166849,-0.57071266,-0.475802656,0.366438917,-0.093978926,-0.354886935,-0.45219429,-0.541512858,-0.20731561,0.294006541,0.183427663,-0.539621395,-0.347418525,0.394901117,-0.33197824,-0.340189794,-0.576256221,-0.367237955,0.158035808,-0.377666794,-0.460084526,-0.452610738,-0.229690732,-0.347204376,0.091337154,-0.137441783
"sample_169",0.192111332,0.147696163,-0.233412948,-0.082131733,-0.026063065,-0.215985309,0.043094124,-0.197354043,0.129876166,0.02435038,0.205323883,0.219760246,0.273644629,-0.124057606,-0.321532182,-0.340194288,0.141491332,0.251150403,-0.152318753,-0.019896635,-0.037477718,-0.035785403,0.132654992,0.396226481,0.071429836,0.272637873,0.207135162,-0.353204566,-0.077371811,0.298601386,0.139506515,0.160137395,0.199688491,-0.103175034,0.040167491,0.166396032,0.146444955,-0.231580116,-0.034289012,0.148050002,0.066986054,0.113016021,-0.20890995,0.312489416,0.044422137,0.173057917,-0.194164593,0.062717126,-0.00796958,-0.006463727
"sample_170",-0.339358604,0.30971093,-0.37170144,-0.020610184,0.062583033,0.167164465,0.002157228,-0.105382567,-0.271093133,0.033933295,0.130312966,-0.323090086,-0.37918254,0.207642113,-0.164211803,-0.181190108,-0.381264277,-0.23816942,-0.260841129,0.392950118,-0.14547707,0.118848927,0.085964799,0.497666706,0.379794813,0.386593179,0.390022271,0.201355134,0.207912276,-0.158787361,-0.297980302,-0.619985266,-0.350783578,0.241072358,-0.255963706,-0.58595502,-0.077888218,0.326439824,-0.39556254,-0.010189272,-0.489440947,-0.1043502,0.099332189,0.021928608,0.415656574,-0.371195743,-0.126804477,0.049613638,0.008753894,-0.164328172
"sample_171",0.352460855,0.130607137,-0.130513262,0.052857952,-0.02337447,-0.276564278,0.102501192,-0.052055154,0.228844657,0.043141336,0.227761318,0.352646876,0.153961772,-0.131664848,-0.154213297,-0.154885571,0.338448578,0.102907419,0.070670732,-0.316335843,0.057376814,0.101262799,0.167623818,0.379561247,-0.00819415,0.300443571,0.216562606,-0.446446847,-0.022872259,0.133558573,0.374145699,0.420762246,0.319842204,-0.163821863,0.128657867,0.495946889,0.222354418,-0.311387752,0.214766064,0.347215682,0.396958658,0.509394642,-0.234136588,0.294734014,0.153769356,0.396433356,-0.041514656,0.20928401,-0.052096693,0.118836634
"sample_172",0.106297664,-0.012463457,-0.123546456,0.256704681,-0.027187849,-0.08780599,-0.028086961,0.284581759,0.004493523,0.194142224,0.083474882,-0.23665834,-0.16329619,0.281591348,-0.17753402,-0.169811848,0.025713145,-0.255172444,-0.090522643,0.172454722,0.110180561,0.039790939,-0.001048525,-0.076649904,-0.008240127,-0.426498708,-0.358556418,0.151622316,0.135060672,-0.290323645,0.116411742,0.14271686,-0.032212582,0.249963115,-0.312570893,0.054410998,-0.105287436,0.406365294,0.07632796,-0.03743955,0.049450207,0.147098098,0.181468986,-0.270952952,-0.087269137,-0.240370611,0.069802116,0.054329674,-0.206858218,0.231287346
"sample_173",0.267694871,0.336493424,-0.197217839,0.106901485,-0.022751739,-0.070757042,0.164500748,0.027050112,0.132792963,0.042524513,0.30864626,0.038533593,-0.0059206,0.086553318,-0.314583012,-0.2504962,0.149216738,0.060301253,-0.098209029,0.006056714,-0.003334623,0.14105853,0.233042187,0.402593812,0.25672546,0.311901992,0.350463505,-0.177719321,0.147411364,0.068921248,0.126261383,0.123762414,-0.113952505,0.014524324,0.101755535,0.214335832,-0.050231735,0.133744713,0.030595868,0.091546209,0.140886285,0.022893316,-0.066321747,0.145863444,0.33270044,0.248698759,-0.172944575,0.06246072,-0.23804782,0.06177325
"sample_174",-0.326870603,0.308723695,-0.472041869,0.354890566,0.155176953,0.040456015,-0.051603714,-0.040800022,-0.213811417,0.043217587,0.09508659,-0.380079452,-0.361254222,0.300321519,-0.239242753,-0.203969203,-0.365141644,-0.302378209,-0.248066708,0.315779206,-0.206147567,0.122484565,0.129477367,0.408074677,0.320052743,0.169293118,0.226699047,0.245959713,0.134123898,-0.221187439,-0.304328861,-0.575713269,-0.458617962,0.210444664,-0.207942031,-0.533535127,-0.084406594,0.117556698,-0.320792089,-0.07537317,-0.543197679,-0.045757479,0.140826149,-0.148678887,0.337512213,-0.432965492,-0.187284309,0.081567947,0.17834491,-0.136026784
"sample_175",-0.144304872,-0.066558751,-0.156117186,-0.091939567,0.23545468,0.362947712,0.057833685,-0.169851308,-0.038240616,0.072935102,0.040190219,-0.286759232,-0.430341333,0.100626859,0.155549828,0.009934231,-0.332339174,-0.3210835,-0.179457426,0.011927633,-0.120892219,0.202516565,0.042082582,0.080045779,0.168764803,-0.286687358,-0.151666,0.152068782,0.06355723,0.031294157,-0.279957742,-0.48901734,-0.434786009,0.266152058,0.083487755,-0.522817651,0.25805279,0.109630573,-0.234392103,-0.185806114,-0.462302842,-0.166368487,-0.141351998,0.117090031,0.496258149,-0.294720582,-0.05673944,-0.10939177,-0.019904893,-0.039248246
"sample_176",0.260203394,0.271655588,-0.073578064,0.253369375,-0.089476721,-0.394664821,0.23051132,-0.070762295,0.310846761,0.054434515,0.205039527,0.302428392,-0.042909983,-0.090367202,-0.225185485,-0.22889792,0.218857169,0.001700554,-0.061809875,-0.166847546,0.308278219,0.074645795,0.172087236,0.452265597,0.253774529,0.305070301,0.26349672,-0.343838184,0.018787616,0.172123371,0.221588565,0.282152581,0.223154881,-0.136669634,0.352657566,0.275459118,0.179553842,-0.215964616,0.116870427,0.309425696,0.360996538,0.371847599,-0.328413357,0.43797808,0.360376332,0.303719386,-0.124962614,0.203084405,0.154967812,0.137762011
"sample_177",0.213501283,0.148471793,-0.289764944,-0.008009837,0.091174879,0.047085813,-0.020363046,-0.116604551,0.01945529,0.07889242,0.191107843,-0.109273192,-0.182074093,0.043722639,-0.329873407,-0.305222514,0.011931211,-0.299979366,-0.177906841,0.162927856,-0.056407991,-0.058302767,0.072506343,0.155848734,-0.124458749,0.211881688,0.073523381,-0.121890001,0.012781409,-0.078391761,-0.084577948,-0.220809432,-0.064359564,0.129940086,0.071993274,-0.108667505,-0.030567839,0.256372303,0.032881862,0.039938882,-0.015338331,0.074468807,-0.132254034,0.171598931,-0.214059218,0.038527342,-0.207051901,-0.061060873,0.212034415,-0.016709177
"sample_178",-0.336366818,0.296822166,-0.291067157,0.270543144,0.01208424,0.177172318,0.011706161,0.001556574,-0.224810394,0.138941951,0.145537246,-0.444795391,-0.307293692,0.376592967,-0.148282614,-0.16948169,-0.246323253,-0.205764993,-0.305193617,0.160310476,-0.201518503,0.199270638,0.137904576,0.368349767,0.394682233,-0.257926332,0.081588066,0.222775535,0.34189631,-0.255955144,-0.289411194,-0.572375624,-0.533218303,0.104763336,-0.43950243,-0.537095757,-0.092324726,0.370781302,-0.362627468,-0.264066167,-0.430088379,-0.446626725,0.14865193,0.038783782,0.504433159,-0.343205981,0.071355293,0.021588376,-0.153776089,-0.117934608
"sample_179",-0.231224415,0.305012349,-0.448948869,-0.021515401,0.160450464,0.117859631,-0.069999214,0.046992148,-0.157959975,0.116466071,0.101902222,-0.309380971,-0.360839357,0.231326136,-0.192672376,-0.19192677,-0.348308001,-0.324891639,-0.301241972,0.168743299,-0.167489351,-0.048311748,0.057685097,0.404976228,0.314457155,0.115272583,0.161919035,0.192556667,0.144539247,-0.252301214,-0.31933428,-0.530762062,-0.287241459,0.26626287,0.126609649,-0.495660666,-0.107413745,0.174304854,-0.173111223,-0.129194686,-0.456177331,-0.340234531,-0.007147681,-0.13178617,0.277953955,-0.390047303,-0.237975077,0.094841957,0.126072782,-0.052728062
"sample_180",-0.374858953,-0.270890101,-0.452612868,-0.005659552,-0.131652663,0.048619072,-0.44347574,0.042766504,-0.444914679,-0.124683885,-0.282263684,-0.453249599,-0.113528597,0.08519362,-0.363111745,-0.333106167,-0.370580822,-0.19534505,-0.325455521,0.153724033,-0.336875139,-0.346733259,-0.297801955,-0.413869452,-0.263838458,-0.624392962,-0.510358898,0.282709664,0.065605295,-0.334777322,-0.449886139,-0.58690536,-0.409821973,0.03083629,-0.330253234,-0.511553637,-0.488464898,0.37087235,-0.327629494,-0.416327046,-0.501034038,-0.569016326,0.328884152,-0.513914229,-0.538821697,-0.501725917,-0.10459124,-0.419569365,-0.251398728,-0.246007964
"sample_181",0.327228143,0.399473284,-0.055289601,0.156451359,-0.089902406,-0.34078813,0.074100488,-0.179182919,0.03887014,-0.06015176,0.334444706,0.344473085,0.329625901,-0.149542824,-0.328342843,-0.280759324,0.247585249,0.312803108,-0.014484994,-0.330586086,0.174385648,0.037876809,0.294218247,0.47882893,0.24528208,0.521015655,0.487085645,-0.472482709,0.114588719,0.320603334,0.380866832,0.526861555,0.288267894,-0.212350163,0.116240422,0.418307398,0.044335476,-0.314834345,0.034734951,0.296910627,0.475679155,0.346998329,-0.208895417,0.288494484,0.214264027,0.395449092,-0.083718388,0.17604145,0.027384876,0.062296598
"sample_182",-0.357121353,-0.159158215,-0.437095857,0.094405326,-0.076161241,-0.052640623,-0.406751892,0.147965077,-0.368412191,-0.037634308,-0.274525358,-0.428600542,-0.07760458,0.11766452,-0.346900432,-0.276064729,-0.329238948,-0.23235775,-0.254844699,0.057420607,-0.24058057,-0.312997894,-0.253890499,-0.413976857,-0.272101199,-0.631985601,-0.51049901,0.286018111,-0.023309555,-0.330921633,-0.445005619,-0.529112774,-0.320616445,0.056876222,-0.454478619,-0.474004969,-0.450205823,0.419860554,-0.219953177,-0.3867302,-0.461776055,-0.509734077,0.346850021,-0.434440781,-0.55122015,-0.450568831,-0.000186908,-0.350619453,-0.200573477,-0.202866254
"sample_183",0.387266425,0.220939961,0.052808309,0.134379902,0.000853627,-0.405454773,0.225925717,-0.105951732,0.142415454,0.064239994,0.209794914,0.333514104,0.411803847,-0.074296343,-0.269884423,-0.215453836,0.298690591,0.39490657,0.041025933,-0.258128507,0.257495626,0.121868889,0.164046873,0.406561054,0.156494215,0.455332818,0.317241344,-0.413905902,0.003269746,0.372866701,0.390743595,0.485145202,0.197571401,-0.169226365,-0.039723526,0.483271794,0.124594183,-0.272457246,0.197490192,0.312672299,0.471909705,0.402693373,-0.244197162,0.354314503,0.143220021,0.424853861,-0.035898454,0.269233126,-0.093146323,0.132428474
"sample_184",0.055591171,0.479610517,-0.060313958,0.051856592,0.098769701,-0.036491391,0.315534287,-0.05789343,0.110385391,0.13124566,0.408623328,-0.265333843,-0.273342971,0.116012779,-0.283120683,-0.23434698,-0.022337718,-0.124147587,-0.232542117,0.275041769,0.003438822,0.169921428,0.328930164,0.54179238,0.532190279,0.62875268,0.554120328,-0.126813901,0.271722,0.036674025,0.214794279,-0.257008872,-0.297094356,0.058819089,0.005507338,-0.359960535,0.098023979,0.091478893,-0.127381546,0.255577115,0.122460363,-0.069615145,-0.095877648,0.149057429,0.512915865,-0.002025326,-0.072615407,0.095466823,-0.035278749,-0.017496228
"sample_185",0.312732831,0.177383231,0.147849677,-0.066056681,-0.059975132,-0.368116245,0.14226037,-0.142274107,0.445063822,0.158594301,0.335289928,0.287445353,0.238341157,-0.167079645,-0.16615628,-0.214391808,0.247721951,0.21823466,-0.032114843,-0.299936427,0.076831893,0.066953572,0.153327321,0.414166859,0.153349002,0.615058114,0.450773715,-0.330644014,0.06970767,0.259066053,0.386877322,0.388498635,0.26721821,-0.169961021,0.300489847,0.336257993,0.120328088,-0.163091101,0.104255332,0.320291424,0.388483555,0.414825228,-0.207715891,0.391299084,0.204516737,0.404236576,-0.098973567,0.142662982,0.050255282,0.114660199
"sample_186",-0.195299839,0.207170217,-0.400755605,0.294262486,0.118119686,0.152024947,-0.03860988,-0.051270713,-0.131536796,0.06386058,0.092675129,-0.362797497,-0.408068006,0.194577826,-0.157221377,-0.181073389,-0.350934149,-0.33909435,-0.239243214,0.281677638,-0.173582343,0.073751269,0.205561095,0.347475902,0.264623718,0.015760905,0.008274985,0.226260157,0.099870791,-0.130924955,-0.326237529,-0.529723846,-0.368870247,0.309422525,0.324275984,-0.523893716,-0.062199468,0.331995545,-0.341601315,-0.087389457,-0.441953599,-0.175195918,-0.125139748,-0.080332357,0.350689558,-0.303544389,-0.267412594,-0.007906456,0.277467339,-0.098904707
"sample_187",0.209723782,0.38049805,0.050018438,0.088066535,0.069843179,-0.105538409,0.304134079,-0.134233338,0.297660898,-0.060790541,0.254942292,0.320037973,0.106641509,-0.13723331,-0.061604919,-0.039597962,0.140024984,0.122394489,0.000251043,-0.256934769,0.058772958,0.121682486,0.255968108,0.453002366,0.260678447,0.660588393,0.591112812,-0.313995778,0.000727678,0.232647189,0.182868624,0.369738103,0.272624812,-0.052574218,0.414024495,0.355109903,0.407148656,-0.269388948,0.038851001,0.231899776,0.189744633,0.485670897,-0.370844307,0.252261164,0.475839854,0.286817125,-0.117272842,0.309953736,0.267472312,-0.027426836
"sample_188",-0.372950891,-0.245661495,-0.505822852,0.030483821,0.076204368,0.158954271,-0.486289306,0.04392902,-0.417785094,-0.022167574,-0.30740985,-0.399405758,-0.267030842,0.067293239,-0.196763718,-0.18855636,-0.403393239,-0.347715546,-0.343171172,0.195822659,-0.304142985,-0.333396843,-0.278258183,-0.46934186,-0.335461361,-0.648493342,-0.550761804,0.392047182,-0.143144309,-0.395456751,-0.504201309,-0.595297235,-0.208183077,0.242148697,-0.13930787,-0.560964611,-0.464099019,0.387796541,-0.341032523,-0.434447556,-0.601253255,-0.591658381,0.271535346,-0.517091857,-0.509710885,-0.46391337,-0.237625987,-0.284886688,0.131486813,-0.175430392
"sample_189",0.069355045,-0.026861515,-0.245653608,0.04172256,0.220952394,-0.239641689,0.022072562,-0.094313228,-0.066755967,0.021179097,0.036399512,-0.041631366,-0.238251412,0.188331324,-0.061744023,-0.093665599,0.015529065,-0.242458955,-0.093206176,0.073555214,-0.077044262,0.074355842,0.071958105,0.074764397,-0.116532696,-0.091456976,-0.038158286,0.006818768,-0.014952427,0.024230808,-0.161145027,-0.263505308,-0.178871174,0.29147181,0.119805128,-0.108416609,0.198635032,0.081637419,-0.039193694,0.073130692,-0.257378319,0.138926872,-0.089809111,0.124338021,0.068550721,-0.060600779,-0.079506527,0.100234718,0.09074835,0.014414925
