"","HALLMARK_ADIPOGENESIS","HALLMARK_ALLOGRAFT_REJECTION","HALLMARK_ANDROGEN_RESPONSE","HALLMARK_ANGIOGENESIS","HALLMARK_APICAL_JUNCTION","HALLMARK_APICAL_SURFACE","HALLMARK_APOPTOSIS","HALLMARK_BILE_ACID_METABOLISM","HALLMARK_CHOLESTEROL_HOMEOSTASIS","HALLMARK_COAGULATION","HALLMARK_COMPLEMENT","HALLMARK_DNA_REPAIR","HALLMARK_E2F_TARGETS","HALLMARK_EPITHELIAL_MESENCHYMAL_TRANSITION","HALLMARK_ESTROGEN_RESPONSE_EARLY","HALLMARK_ESTROGEN_RESPONSE_LATE","HALLMARK_FATTY_ACID_METABOLISM","HALLMARK_G2M_CHECKPOINT","HALLMARK_GLYCOLYSIS","HALLMARK_HEDGEHOG_SIGNALING","HALLMARK_HEME_METABOLISM","HALLMARK_HYPOXIA","HALLMARK_IL2_STAT5_SIGNALING","HALLMARK_IL6_JAK_STAT3_SIGNALING","HALLMARK_INFLAMMATORY_RESPONSE","HALLMARK_INTERFERON_ALPHA_RESPONSE","HALLMARK_INTERFERON_GAMMA_RESPONSE","HALLMARK_KRAS_SIGNALING_DN","HALLMARK_KRAS_SIGNALING_UP","HALLMARK_MITOTIC_SPINDLE","HALLMARK_MTORC1_SIGNALING","HALLMARK_MYC_TARGETS_V1","HALLMARK_MYC_TARGETS_V2","HALLMARK_MYOGENESIS","HALLMARK_NOTCH_SIGNALING","HALLMARK_OXIDATIVE_PHOSPHORYLATION","HALLMARK_P53_PATHWAY","HALLMARK_PANCREAS_BETA_CELLS","HALLMARK_PEROXISOME","HALLMARK_PI3K_AKT_MTOR_SIGNALING","HALLMARK_PROTEIN_SECRETION","HALLMARK_REACTIVE_OXYGEN_SPECIES_PATHWAY","HALLMARK_SPERMATOGENESIS","HALLMARK_TGF_BETA_SIGNALING","HALLMARK_TNFA_SIGNALING_VIA_NFKB","HALLMARK_UNFOLDED_PROTEIN_RESPONSE","HALLMARK_UV_RESPONSE_DN","HALLMARK_UV_RESPONSE_UP","HALLMARK_WNT_BETA_CATENIN_SIGNALING","HALLMARK_XENOBIOTIC_METABOLISM"
"sample_1_BAL",-0.356040275,-0.200974271,-0.448087968,0.098252772,0.117168296,0.26676298,-0.400963465,0.122678694,-0.315474227,-0.044638091,-0.263425938,-0.42207837,-0.34209197,0.249679259,-0.177380036,-0.157604387,-0.291461219,-0.372697149,-0.271050173,0.294783158,-0.23686823,-0.260855666,-0.232967306,-0.422284732,-0.287423503,-0.660764325,-0.534209501,0.368017945,-0.067202138,-0.363579648,-0.499489963,-0.576775051,-0.355166944,0.160310623,-0.233845912,-0.512228188,-0.408122096,0.385228193,-0.249657299,-0.387786857,-0.579442327,-0.45226701,0.175302598,-0.425521617,-0.507090978,-0.487829866,-0.130462716,-0.279741834,0.034032208,-0.183646495
"sample_2_BAL",0.149354289,0.103645892,-0.302662297,-0.073363929,0.118308226,-0.144139946,0.075441772,-0.099687945,0.073431884,0.167465866,0.183880868,-0.076559457,-0.326740423,0.02166481,-0.148268838,-0.125162665,-0.12800089,-0.250153434,0.088314764,-0.223346803,-0.007025246,0.122370495,0.15390555,0.391411746,0.129446265,0.365313464,0.192019373,0.024583189,0.0225446,-0.140767762,-0.019884834,-0.286442506,-0.118023635,0.094420117,0.393497202,-0.08006449,-0.007366111,-0.116941789,-0.046820865,0.082059948,-0.160532461,0.195909683,-0.061229687,0.252276363,0.270554586,-0.082682125,-0.048870622,0.086334547,0.012774231,0.060465168
"sample_3_BAL",-0.379352511,-0.275160282,-0.490290112,0.017778496,-0.042367742,0.061193165,-0.43415513,-0.010841794,-0.420552951,-0.232625075,-0.378721341,-0.408282338,-0.219121901,0.083175038,-0.323948103,-0.310147733,-0.411442932,-0.324923083,-0.306572201,-0.027648233,-0.338059299,-0.309354144,-0.317378259,-0.455028078,-0.363009375,-0.655858913,-0.548644738,0.285918125,-0.142390629,-0.375111348,-0.483855852,-0.60472208,-0.334735708,0.168887126,-0.297580166,-0.558554337,-0.482437991,0.251186216,-0.366656355,-0.478502534,-0.579858952,-0.553660555,0.283457834,-0.475856024,-0.574726851,-0.522543593,-0.205470868,-0.330897066,-0.044286612,-0.243545897
"sample_4_BAL",0.374258858,0.213039115,-0.142600769,-0.01274302,-0.008166527,-0.222022195,0.143678582,-0.138067627,0.311923444,0.133021954,0.260946061,0.269142009,0.139231647,-0.036832735,-0.20674333,-0.196545341,0.226504956,0.087699627,0.014721466,-0.26573606,0.118373354,0.089398469,0.142136859,0.366017,0.11408812,0.264715301,0.178870609,-0.32792779,-0.05068466,0.103157338,0.252054204,0.411514889,0.355093977,-0.011132184,0.298055372,0.428932628,0.098451493,-0.010506864,0.128374493,0.261060338,0.26689866,0.396977539,-0.191355828,0.273060723,0.087281649,0.37000864,-0.166740678,0.243785773,0.043126642,0.138562408
"sample_5_BAL",0.411537469,0.258694914,-0.111817555,0.233549572,0.04717577,-0.113672294,0.283661379,-0.071875169,0.26198593,0.237935093,0.32493995,0.300777957,-0.024625974,0.092727645,-0.018262713,-0.02450313,0.301368848,-0.049086319,0.081465701,-0.236525948,0.181575048,0.134813654,0.255677903,0.339801885,0.128574961,0.430206553,0.280599075,-0.270509102,0.034283284,0.030625826,0.348401777,0.32964293,0.463787692,0.112465326,0.325552125,0.408477153,0.301967859,-0.144588618,0.154266248,0.269682077,0.303738916,0.549134606,-0.319382323,0.381213637,0.251567688,0.397612324,-0.108889529,0.373426005,-0.004956843,0.183037945
"sample_6_BAL",0.412227345,0.281059308,-0.021362941,0.009661832,0.050054144,-0.058468413,0.131211632,-0.072797255,0.295453293,0.086113348,0.259121796,0.33301005,0.270696875,-0.065653164,-0.24456794,-0.262804367,0.331155149,0.133887681,0.031184029,-0.269545023,0.163859174,0.059272505,0.125511066,0.358909425,0.081068156,0.459919954,0.352390754,-0.344733242,0.010169212,0.180099736,0.397204338,0.519038845,0.376124758,-0.067595778,0.273119407,0.50093861,0.082163084,0.198119345,0.147046662,0.321548186,0.403141634,0.498029327,-0.188093154,0.237615955,0.008746214,0.375476472,-0.175963451,0.171816969,-0.080452011,0.183154577
"sample_7_BAL",0.105055788,-0.097428378,-0.259973226,0.094374719,0.129296643,0.044749944,-0.115098334,0.023029867,-0.135740189,-0.083760546,-0.046577125,-0.00341855,-0.271498152,0.164127064,-0.120618504,-0.118997485,-0.106804067,-0.313779603,-0.041158589,0.024674617,-0.058118606,0.07343973,0.102731607,-0.044404098,-0.145531541,-0.486313497,-0.334101428,0.073113165,-0.142317957,-0.279168046,0.036655277,-0.122938491,-0.047349671,0.294050988,0.015311971,0.079942821,-0.004262785,0.232547615,-0.036208221,0.147286895,-0.327401302,0.193734698,-0.038637065,0.033235361,-0.178956433,-0.118039299,-0.264413525,0.153402547,0.188667781,0.021738589
"sample_8_BAL",-0.337815509,-0.236556902,-0.50124197,-0.023360298,0.131119909,0.268819248,-0.424357972,0.023919071,-0.327129848,-0.128270658,-0.331821402,-0.302413528,-0.302726395,0.093763073,-0.223686588,-0.145659134,-0.363412307,-0.278397119,-0.267835248,0.310420412,-0.262305845,-0.18809324,-0.173458795,-0.405748404,-0.32773255,-0.574086479,-0.508321441,0.36274693,-0.087026365,-0.290773754,-0.469783783,-0.545717094,-0.17995783,0.261643148,0.137160579,-0.495422789,-0.363168562,0.415304023,-0.281151973,-0.33039743,-0.581727534,-0.476076606,0.246119405,-0.321774177,-0.49791161,-0.444838597,-0.20332749,-0.261073778,0.273260265,-0.241416249
"sample_9_BAL",0.218158405,-0.371316606,0.303798451,-0.352324208,-0.059871363,-0.192867662,-0.038405632,0.055382501,0.513259964,-0.203345527,-0.136119884,0.291121243,-0.080296391,-0.266258722,0.08787001,-0.006130306,0.251006106,-0.001104302,0.104222011,-0.119725786,0.158664611,-0.015106729,-0.254340802,-0.360387542,-0.386205866,-0.113233494,-0.264133654,-0.329602317,-0.273848641,0.224492219,0.28805719,0.384939101,0.081237986,-0.144597117,-0.173492879,0.338333453,0.062846054,-0.232441043,0.323684755,0.212551387,0.464392023,0.29955823,-0.118329206,0.085013194,-0.374244135,0.446317809,0.166287029,-0.018126689,-0.009206855,-0.04164951
"sample_10_BAL",-0.39765951,-0.231534229,-0.503395307,0.038876529,0.058442876,0.140731826,-0.442425066,-0.02154792,-0.355802622,-0.019402388,-0.363138473,-0.419903348,-0.318724226,0.112283983,-0.178248934,-0.215746566,-0.399483591,-0.309189952,-0.261940472,0.302503524,-0.293117265,-0.279920337,-0.232776548,-0.444373227,-0.304747568,-0.631150098,-0.54662043,0.392630502,-0.204442506,-0.370634118,-0.527598656,-0.618206767,-0.282985182,0.282304356,-0.238642734,-0.559986033,-0.401245962,0.300321251,-0.292799923,-0.448595983,-0.586857365,-0.50930587,0.335072319,-0.419118647,-0.504564868,-0.462408431,-0.16254604,-0.296184741,0.038685679,-0.244895974
"sample_11_BAL",-0.339498909,-0.20614053,-0.474520834,0.088950578,0.039399803,0.2544994,-0.437643627,-0.034549774,-0.369830332,-0.048329153,-0.368879206,-0.420731063,-0.297483321,0.120444221,-0.128568528,-0.141770013,-0.324467455,-0.380607518,-0.238233221,0.288233548,-0.253679281,-0.239393043,-0.28184861,-0.401361093,-0.361272537,-0.646104883,-0.571068172,0.429422197,-0.184751528,-0.39765267,-0.559766014,-0.621165542,-0.194013037,0.275040758,-0.124368201,-0.560430872,-0.412672583,0.328115257,-0.323244149,-0.441194247,-0.626459417,-0.502390762,0.252136985,-0.471759337,-0.487603194,-0.471999581,-0.24514592,-0.297870618,0.199981356,-0.165788954
"sample_12_BAL",0.39938417,0.230875385,-0.108540845,0.106060471,-0.057821408,-0.295655639,0.188231246,-0.03722471,0.393060575,0.00413336,0.283201362,0.438766442,0.350581394,-0.125959212,-0.300394396,-0.238086004,0.28473017,0.233811432,-0.015214117,-0.37135753,0.107080861,0.064755753,0.190412847,0.477047033,0.219759286,0.569518833,0.447399381,-0.405445229,-0.018307773,0.271274936,0.400666868,0.494821144,0.415436231,-0.081869075,0.06212603,0.520417994,0.222306075,-0.175886732,0.124978418,0.360402625,0.249382188,0.504950814,-0.276567459,0.225336646,0.293180359,0.373770387,-0.278765433,0.252937264,-0.010450097,0.061107605
"sample_13_BAL",-0.355613745,-0.249838288,-0.549949414,0.043047254,0.041611033,0.084578633,-0.406561186,0.024270866,-0.30797099,-0.001071678,-0.324020657,-0.403015856,-0.31328101,0.132067937,-0.097194274,-0.163273931,-0.387705013,-0.374412328,-0.274504451,0.28063454,-0.25832688,-0.194266845,-0.248256862,-0.421064511,-0.319046292,-0.643797073,-0.561725146,0.38877813,-0.215701623,-0.390623389,-0.534068493,-0.602065133,-0.244423833,0.27133753,0.133673158,-0.569663016,-0.359878736,0.314724076,-0.308524807,-0.370166594,-0.615198419,-0.514477315,0.21795334,-0.494928167,-0.516678044,-0.516181091,-0.272238178,-0.274311661,0.294123428,-0.237157904
"sample_14_BAL",0.256874974,0.059846177,-0.105073844,0.249846706,0.165693684,-0.226317134,0.221262846,-0.092256122,0.035354884,0.095198608,0.117704913,0.086818541,0.32841462,0.094194245,-0.00117747,-0.069230867,0.024732232,0.230850743,0.072339867,-0.206896199,0.07929219,0.168603805,0.210351146,0.230585071,0.033811214,0.245293561,0.174686479,-0.241580865,0.018590117,0.281102612,0.210636419,0.381619643,0.356338131,0.104777873,0.395939728,0.202767637,0.198909372,0.29948786,0.037202426,0.275410604,0.014443001,0.404151582,-0.052814865,0.276518121,0.217452124,0.335950005,-0.102277369,0.226658889,0.244483785,0.096531743
"sample_15_BAL",-0.396624087,-0.261657394,-0.504865444,-0.050212287,-0.051313809,0.051272915,-0.46061693,0.017790571,-0.430799645,-0.17296407,-0.342035148,-0.426654799,-0.216960061,0.114196683,-0.245593096,-0.252318297,-0.38455324,-0.303102608,-0.309641235,0.14273064,-0.314547732,-0.328882555,-0.325000213,-0.468530343,-0.324640906,-0.65840648,-0.541290408,0.332875248,-0.093324774,-0.37391944,-0.538308024,-0.599395218,-0.307951982,0.201811424,-0.373120927,-0.554846896,-0.496600872,0.281745528,-0.305847025,-0.422294242,-0.580606527,-0.609815122,0.328610667,-0.540749626,-0.561929608,-0.565338076,-0.136296992,-0.357890158,-0.094024573,-0.198870451
"sample_16_BAL",-0.354832447,-0.119249224,-0.385740748,-0.091552398,-0.098744677,-0.169258707,-0.406258488,0.09968466,-0.386706307,-0.001607004,-0.194504671,-0.399956987,-0.120214294,0.134625287,-0.319692266,-0.281545304,-0.303758482,-0.152235658,-0.276001525,0.046986435,-0.216416972,-0.316228107,-0.232859587,-0.36661469,-0.170402398,-0.554480001,-0.424933689,0.317662502,0.067668955,-0.311231688,-0.440146524,-0.503649339,-0.386211111,0.022248075,-0.474215232,-0.420202259,-0.464738065,0.394511571,-0.252365179,-0.364144009,-0.411902502,-0.517401816,0.387796843,-0.475813903,-0.498768337,-0.42497722,0.008513493,-0.35526604,-0.336260151,-0.173508124
"sample_17_BAL",-0.348671738,-0.180624109,-0.478250188,-0.065342069,0.022846654,0.206810155,-0.445532243,0.038985129,-0.360068866,0.065506866,-0.330690345,-0.383902733,-0.314687186,0.212549628,-0.191194612,-0.147666891,-0.336554034,-0.337592109,-0.218547898,0.189126216,-0.22238445,-0.181402218,-0.244260123,-0.398707403,-0.352002178,-0.638672533,-0.528248738,0.338725409,-0.212937323,-0.314522062,-0.494940587,-0.562027782,-0.0576008,0.296719969,-0.107678482,-0.50933029,-0.414858232,0.298480711,-0.24203859,-0.417581591,-0.582353417,-0.447723989,0.24827302,-0.449499526,-0.533670519,-0.448303761,-0.195535638,-0.251793057,0.045841197,-0.188848988
"sample_18_BAL",-0.382718779,0.281966147,-0.529091387,0.301239611,0.123984888,0.09961185,-0.233494687,0.038185258,-0.387766303,0.021017862,-0.053879791,-0.346668533,-0.316115755,0.241006542,-0.230701344,-0.168279489,-0.39236742,-0.216247993,-0.307445671,0.287799914,-0.207145533,0.100197065,0.054317685,0.258869402,0.177510769,-0.213835509,-0.107487894,0.317653023,0.070734709,-0.251561237,-0.352631913,-0.583459554,-0.29466312,0.223416826,-0.322814841,-0.574246465,-0.292299509,0.120443913,-0.374415486,-0.256391301,-0.56485696,-0.263550733,0.125969353,-0.346039589,0.095984973,-0.464329389,-0.309270425,-0.141143513,-0.095168206,-0.177603338
"sample_19_BAL",-0.382423923,-0.260815157,-0.488255662,-0.086486502,0.004195702,0.207427661,-0.439844539,0.010142479,-0.418198489,-0.079787133,-0.339050346,-0.376174021,-0.250670058,0.025307161,-0.272862189,-0.242299884,-0.413814712,-0.321834404,-0.242012,0.06087291,-0.308790897,-0.29379557,-0.314038959,-0.448990634,-0.337403561,-0.653300107,-0.528278956,0.388262651,-0.188635513,-0.373995066,-0.517420469,-0.611948807,-0.258000601,0.238435177,-0.24890651,-0.567799016,-0.444035794,0.303175831,-0.302778898,-0.409078365,-0.584227155,-0.545766443,0.311510229,-0.525294054,-0.536586353,-0.472854401,-0.271077338,-0.292493796,0.055319154,-0.208709865
"sample_20_BAL",-0.258629147,-0.117430348,-0.451961457,0.145512545,0.141917527,0.340697586,-0.291459664,-0.083505783,-0.1185888,0.012990103,-0.265312745,-0.209351862,-0.275547177,0.216025931,-0.029146878,0.012551353,-0.270152624,-0.343771521,-0.03513681,0.306038038,-0.210881812,-0.004318226,-0.165995695,-0.372787509,-0.213966278,-0.54708972,-0.459521179,0.348111211,-0.187146894,-0.351653428,-0.438012484,-0.541502926,-0.019232979,0.35255621,0.111176511,-0.493401254,-0.276352534,0.218325078,-0.242641883,-0.308037535,-0.568143038,-0.339050306,0.171873349,-0.348958071,-0.405997836,-0.334940556,-0.289479583,-0.047372954,0.25740379,-0.094814807
"sample_21_BAL",0.102924925,0.324415033,-0.308980461,0.025351976,0.111557414,-0.038588415,0.095915972,-0.24317885,-0.024468426,0.071769222,0.242950812,-0.100968752,-0.14451956,0.094257321,-0.235989155,-0.230536815,0.004450441,-0.129249211,-0.100009319,0.119402023,-0.118943871,0.000626665,0.169750532,0.317584087,0.085202595,0.421123486,0.290906648,-0.075025983,0.028050829,-0.098202096,-0.036875728,-0.182093566,-0.124131171,0.109808763,0.116144626,-0.0485118,-0.148421027,0.305301721,-0.235826935,0.049910214,-0.143114301,0.055988662,-0.239425996,0.187229553,0.066583929,0.161563294,-0.329275664,0.036819522,0.085057414,0.023868452
"sample_22_BAL",-0.341337428,-0.176270586,-0.495628974,-0.024411194,0.06738234,0.214284689,-0.379503845,-0.003679591,-0.366659465,0.010595973,-0.306973784,-0.403374667,-0.311556978,0.243787265,-0.223368512,-0.238447753,-0.332897744,-0.337774643,-0.320310834,0.288253138,-0.284688791,-0.192159226,-0.267886976,-0.350926274,-0.225865964,-0.607522827,-0.489060395,0.411034611,-0.070078109,-0.381758078,-0.516080178,-0.622348246,-0.261248402,0.268567302,0.092770841,-0.553159319,-0.398598194,0.41658292,-0.32131453,-0.368538713,-0.576113836,-0.488960555,0.264662446,-0.421807657,-0.498931198,-0.452615381,-0.194739771,-0.317600975,-0.005791762,-0.255022288
"sample_23_BAL",-0.336977943,-0.007332019,-0.483638613,0.292620119,0.116087421,0.409093397,-0.118439099,0.057637067,-0.285528797,0.006854844,-0.146669284,-0.380831772,-0.370026062,0.277335729,-0.117837966,-0.076307093,-0.423348935,-0.332052261,-0.248178844,0.410145836,-0.293657488,0.113597883,-0.03720685,0.191589997,0.298754994,-0.197778308,-0.088652986,0.395873952,0.174675207,-0.359155692,-0.413228202,-0.635981799,-0.36478113,0.331910584,-0.316594202,-0.627059832,-0.116378698,0.306642201,-0.313076232,-0.333461889,-0.572239266,-0.360995628,0.238001334,-0.241497861,0.404564233,-0.481783024,-0.138951549,-0.001489599,0.089113797,-0.099127916
"sample_24_BAL",-0.385821426,-0.168709733,-0.445189263,0.093287428,-0.100264635,-0.048787216,-0.442984748,0.027334666,-0.384394238,-0.134512868,-0.301122788,-0.419366464,-0.159453017,0.059820469,-0.371678057,-0.324181305,-0.349276203,-0.185085549,-0.317045632,0.008206795,-0.274247877,-0.34955773,-0.260778974,-0.430234284,-0.312761247,-0.591944182,-0.520977076,0.299201094,-0.008727808,-0.359362215,-0.466793635,-0.550189461,-0.324417316,0.018335183,-0.373575106,-0.522664588,-0.448017033,0.191329014,-0.258363033,-0.399754027,-0.467333293,-0.549058759,0.337101081,-0.542143825,-0.56040914,-0.450902509,-0.154813854,-0.424474133,-0.358975915,-0.197896922
"sample_25_BAL",-0.290432572,-0.188883247,-0.473864888,0.020182234,0.071933261,0.110302556,-0.386578344,-0.065637574,-0.388331528,-0.0809812,-0.270496667,-0.364623564,-0.243449855,0.119215469,-0.205559441,-0.10700988,-0.390244441,-0.260540079,-0.264988601,0.1989213,-0.317112789,-0.233079469,-0.242097169,-0.399520105,-0.28139005,-0.645860195,-0.519440669,0.323290918,-0.107257493,-0.348304204,-0.515868337,-0.569264384,-0.252603081,0.245401521,0.041605084,-0.465005372,-0.37572263,0.390975992,-0.426701434,-0.385179811,-0.57914451,-0.406048533,0.271564115,-0.414542017,-0.451584307,-0.459871951,-0.263708568,-0.23208347,0.144697691,-0.267005601
"sample_26_BAL",-0.385372558,-0.288234916,-0.482132642,-0.057356326,-0.075917276,-0.006759968,-0.478783508,0.031956469,-0.433616179,-0.124957908,-0.345739514,-0.416267022,-0.200289859,0.071451317,-0.320131626,-0.296804388,-0.376612061,-0.308244801,-0.292441273,0.140154601,-0.282208616,-0.309798404,-0.276871938,-0.454246693,-0.281929933,-0.635029558,-0.529854868,0.342661745,-0.140588691,-0.405493758,-0.507134253,-0.596082289,-0.349539575,0.171287138,-0.307166331,-0.522515351,-0.46053166,0.278532899,-0.28563318,-0.453757986,-0.562095399,-0.582862968,0.316837326,-0.483213663,-0.531496967,-0.532962364,-0.186610707,-0.364232972,-0.040166254,-0.217961107
"sample_27_BAL",0.119900859,0.135163264,-0.163036386,0.188231014,0.199785757,0.226400342,-0.043649574,0.088181998,-0.155052435,0.066668278,0.146070393,-0.073586467,-0.322322515,0.130648581,0.087493874,0.007539302,0.037462363,-0.321658146,0.037527903,0.136188248,-0.0120372,0.126897817,0.02714845,0.023396419,-0.104637261,-0.237284137,-0.028592373,0.100765433,0.014612703,-0.235990378,-0.17070709,-0.227700014,-0.197357087,0.208229699,0.084397049,0.072592317,0.154862997,0.166771258,0.05084338,0.16899973,-0.212165447,-0.029244661,0.054482696,0.005813509,-0.015885809,-0.206596694,-0.234934262,0.144291573,-0.06721932,0.027593912
"sample_28_BAL",-0.37273362,-0.191705765,-0.4325793,0.037506365,-0.124112509,0.13076177,-0.440075496,0.113433137,-0.437689254,-0.046454071,-0.30695929,-0.414949943,-0.165879824,0.090127438,-0.367534643,-0.328274517,-0.357074386,-0.187344009,-0.325939775,0.157335328,-0.29553233,-0.341710013,-0.334054758,-0.423258394,-0.254786345,-0.595803592,-0.516859412,0.3096135,-0.021631518,-0.337848066,-0.479976827,-0.560271297,-0.412944787,0.070800235,-0.338058532,-0.52234493,-0.484692484,0.299053176,-0.286471482,-0.468815644,-0.459419881,-0.554392388,0.321906143,-0.519909953,-0.551737298,-0.496827401,-0.087024268,-0.363640795,-0.267729662,-0.234770231
"sample_29_BAL",-0.364790527,-0.246177792,-0.470404449,0.226251686,0.016686661,0.173159526,-0.40084607,0.024020166,-0.359470944,-0.114689738,-0.325555177,-0.38654455,-0.272617894,0.153241635,-0.153856261,-0.195184643,-0.329977639,-0.325015823,-0.238863661,0.18976948,-0.299407924,-0.252599485,-0.260340103,-0.38708636,-0.340021291,-0.671877007,-0.529781584,0.394527624,-0.19202146,-0.357046951,-0.519566118,-0.60390495,-0.253419236,0.2453095,0.13481149,-0.56958119,-0.37144272,0.312540916,-0.358706382,-0.359450287,-0.577000638,-0.498524115,0.275197143,-0.475198278,-0.477891358,-0.501113295,-0.165118684,-0.297126201,0.308190292,-0.190468933
"sample_30_BAL",-0.365154492,-0.290922948,-0.525815477,-0.024359197,0.060286526,0.136177744,-0.434705748,-0.037606474,-0.411511445,-0.098972726,-0.378962434,-0.33152609,-0.362673359,0.124420905,-0.184198327,-0.144423428,-0.405757672,-0.375870862,-0.246007827,0.266532996,-0.308518517,-0.206776806,-0.261147417,-0.446181171,-0.322922932,-0.684744743,-0.589403312,0.38110472,-0.16521433,-0.362932669,-0.535563397,-0.643447273,-0.218558437,0.243778493,-0.08517527,-0.570041405,-0.373610499,0.255962125,-0.379819703,-0.424572981,-0.621121965,-0.458995498,0.191597837,-0.473256169,-0.513603532,-0.48804818,-0.310149468,-0.270237872,0.189717191,-0.234495202
"sample_31_BAL",-0.245070822,0.035770645,-0.44088834,-0.213628512,0.175475702,0.3218578,-0.269548578,0.01616979,-0.209832763,0.138861906,0.012245928,-0.321349569,-0.339388781,0.221017331,0.014852929,0.014151265,-0.313060201,-0.322867859,-0.13814994,0.467031103,-0.077103509,-0.031854328,-0.056028846,-0.165896717,-0.077101325,-0.278613689,-0.204579186,0.318505135,0.067182422,-0.308182266,-0.314362005,-0.395917671,-0.19784717,0.237287067,0.052759699,-0.364361195,-0.137163428,0.300925088,-0.232992481,-0.221736365,-0.473971544,-0.297120057,0.111304347,-0.342646643,-0.353614689,-0.306092621,-0.194691951,-0.106771613,0.252711454,-0.005280962
"sample_32_BAL",0.099536697,0.371338746,-0.349392446,-0.051589931,0.124030891,-0.019910379,0.096729237,-0.092773614,-0.212040377,0.082114181,0.254938393,0.005255444,-0.209088867,0.019533055,-0.3063285,-0.29775561,-0.175736618,-0.146820259,-0.156470133,0.020312192,-0.067681912,-0.046988728,0.164939484,0.354634801,0.239835348,0.384062634,0.374133008,0.079445882,0.11282323,0.016550351,-0.189613017,-0.199058923,0.003802196,0.194715848,0.147720318,-0.215256061,-0.021176008,0.234174394,-0.031949026,0.104396261,-0.308333097,-0.215537249,-0.091222524,0.12744876,0.194029392,-0.168873613,-0.215914123,-0.010860454,0.151315428,-0.162831882
"sample_33_BAL",-0.332443019,-0.27741003,-0.461812624,0.214425166,0.110662242,0.265236032,-0.389081192,0.05292851,-0.179599514,0.128548671,-0.268679602,-0.429020274,-0.399256579,0.260008207,-0.007625308,0.015218429,-0.319108458,-0.388347741,-0.212077745,0.314210468,-0.166672027,-0.068323116,-0.189808339,-0.378760111,-0.299812067,-0.632882673,-0.475765169,0.383265055,-0.027122305,-0.391425633,-0.470105199,-0.59035185,-0.302388898,0.324585624,0.053518956,-0.514612913,-0.368928496,0.400137437,-0.250549867,-0.408890501,-0.591160405,-0.38837205,0.216083368,-0.379813645,-0.378601924,-0.454564206,-0.14680333,-0.281683418,0.06457887,-0.201216967
"sample_34_BAL",-0.356053516,-0.139936389,-0.549095822,-0.045481528,0.150691514,0.204830943,-0.366224983,-0.072134467,-0.263034502,-0.102958253,-0.219029626,-0.375769408,-0.308263894,0.217810701,-0.08670045,-0.036922961,-0.450949535,-0.34765757,-0.303138193,0.277501876,-0.263359874,-0.045772834,-0.205339167,-0.215621046,-0.170145705,-0.564174328,-0.455312973,0.381971395,-0.01656699,-0.344799432,-0.444016432,-0.626384534,-0.213105735,0.315436243,0.120916867,-0.586834739,-0.285764195,0.302454711,-0.365913884,-0.324120966,-0.602316644,-0.459155975,0.179643056,-0.254847121,-0.217471807,-0.455680265,-0.226945381,-0.143075222,0.297265209,-0.192160674
"sample_35_BAL",0.272915013,0.085895099,-0.198707638,-0.099947166,0.094948817,-0.095659988,0.085768752,0.019118427,0.190074941,0.092059762,0.137027256,0.216839004,0.175069008,-0.007856374,-0.190646337,-0.15865218,0.120742616,0.091228073,0.025438915,-0.291728479,0.053754267,0.001527619,0.094239892,0.245561165,-0.008572214,0.490079558,0.375618823,-0.259365872,-0.03806864,0.234259582,0.160328122,0.298916161,0.165977738,0.052055762,0.250231093,0.25392816,0.23544808,-0.15052298,0.179579382,0.17889217,-0.022098029,0.296308665,-0.144472164,0.28660805,0.011843016,0.274165658,-0.222695012,0.206448575,-0.056143002,0.04366549
"sample_36_BAL",-0.361746403,-0.204173313,-0.469948633,-0.072802015,-0.042398984,0.127418155,-0.448483532,-0.047345913,-0.402124641,-0.102387522,-0.323003842,-0.427290659,-0.238949069,0.12755171,-0.315197444,-0.300064477,-0.330799725,-0.329365308,-0.314496439,0.104036237,-0.301841039,-0.300713839,-0.318830673,-0.435361457,-0.317978064,-0.642511584,-0.521862764,0.340304213,-0.137793261,-0.39659134,-0.498818894,-0.605294972,-0.241031966,0.10798883,-0.39227549,-0.560443181,-0.464569687,0.33874073,-0.294621864,-0.445356796,-0.535410321,-0.582585916,0.276511051,-0.508489098,-0.544610942,-0.51036687,-0.20167386,-0.347393326,-0.145754533,-0.239057021
"sample_37_BAL",0.179098786,0.210947433,-0.121399837,-0.005846666,0.200265948,-0.144859659,-0.028232561,0.033291679,0.070543417,-0.102026082,0.157895696,0.06059096,0.023078877,0.005544374,-0.189532051,-0.229657332,-0.050983224,-0.037753671,-0.131760557,-0.094401879,0.110722478,-0.023081842,-0.00191426,0.174362484,-0.111269544,0.354204498,0.181648889,0.009174452,-0.123217489,0.104980026,-0.016236191,-0.087273914,0.125792209,0.105515692,0.10333819,-0.076768051,0.013127569,0.267652549,0.032523714,0.070092847,-0.265094107,0.195969211,-0.11669325,-0.004006915,-0.207265004,0.057211542,-0.240571806,0.048755409,-0.11828874,-0.052976079
"sample_38_BAL",0.189049636,0.418406339,-0.091915009,0.329096396,0.084296992,-0.185108927,0.212618635,-0.054881279,0.118334892,-0.029453544,0.225913718,0.203254166,0.137185788,-0.11694482,-0.13150051,-0.208490238,-0.055512377,0.144680464,-0.077122715,-0.119547085,0.105565969,0.158263456,0.186428562,0.432558918,0.188615645,0.430621568,0.413875391,-0.33512127,0.016385539,0.220978401,0.213687369,0.366057249,0.106534249,-0.036164777,0.159282208,0.246051537,0.20542434,-0.075669778,0.085029706,0.323342461,0.175656915,0.287690072,-0.278682364,0.321958924,0.345419086,0.225124894,-0.086687447,0.277885302,0.365096423,0.022951559
"sample_39_BAL",-0.063505888,0.200984716,-0.304273975,0.036819317,0.162764817,0.016111442,0.080942527,-0.089822086,-0.003608703,0.12696617,0.181419329,-0.210414418,-0.18853115,0.268766603,-0.066851899,-0.036100258,-0.250027163,-0.09006524,-0.10447659,0.129102588,-0.159378797,-0.027219227,0.150997076,0.145096071,0.197683871,0.590625571,0.476258217,0.120107914,0.019773643,-0.112310829,-0.239799984,-0.296747064,-0.045826267,0.276324034,0.260754149,-0.37886476,0.03190133,0.22766186,-0.284898485,-0.068587066,-0.403824362,-0.255096514,-0.013375149,0.134158922,0.223082353,-0.069735291,-0.155887659,0.223727416,0.271863116,0.035114288
"sample_40_BAL",-0.270831201,0.064080444,-0.486926124,0.164914256,0.214820206,0.188820138,-0.293231949,0.097615998,-0.25030681,0.084106349,-0.091330433,-0.36930714,-0.297271411,0.176556447,-0.197568649,-0.143105843,-0.325380255,-0.231591129,-0.170335854,0.32383172,-0.193475304,-0.005701926,-0.060200808,-0.207203248,-0.199381633,-0.468985434,-0.384866254,0.273432631,-0.033457928,-0.304539328,-0.385487274,-0.506250413,-0.065872022,0.296290957,-0.06323293,-0.367921974,-0.262015413,0.221444314,-0.235596198,-0.311512044,-0.50036464,-0.435304111,0.299558277,-0.23857201,-0.349320145,-0.447188332,-0.119945169,-0.229978265,-0.035341542,-0.101723241
"sample_41_BAL",0.329356092,0.06964398,0.017554789,0.222878003,0.00601018,-0.145321391,0.170292895,-0.129682027,0.19158528,0.085449986,0.137644563,0.177193627,0.15444615,-0.022976951,-0.003994438,-0.022558919,0.213144716,0.211964166,-0.025271456,0.044877557,0.12628357,0.07957808,0.157403723,0.191037369,0.021197762,0.154386804,0.179459845,-0.374921269,-0.034811515,0.383942008,0.216736364,0.292960994,0.245163812,-0.062057888,0.058696956,0.309386191,0.165473323,-0.253423195,0.036271252,0.272654622,0.404694845,0.351619003,-0.146865341,0.374090836,0.127710969,0.328818124,0.092661248,0.239217753,-0.020549014,0.041111076
"sample_42_BAL",-0.345815276,-0.230854966,-0.465391094,0.085865909,0.255269341,0.227879506,-0.302619999,-0.030076731,0.002536458,0.085474824,-0.191640038,-0.413271853,-0.406841387,0.327264672,0.061300091,-0.116157252,-0.344028005,-0.400478312,-0.225062173,0.314326181,-0.201941305,0.003382967,-0.022769766,-0.284700748,-0.168968186,-0.44524811,-0.408661018,0.333908163,-0.066921968,-0.309111396,-0.463125052,-0.653318766,-0.373498359,0.428256742,-0.014687748,-0.589736764,-0.198033936,0.19151039,-0.272743243,-0.449319214,-0.616429573,-0.486174756,0.216308929,-0.235230636,-0.279974714,-0.419240628,-0.030943963,-0.157876243,0.031594555,-0.002176407
"sample_43_BAL",-0.314124075,-0.020379318,-0.538622904,0.15605524,0.156018493,0.338891115,-0.164040491,0.040522171,-0.286701966,0.127292674,-0.019026731,-0.304748648,-0.388588175,0.336687061,-0.048394951,-0.069807331,-0.376197612,-0.354408025,-0.18812634,0.399830913,-0.19591986,0.012629299,0.01883407,-0.04553096,0.187278023,-0.552755991,-0.416865577,0.366557759,0.138794048,-0.30842263,-0.452868179,-0.580625098,-0.216726198,0.327890721,-0.232172418,-0.564343879,-0.226857325,0.421554237,-0.302186291,-0.283190349,-0.564158322,-0.291382948,0.184497597,-0.239514708,0.285089714,-0.419920025,-0.327385115,0.03627946,0.18616763,-0.056431712
"sample_44_BAL",-0.329986324,-0.284701025,-0.535102016,0.001732467,0.026429551,0.170657477,-0.418900599,0.01639963,-0.333397201,0.066375065,-0.318774643,-0.390041401,-0.283573803,0.086449218,-0.164681614,-0.215246533,-0.381698029,-0.364425887,-0.272012035,0.136467783,-0.210906451,-0.255457791,-0.240559001,-0.41696608,-0.327713274,-0.661212445,-0.571631965,0.398222602,-0.16634994,-0.368922955,-0.514507232,-0.633882806,-0.192488252,0.23780313,-0.072711307,-0.582378216,-0.410022928,0.223994868,-0.331530048,-0.447314764,-0.610562938,-0.536374117,0.280399732,-0.518108029,-0.544096419,-0.515639938,-0.274459602,-0.283695515,0.11459481,-0.103125775
"sample_45_BAL",-0.323597279,-0.361919616,-0.426532205,-0.148591149,0.162909751,0.104901939,-0.236811286,-0.032732032,0.080124998,-0.031937356,-0.33085968,-0.312491333,-0.291307745,0.184104465,-0.031305063,-0.196031718,-0.321611482,-0.352987552,-0.178246196,0.22119695,-0.108151236,-0.163233958,-0.164834054,-0.28207568,-0.280839359,-0.506120546,-0.443112456,0.182590843,-0.129998169,-0.241813173,-0.407622162,-0.513280695,-0.318068491,0.231568976,-0.15288232,-0.45366814,-0.211257766,-0.00653341,-0.219380313,-0.390785824,-0.530878318,-0.437639032,0.206489262,-0.324507973,-0.374579389,-0.388090999,0.017106884,-0.147608367,0.039421587,-0.172911403
"sample_46_BAL",-0.355956666,0.338257839,-0.499198027,0.102066054,0.133459284,0.213341781,0.003633836,-0.018793089,-0.211771218,0.022511719,0.088319846,-0.36290283,-0.412523907,0.3195527,-0.190396433,-0.170812714,-0.375443171,-0.297908293,-0.290763478,0.452433163,-0.277172185,0.124672047,0.108632532,0.326569616,0.440891093,0.060625499,0.241995206,0.377580923,0.196222033,-0.256828253,-0.301143513,-0.623916609,-0.345476961,0.322378701,-0.137813593,-0.607894448,-0.066678855,0.319215248,-0.392970901,-0.165176448,-0.545121937,-0.291237863,0.132716928,-0.268792366,0.524784076,-0.380801969,-0.228757189,0.011576709,0.183774432,-0.189156746
"sample_47_BAL",0.369821707,0.213144746,-0.134092274,0.318555785,0.124665748,-0.228943416,0.235926087,-0.153611119,0.114053739,0.12427213,0.248751072,0.252990973,0.389698314,0.033053559,-0.13797306,-0.100701567,0.224007601,0.345168892,0.083984757,0.240109143,0.123409022,0.058145856,0.248825743,0.374654205,0.110086774,0.375451093,0.294088249,-0.304364298,0.018964059,0.36483594,0.29314688,0.34733382,0.391051558,-0.021947996,-0.003225569,0.322223425,0.101327683,-0.303445851,-0.004772503,0.230289837,0.240539346,0.280160091,-0.153038392,0.301455495,0.183017804,0.29156441,-0.058963429,0.193527882,-0.124398618,0.091932777
"sample_48_BAL",-0.326700161,-0.142359213,-0.359654086,-0.071721449,-0.247486324,-0.039247157,-0.459364389,0.057205753,-0.448017529,-0.099963051,-0.336802695,-0.387607902,0.079647738,0.007143297,-0.367336348,-0.321937302,-0.328786315,-0.096717792,-0.279898752,-0.004481913,-0.283670141,-0.372632855,-0.280980604,-0.407190575,-0.174347101,-0.537350375,-0.448621607,0.17824855,0.104548804,-0.228610179,-0.396029386,-0.449155622,-0.384629421,-0.13706224,-0.410883768,-0.439061333,-0.477843388,0.325904899,-0.265900686,-0.330724837,-0.321438876,-0.604400599,0.338919319,-0.469154334,-0.516500973,-0.450870477,0.028227412,-0.410043645,-0.327452195,-0.274705871
"sample_49_BAL",0.135936362,0.368503737,-0.121518453,-0.005624546,-0.028714333,-0.252950466,0.019161423,-0.061708795,-0.147175245,-0.002731831,0.196114971,-0.093228558,0.174888476,-0.015729647,-0.37648703,-0.338841694,0.018361914,0.195854036,-0.16575538,-0.173356905,0.009061441,-0.10729081,0.160316261,0.257269522,0.037805663,0.047988633,0.161090272,-0.307233045,0.009824191,0.209163963,-0.025686198,0.242510914,-0.110332353,-0.152444248,-0.066876114,0.087632053,-0.190440159,-0.025043641,-0.024442525,0.142039438,0.283075603,-0.13968842,-0.046214824,0.154661883,-0.22119424,0.020706571,-0.029253259,-0.146587723,-0.252558625,-0.048065226
"sample_50_BAL",-0.359573489,-0.282401716,-0.518046447,-0.073090192,-0.036669014,0.128141962,-0.457199832,-0.016328287,-0.364202554,-0.144821802,-0.393611797,-0.377305538,-0.259374242,0.06473744,-0.190927721,-0.233809193,-0.369397683,-0.314322451,-0.293741563,0.257119171,-0.338962682,-0.27972391,-0.328873232,-0.448432354,-0.334907743,-0.667059417,-0.575921036,0.358975621,-0.211380515,-0.365197878,-0.544135018,-0.615870925,-0.266144546,0.25501712,-0.219475678,-0.556572393,-0.433247213,0.34797519,-0.348613519,-0.443093355,-0.613614749,-0.546198842,0.270055627,-0.460245622,-0.532476263,-0.506683026,-0.277158553,-0.283803177,0.10286644,-0.262481183
"sample_51_BAL",-0.194179648,0.170548025,-0.454422578,0.007009371,-0.031036675,-0.12592738,-0.335621225,0.177157545,-0.386142663,0.128258052,0.103616661,-0.302317485,-0.242869417,0.145140563,-0.372601786,-0.333342205,-0.189261368,-0.127872643,-0.297441533,0.200755102,-0.142907237,-0.169497546,-0.090860483,-0.069576981,-0.118022494,-0.32935443,-0.137092285,0.10001166,0.122040735,-0.230395099,-0.332734492,-0.377358443,-0.316402233,0.112296956,-0.363195968,-0.307655393,-0.370767983,0.07881805,-0.109017955,-0.203543984,-0.366657523,-0.270870393,0.24162485,-0.462509559,-0.368395304,-0.395760027,-0.163956658,-0.279470251,-0.361253212,-0.008364506
"sample_52_BAL",-0.402146522,0.074323843,-0.351044996,0.021495368,-0.107658685,-0.111093082,-0.357995231,0.123470372,-0.458469298,-0.059101857,-0.256865087,-0.403612046,-0.062812845,0.169132528,-0.295136102,-0.331339338,-0.345511202,-0.104666238,-0.2992422,0.118276335,-0.237993092,-0.266591655,-0.242884615,-0.250200032,0.050935089,-0.504093736,-0.392186073,0.265967682,0.193376494,-0.274934765,-0.348868718,-0.540246851,-0.411446082,-0.009085974,-0.405945635,-0.531586222,-0.456235527,0.265703332,-0.287002524,-0.349203486,-0.357919737,-0.597442671,0.29102006,-0.471657024,-0.358653018,-0.465499072,0.094032689,-0.354199029,-0.369541554,-0.210378964
"sample_53_BAL",0.260362576,0.146953468,-0.031835533,-0.056298161,-0.108712956,-0.347222424,0.119480964,-0.144183657,0.201055945,-0.033799906,0.154271283,0.28455113,0.437229903,-0.148053616,-0.288902876,-0.229297746,0.122764687,0.332188912,-0.014945262,-0.186866561,0.069933449,0.055686713,0.174219096,0.264627941,0.012241077,0.496042818,0.390100387,-0.447550209,0.006227545,0.344196353,0.285901159,0.466125712,0.281166226,-0.224648297,0.116212215,0.392413421,0.081342688,-0.294393689,0.229839103,0.258743147,0.363010461,0.176960838,-0.257248657,0.251039584,0.124427449,0.326117467,-0.109605503,0.148459294,-0.109752585,0.007625652
"sample_54_BAL",0.111990848,0.507626872,0.0570313,-0.080302577,0.050533352,-0.036326269,0.299064855,-0.075216038,0.16675448,0.052594286,0.377580053,0.1011977,-0.187610442,-0.114783827,-0.170109165,-0.171159063,0.011097046,0.032050128,-0.103335785,-0.031273407,0.102407138,0.260601771,0.294540607,0.510553347,0.530708452,0.605449842,0.617122308,-0.223041591,0.210882008,0.045806076,0.282401251,-0.031683259,-0.261131447,-0.042942208,-0.039172218,0.050150605,0.181971083,-0.251425082,-0.009675559,0.360738201,0.165788628,0.251884403,-0.110943893,0.227782002,0.577886139,0.14813124,-0.110384901,0.240800672,-0.141486919,-0.036812474
"sample_55_BAL",0.287721761,0.370983284,-0.072667619,0.004821998,-0.009080537,-0.26512361,0.200298489,-0.058625696,0.181317581,0.071630257,0.31335437,0.295838359,0.16325764,-0.059149259,-0.267179586,-0.227322673,0.185117037,0.172288385,-0.095063294,-0.040762524,0.039568719,0.128721008,0.288583204,0.445935337,0.292202434,0.531812085,0.452810713,-0.343317242,0.115832405,0.237680192,0.263499077,0.314529205,0.148036285,-0.115725924,0.14960806,0.325670492,0.121133786,-0.252530957,0.155591744,0.302160197,0.331950919,0.157633293,-0.315870656,0.214151973,0.367254291,0.287673019,-0.066299726,0.174835915,-0.078105532,0.007380583
"sample_56_BAL",0.037357759,0.505075661,0.03112193,0.291715196,-0.01362988,0.045464659,0.386491244,-0.004768706,0.239098539,0.04257989,0.396867603,-0.07363576,-0.272989328,0.017547049,-0.143150533,-0.168089257,-0.139690875,-0.062863289,-0.097365039,0.188392775,0.126615493,0.304801364,0.298346122,0.586655099,0.587315518,0.789834698,0.693128516,-0.145660261,0.200711613,0.091994509,0.169160241,-0.162025037,-0.312312279,0.03643577,0.161195326,-0.206386761,0.260408241,-0.220077196,-0.223406073,0.347560475,0.118737467,0.093329776,-0.143691133,0.202537617,0.670418258,0.037765573,-0.086950333,0.243373066,-0.018770963,-0.064882068
"sample_57_BAL",0.192619798,0.160063044,-0.022452741,0.086178349,-0.117921495,-0.334440544,0.122444458,-0.014091419,0.047618302,-0.09098776,0.329054038,0.228904697,0.385768458,-0.124820568,-0.388578467,-0.227973468,0.18557614,0.374977765,-0.063136362,-0.287474812,0.076569857,0.032904336,0.176305171,0.328443926,0.20112609,0.485682239,0.385090168,-0.287098922,0.028595512,0.371049809,0.309755099,0.384599987,0.330025984,-0.170034309,0.105783147,0.296718142,0.063883846,-0.067767434,0.129946559,0.294143285,0.284824647,0.256763426,-0.125609269,0.318039303,0.139503715,0.32861029,-0.142185907,0.067788676,-0.084198674,0.021405603
"sample_58_BAL",-0.367564966,-0.235992581,-0.498678827,0.033819708,-0.03658736,0.168272215,-0.419711881,-0.062395115,-0.379200186,-0.025621881,-0.369680831,-0.404541589,-0.283159561,0.123972985,-0.158258377,-0.227134085,-0.35499742,-0.349416473,-0.286020996,0.217757979,-0.27481951,-0.266640004,-0.302463207,-0.392047473,-0.331996752,-0.673666405,-0.566144641,0.372518326,-0.145258185,-0.417052451,-0.526233991,-0.595962835,-0.267727952,0.229610956,-0.183779417,-0.560159525,-0.411305151,0.271588052,-0.334367933,-0.442079358,-0.603034572,-0.608283033,0.260027574,-0.510197685,-0.540015823,-0.478469709,-0.316541963,-0.284496555,0.201751489,-0.254657766
"sample_59_BAL",-0.280031709,-0.139647572,-0.419359427,0.028985069,-0.045797982,0.105605958,-0.407202447,0.153669181,-0.355425773,0.040441093,-0.251420768,-0.429530643,-0.196179537,0.14795026,-0.224861356,-0.211627853,-0.349195085,-0.241190647,-0.282526011,0.253287611,-0.266221117,-0.330427704,-0.283699438,-0.464908907,-0.290342009,-0.582893915,-0.486581453,0.327710702,-0.085068325,-0.256324799,-0.458073083,-0.560239196,-0.301848321,0.166473986,-0.081775176,-0.518622643,-0.443689216,0.261441384,-0.226096425,-0.372809412,-0.465780326,-0.549923678,0.318174062,-0.501754385,-0.521906955,-0.439861685,-0.093708564,-0.343751362,0.060765382,-0.265612851
"sample_60_BAL",0.108812851,0.293354048,-0.223681236,-0.043471892,0.094063824,-0.009070641,0.177639181,-0.101012521,0.042195113,-0.037424857,0.245496784,0.104023946,-0.110381934,-0.014428377,-0.22117021,-0.227279224,-0.02716942,-0.042024051,-0.132984242,-0.093018473,-0.100089897,0.041092903,0.097479908,0.361479439,0.263182823,0.32142109,0.304587551,-0.109502639,0.030206543,0.152552771,-0.071718372,0.032721769,-0.058668058,0.144403905,0.204724191,-0.044566237,0.037325442,0.004386713,0.030058613,0.271925576,0.133771735,0.006098112,-0.271407148,0.279749526,0.294222706,0.107176609,-0.078894409,0.120599448,-0.161081836,-0.059234353
"sample_61_BAL",0.326568024,0.18241553,-0.05949926,0.042662075,-0.106731317,-0.423272337,0.14843701,-0.083027784,0.257197142,-0.001262871,0.279941263,0.354452565,0.45355022,-0.122810475,-0.314802623,-0.247632491,0.291466618,0.370887003,0.024458555,-0.335594354,0.241032929,0.016753881,0.235962271,0.393688869,0.160568849,0.529256572,0.396682323,-0.460496155,-0.047585267,0.388366772,0.446017936,0.54340847,0.391213872,-0.211177249,0.018790682,0.476742324,0.16649204,-0.309756687,0.183457079,0.284038493,0.461880773,0.471005033,-0.196084808,0.351253307,0.119368331,0.458801289,-0.066556484,0.197687606,-0.143922463,0.166179011
"sample_62_BAL",-0.407783886,-0.223334334,-0.44821853,0.122096939,-0.003157661,0.022961303,-0.436087152,0.11661373,-0.425231927,0.01499561,-0.209683211,-0.418565735,-0.322618286,0.180562888,-0.300863147,-0.302114262,-0.350643891,-0.329150152,-0.336573289,0.251798945,-0.23621711,-0.290481587,-0.28468623,-0.328911252,-0.140491175,-0.60212189,-0.496676646,0.363540907,-0.005374209,-0.372153351,-0.499255363,-0.61651984,-0.317692485,0.118047074,-0.321677687,-0.553678849,-0.458436706,0.333252715,-0.277737765,-0.471160847,-0.518641425,-0.584047095,0.257763231,-0.524617515,-0.509825524,-0.519275435,-0.072870236,-0.363894764,-0.158730025,-0.183148429
"sample_63_BAL",-0.318575769,-0.071063925,-0.515292335,0.223381638,0.159583735,0.00385471,-0.408065574,0.074838396,-0.145269661,0.091744893,-0.196559461,-0.3404154,-0.340687749,0.219108676,-0.117283457,-0.196205211,-0.278857335,-0.359493383,-0.173491204,0.377735315,-0.145332436,-0.040408982,-0.115638749,-0.264434352,-0.139791019,-0.550582171,-0.440485525,0.36105233,-0.085004222,-0.287759534,-0.398540201,-0.545993099,-0.214715678,0.29016982,-0.14866772,-0.50683169,-0.376166323,0.433437517,-0.240126407,-0.372626599,-0.510737336,-0.337228411,0.157387038,-0.381986489,-0.37031488,-0.465817973,-0.229760296,-0.215669962,0.046041415,-0.066869971
"sample_64_BAL",-0.000228944,0.078031766,-0.157640328,0.356354025,0.0030337,-0.252981809,-0.040152386,0.110450218,-0.08608996,0.197558071,0.156142255,-0.283248758,0.079573345,0.258195594,-0.320707807,-0.295629833,0.047092563,-0.012305311,-0.133043721,0.078980847,-0.130239474,-0.295517067,-0.041979849,0.036352703,-0.041681163,0.268697551,0.117996908,-0.084400212,0.122058043,0.032291141,-0.028895022,-0.000890259,-0.251208285,-0.161860632,-0.420884973,0.110513666,-0.281491798,0.120610924,-0.025668384,-0.143342596,0.215651255,-0.173531066,0.275230884,-0.058848447,-0.301554181,-0.086245629,0.013064991,-0.098200034,-0.102611595,-0.066010167
"sample_65_BAL",-0.408865992,-0.131538717,-0.509505125,0.040871101,-0.115351018,0.162591941,-0.433946609,0.03434498,-0.396385409,-0.079866621,-0.237525876,-0.39465484,-0.229337611,0.114426615,-0.229532617,-0.246460635,-0.432432503,-0.276466263,-0.304739952,0.130175347,-0.094297524,-0.179989498,-0.284755026,-0.332984158,-0.068717538,-0.635955912,-0.498460388,0.346543616,-0.033323315,-0.296496734,-0.482461789,-0.598853814,-0.345467286,0.135553873,-0.503115204,-0.560247604,-0.428658815,0.466656713,-0.365577908,-0.376497146,-0.564860284,-0.529128263,0.345173029,-0.431420293,-0.361900522,-0.505265329,-0.244341743,-0.317398797,-0.045360389,-0.18519209
"sample_66_BAL",0.15996719,0.100837138,-0.202888406,-0.075219306,0.047633449,-0.23919276,-0.05632359,-0.048145795,-0.05777245,-0.026154228,0.071068628,0.094907764,-0.01692121,-0.104983811,-0.331034441,-0.299899047,-0.024270936,-0.119867281,-0.145562042,0.007667266,-0.112049162,-0.095236066,0.037281487,0.10492657,0.001794277,0.075318985,0.043927253,-0.200790864,-0.03931824,0.053787392,-0.09384814,-0.021467257,0.101482602,-0.040605193,0.210550759,-0.075347045,-0.046288953,0.001290336,0.073753179,0.050138178,0.188757643,-0.046820264,-0.154585148,0.130308777,-0.124101303,0.060483617,-0.273772998,-0.1595608,-0.014380844,-0.05368179
"sample_67_BAL",0.334345417,0.264539955,0.122556231,0.516243415,0.131480317,-0.180347602,0.265399245,-0.047346195,0.255223277,0.258657154,0.324159178,0.233248761,0.242971067,0.20709778,-0.136872824,-0.090537527,0.20987648,0.214387513,0.122543266,0.144161577,0.21144066,0.140017345,0.265015488,0.317993288,0.251396153,0.09914445,0.09148122,-0.181725949,0.123381778,0.191212586,0.414238505,0.40949467,0.241024432,0.109023498,0.011555589,0.379296075,0.147289761,-0.136020125,0.143470253,0.222009887,0.351334172,0.349177549,-0.123510416,0.27829249,0.046958965,0.350245664,0.042583675,0.098060624,0.040403768,0.164467571
"sample_68_BAL",0.049250562,-0.043890035,-0.225743626,0.18284779,0.185774524,-0.124450865,-0.079795041,0.211345182,0.191220074,0.241146858,0.087051966,-0.123342301,0.006084408,0.18257856,-0.023922747,-0.020200153,-0.053919945,0.05378759,-0.206110924,-0.13145127,-0.097358489,-0.021827329,0.119139536,-0.025813298,-0.043568361,-0.219826461,-0.128008813,-0.025985926,0.140149764,0.064826357,-0.029056522,-0.148865317,-0.001047089,0.080634306,0.282221428,-0.061716742,-0.146606184,0.070821014,0.153576657,-0.082492586,0.015764141,-0.066499936,0.051691465,0.081356422,-0.117131368,-0.008957475,-0.072631843,0.067445602,0.116765034,0.001235446
"sample_69_BAL",0.26090706,0.395278222,-0.228777371,-0.104636195,-0.029359039,-0.202987964,0.094050732,-0.113782287,-0.097009792,-0.077905689,0.265189709,0.204053081,0.29643315,-0.135818318,-0.329819478,-0.337847257,0.056038924,0.246306425,-0.18966459,-0.153043665,-0.024833812,-0.065515516,0.154940539,0.300931819,0.073452983,0.440606585,0.397348212,-0.342100928,0.037989747,0.27049234,0.096558908,0.313144377,0.201616382,-0.015185128,0.171939738,0.261215683,-0.021713732,-0.257899284,0.087209331,0.318831153,0.22296209,0.071542054,-0.154184215,0.090438643,-0.095079633,0.300622738,-0.205406146,0.110882093,-0.111485879,-0.018688787
"sample_70_BAL",-0.188464532,-0.172168571,-0.469691797,-0.062654662,0.06528742,-0.018505708,-0.369424855,0.108224511,-0.309534163,0.063325245,-0.290224719,-0.318714264,-0.220424565,0.195101211,-0.193862149,-0.092713134,-0.299348105,-0.262035461,-0.206483159,0.003588779,-0.197546128,-0.204004856,-0.153584341,-0.387839034,-0.3699028,-0.590160854,-0.523927899,0.310394574,-0.082130832,-0.34969061,-0.432586556,-0.470667717,-0.107448678,0.23214866,-0.265238475,-0.448356854,-0.40590224,0.495168133,-0.2611396,-0.39559673,-0.490978371,-0.425597315,0.178337704,-0.423157768,-0.500108919,-0.436306075,-0.192386303,-0.298785786,0.289112153,-0.110107889
"sample_71_BAL",-0.373764931,-0.291187986,-0.50242356,0.063848962,0.026003667,0.169416187,-0.453687848,-0.020532539,-0.383446019,-0.077631793,-0.350870754,-0.408696981,-0.315005506,0.090956706,-0.232630739,-0.233356325,-0.355371376,-0.393591732,-0.290246024,0.154034071,-0.341021655,-0.269937167,-0.288529009,-0.438327721,-0.318485465,-0.644312953,-0.547712316,0.394512656,-0.180373351,-0.406673424,-0.53151123,-0.60959895,-0.231116655,0.272960802,-0.316038735,-0.57951787,-0.438278768,0.251305501,-0.290711056,-0.467167812,-0.627883965,-0.52347862,0.209942527,-0.507275197,-0.555628649,-0.504530129,-0.28642904,-0.293133197,0.097360144,-0.204887573
"sample_72_BAL",0.146549001,0.179227976,-0.283089924,-0.173255504,-0.056013795,-0.381441415,-0.019105403,-0.101664203,0.002160139,-0.043896903,0.186994513,0.213679507,0.012264435,-0.162038493,-0.36357023,-0.37017912,0.090183158,-0.016284839,-0.231001957,-0.362616505,0.023198626,-0.151833008,-0.012381573,0.200546559,-0.084299988,0.307149415,0.153503936,-0.317694412,-0.078627715,0.247394935,-0.11990279,0.197249325,0.107027535,-0.121814662,0.024642899,0.144000937,-0.036981712,-0.064366404,-0.060830082,0.056139499,0.147809334,0.175738981,-0.316171943,0.18925494,-0.062544692,0.040331361,-0.138292214,-0.049671963,-0.034911895,-0.039049315
"sample_73_BAL",0.336632709,-0.127804536,-0.01521932,-0.050800016,0.004947212,-0.17400375,0.019140688,0.0067943,0.228613101,-0.085212394,0.057531196,0.256048907,0.240414351,-0.16765872,-0.058938103,-0.037217809,0.234677327,0.249918617,0.063905224,-0.035006453,0.230443944,-0.088537347,-0.053047426,-0.12684783,-0.261756782,-0.050154555,-0.104913223,-0.37565922,-0.12556937,0.285530101,0.263812606,0.390074413,0.151191417,-0.103345194,0.184203872,0.361559039,0.107882852,-0.414737722,0.172594841,0.347489798,0.323439509,0.343101954,-0.170570426,0.39647641,-0.173650698,0.321636942,0.018465395,0.147534507,-0.141582176,0.083863671
"sample_74_BAL",-0.350809184,-0.175171337,-0.530644388,0.125525512,0.134789703,0.223180792,-0.423080529,-0.007589695,-0.349908976,-0.039861313,-0.301346762,-0.375553785,-0.319291052,0.178099936,-0.147741406,-0.151848032,-0.386116318,-0.343515768,-0.243342947,0.285854765,-0.269915493,-0.20833308,-0.213601625,-0.375735744,-0.277305056,-0.592375431,-0.515595689,0.377917521,-0.133446944,-0.332730272,-0.509974132,-0.628512739,-0.22072539,0.321356945,-0.085957397,-0.555501321,-0.366231247,0.386949659,-0.333814685,-0.392271162,-0.617829924,-0.486448191,0.145573189,-0.323836897,-0.499530252,-0.461788544,-0.304254043,-0.266781885,0.240872917,-0.150896098
"sample_75_BAL",0.043992255,0.192481428,-0.095881774,0.287093165,0.30271271,0.167453392,0.146703879,-0.197258952,0.082347509,0.12610982,0.278371021,-0.108435131,-0.218175591,0.083884453,0.017810367,-0.019013989,-0.213395911,-0.157748191,-0.062846419,-0.109821753,-0.055327464,0.010735965,0.185059771,0.192284499,0.181249072,0.460511921,0.394646989,0.083625698,0.059711718,0.176962278,-0.244178341,-0.273316218,-0.193366145,0.144211222,0.097714412,-0.299064728,0.222984972,-0.193424363,-0.203202981,0.040398818,-0.143145806,0.098971543,-0.189726437,0.24141895,0.399001655,-0.053650985,-0.055023897,0.028079521,-0.038791145,-0.032133903
"sample_76_BAL",-0.320865769,0.36558793,-0.472708403,0.087629188,0.077545436,0.175050762,0.003287025,-0.003466883,-0.275591249,0.065336481,0.153713106,-0.405413582,-0.350728552,0.227533589,-0.273176793,-0.228020817,-0.38455859,-0.253285316,-0.298576407,0.411729585,-0.188832715,0.084633178,0.09070183,0.42969368,0.378344361,0.132721229,0.214928026,0.272818157,0.209204845,-0.199726008,-0.247492734,-0.597985692,-0.321332123,0.290153817,-0.261360025,-0.53714828,-0.096257656,0.276033856,-0.379583686,-0.108103779,-0.504070503,-0.320886438,0.170397513,-0.12116943,0.426246266,-0.470894448,-0.201223204,0.045064404,0.006855933,-0.183475089
"sample_77_BAL",0.136836577,0.011671,-0.377810174,0.004582852,0.154226521,0.124486067,-0.057819214,-0.066393254,0.055885005,0.085736507,0.155763138,-0.058498784,-0.209877072,0.139237131,-0.204364848,-0.189865567,-0.108273217,-0.221497592,-0.212313813,-0.004078393,-0.128839075,-0.067420253,-0.0090466,-0.0245214,-0.12905832,0.201291132,0.114807873,0.063915632,-0.031658906,-0.076016075,-0.163242468,-0.255059398,0.024111845,0.343087167,0.182996905,-0.135574614,-0.002364815,0.408102694,-0.155734826,0.027337608,-0.37320863,-0.001364158,-0.030063365,0.096131752,-0.19214084,-0.134673738,-0.254263525,0.083277379,-0.061745553,-0.020371433
"sample_78_BAL",0.363856355,0.516761711,0.109058045,-0.068081619,-0.068915608,-0.324002242,0.4314175,-0.062644268,0.372015633,-0.043984272,0.327201482,0.421175825,0.139292314,-0.15242491,-0.193174666,-0.198085379,0.283410314,0.072751281,-0.061484825,-0.307703363,0.214220518,0.190042864,0.296712061,0.380335508,0.235151591,0.526775934,0.508250372,-0.388324818,0.053643345,0.125929781,0.428196447,0.535815191,0.332700117,-0.206974135,0.02880094,0.536955416,0.320641134,0.054463318,0.214266686,0.325735868,0.354357015,0.512146541,-0.337279985,0.245917084,0.399289602,0.435770452,-0.12484594,0.339597984,-0.010489946,0.032744654
"sample_79_BAL",-0.356700851,-0.276709275,-0.451397458,0.061333327,-0.009379586,0.023265062,-0.430332984,-0.047945178,-0.411416055,-0.065723254,-0.338067784,-0.426614321,-0.207356467,0.066658453,-0.305831586,-0.256922847,-0.393983129,-0.276877151,-0.293337642,-0.002958458,-0.286827853,-0.309667835,-0.274774051,-0.327940702,-0.299302667,-0.459765497,-0.446930724,0.345292768,-0.113168493,-0.326240778,-0.522774809,-0.601005218,-0.323642091,0.202873897,-0.317714049,-0.553320165,-0.491907581,0.362523714,-0.335310252,-0.43370591,-0.579866205,-0.618122045,0.264271179,-0.454929355,-0.484625613,-0.501297244,-0.149921772,-0.344312785,0.01617378,-0.238103451
"sample_80_BAL",-0.335492216,-0.229255324,-0.47482258,0.009108171,0.065869312,0.240005769,-0.37653442,-0.007083816,-0.319174423,-0.054795071,-0.305487402,-0.37028463,-0.297444177,0.150812088,-0.205150764,-0.104108829,-0.414013485,-0.327570166,-0.259770793,0.242619162,-0.28651788,-0.141685626,-0.168932951,-0.332859232,-0.175106078,-0.615791635,-0.484650417,0.343346257,-0.121657609,-0.364673811,-0.470252848,-0.596628626,-0.250473477,0.298716256,-0.109412448,-0.5434024,-0.336989483,0.384616225,-0.399883361,-0.373144267,-0.602239794,-0.446579717,0.171391564,-0.297930461,-0.321800711,-0.48115691,-0.326776109,-0.173481099,0.195837178,-0.163868302
"sample_81_BAL",-0.273885632,0.219451775,-0.502157171,0.068840845,0.152074054,0.255828295,-0.211093265,0.068266669,-0.194087515,0.125383111,0.031597442,-0.26240746,-0.313843824,0.220883667,-0.203610203,-0.230643222,-0.274701661,-0.326511487,-0.255341682,0.440558175,-0.140266626,-0.031225899,0.02177128,0.02685887,-0.059996132,0.188544901,0.114302324,0.252259501,0.19855211,-0.33165109,-0.415175893,-0.451852983,-0.217976405,0.249870831,-0.375695886,-0.399409171,-0.2374054,0.387709494,-0.301041601,-0.145840633,-0.488584187,-0.239093219,0.095702163,-0.232564306,-0.233076237,-0.337576544,-0.301714844,-0.038537377,0.094061296,-0.071506739
"sample_82_BAL",-0.293703796,0.22410766,-0.17747414,0.131305419,0.185159052,0.194997126,0.17652318,0.069611072,0.194505886,0.097896313,0.145416162,-0.300858746,-0.362703392,0.314110124,0.009942749,0.01123372,-0.273164366,-0.27383495,-0.203499003,0.313144951,-0.173863625,0.107737053,0.242128645,0.438547229,0.482627119,0.682939826,0.580649354,0.232623996,0.195183401,-0.103378502,-0.194341798,-0.47381839,-0.263720393,0.317197565,-0.149817817,-0.427239248,0.071117751,0.111252587,-0.024226371,0.082254786,-0.355309408,-0.240351685,0.100427481,-0.166994452,0.500306255,-0.283232158,-0.209561196,0.06689624,-0.14881576,-0.040910414
"sample_83_BAL",0.13687785,0.348414346,-0.150378981,0.161790749,0.18968719,0.233205307,0.102740672,0.105260867,0.24027669,0.151440888,0.253241515,0.000771898,0.03660758,0.106427402,-0.108856853,-0.121076605,-0.078997956,0.026853552,-0.036261751,0.221025821,-0.016851274,0.132153465,0.190283726,0.356970603,0.209314008,0.270069897,0.240637458,-0.107320205,0.134540106,0.103810293,-0.052629069,-0.084126819,0.232175061,0.170141645,0.02237852,-0.168934908,0.115169494,-0.088674565,0.026560549,0.222925996,-0.201249214,0.108050033,-0.232636454,0.081833478,0.26106205,0.109451351,-0.20563497,0.076287411,-0.016311181,0.044910843
"sample_84_BAL",-0.008293991,0.225869841,-0.325478506,0.045302481,0.192109068,0.040452929,0.202322776,-0.138138984,0.033594939,0.081669154,0.135312468,-0.135535013,-0.322879525,0.158331268,-0.03020863,-0.061088068,-0.243390548,-0.257948132,-0.121440826,0.23222109,-0.167658824,0.094929124,0.203116373,0.252466739,0.267702621,0.639199295,0.513193206,0.041396541,0.067657613,-0.093003884,-0.23451561,-0.296211797,-0.06139659,0.209101662,0.150741914,-0.390884005,0.126098924,0.125184041,-0.191337808,-0.0241964,-0.417044575,-0.047382856,-0.168519902,0.10070455,0.396196587,-0.039593447,-0.155150841,0.1597704,0.094986365,-0.07734349
"sample_85_BAL",-0.376030822,-0.005961042,-0.50563237,0.024265203,0.086890133,0.149434794,-0.40425286,-0.022111916,-0.329572885,-0.069424437,-0.233098316,-0.35554458,-0.228136035,0.168497038,-0.279921385,-0.188533723,-0.4279389,-0.269913759,-0.236318301,0.193360584,-0.329262298,-0.188472446,-0.176987499,-0.291316111,-0.147268508,-0.272189934,-0.270097812,0.424667075,-0.007566744,-0.333658681,-0.502750018,-0.612016017,-0.205088156,0.278197215,-0.332786099,-0.55776863,-0.388999394,0.375488334,-0.377610062,-0.361827996,-0.581029759,-0.497039195,0.251686796,-0.470530251,-0.414183967,-0.449537879,-0.312522464,-0.208716479,0.001357628,-0.276651464
"sample_86_BAL",-0.396889841,-0.241142701,-0.484529652,-0.048757925,-0.004807226,0.162560652,-0.419577634,0.014879067,-0.433450488,-0.160686261,-0.373222441,-0.415496621,-0.268386952,0.124575072,-0.252568399,-0.270340853,-0.411594626,-0.347035447,-0.249658332,0.182076447,-0.300958668,-0.277786857,-0.297194268,-0.415604163,-0.282000864,-0.661687174,-0.550056014,0.381579104,-0.183040367,-0.37875858,-0.501068234,-0.619439271,-0.318833454,0.255522284,0.064406328,-0.57232436,-0.432387302,0.381132138,-0.336390717,-0.425329045,-0.579298067,-0.519957831,0.213642194,-0.49403826,-0.511512097,-0.486860531,-0.241484526,-0.293123041,0.180752321,-0.217430802
"sample_87_BAL",-0.367076067,-0.272031824,-0.447889174,0.069568516,-0.088283383,0.181436467,-0.455442192,0.085753104,-0.372735878,-0.061744649,-0.324457729,-0.408858294,-0.260057931,0.158418991,-0.221888614,-0.224740861,-0.376806007,-0.33851831,-0.305494608,0.24446173,-0.274794772,-0.326776062,-0.289479511,-0.385263087,-0.314965775,-0.671054238,-0.558325429,0.337625767,-0.175623108,-0.356851103,-0.490751207,-0.58232244,-0.263933121,0.220824436,-0.081400013,-0.550392582,-0.397273774,0.307784981,-0.330230768,-0.432159144,-0.562646056,-0.477935625,0.252313562,-0.488697693,-0.515899505,-0.482718354,-0.183719341,-0.261025599,0.02903274,-0.207448622
"sample_88_BAL",-0.378933995,-0.171664706,-0.513831345,0.08620602,0.080614922,0.091257778,-0.443834452,0.089561065,-0.416962688,-0.013983301,-0.317155305,-0.411687582,-0.241564654,0.163000422,-0.225310205,-0.269909986,-0.396782618,-0.321522034,-0.300082471,0.220565773,-0.286676452,-0.308558948,-0.205949453,-0.417445794,-0.240885176,-0.60854341,-0.487030155,0.390003445,-0.045096845,-0.333031976,-0.550332342,-0.618274417,-0.273774155,0.241792051,-0.383453192,-0.569742407,-0.39169464,0.346235634,-0.234972726,-0.40559377,-0.56520027,-0.54860707,0.343084847,-0.495514715,-0.473306992,-0.492063664,-0.156160806,-0.325206459,0.117606905,-0.219315538
"sample_89_BAL",-0.359356865,-0.29032165,-0.460463746,-0.067507292,0.032934224,0.115150957,-0.440044204,-0.083794822,-0.386960488,-0.079644812,-0.317884596,-0.355275163,-0.26550758,0.110157763,-0.215853333,-0.206635443,-0.399097839,-0.361653235,-0.267433635,0.132672188,-0.301507089,-0.286037526,-0.290270379,-0.450559358,-0.316166212,-0.687075086,-0.572486839,0.366477555,-0.214577343,-0.413892263,-0.521908906,-0.586821888,-0.260883944,0.260552006,-0.112553222,-0.554887805,-0.40812005,0.378537958,-0.382904722,-0.413946952,-0.615598789,-0.556084302,0.238083583,-0.420565001,-0.519058899,-0.459488028,-0.25866153,-0.292724147,0.071084244,-0.223726208
"sample_90_BAL",-0.350856686,-0.056838149,-0.408058025,0.037531581,-0.139467895,-0.172203718,-0.418269455,0.101576161,-0.447570438,-0.163126959,-0.256964733,-0.462514688,-0.022382677,0.125556275,-0.340928825,-0.332528842,-0.339389516,-0.134634936,-0.305064404,0.076149448,-0.260865305,-0.312243489,-0.240016265,-0.16436333,-0.076115217,-0.5817257,-0.443257914,0.202692929,0.068761094,-0.261078404,-0.44156323,-0.532996551,-0.26500049,-0.020435447,-0.540772661,-0.473706002,-0.470451148,0.363251787,-0.285360037,-0.391855612,-0.468950751,-0.508601709,0.348944004,-0.449441523,-0.400081645,-0.474241328,-0.034156848,-0.383072824,-0.309681194,-0.240477858
"sample_91_BAL",0.008571674,0.196944471,-0.190765037,-0.051177981,0.000260255,-0.043658589,0.054934535,-0.095932321,0.093523244,0.040050466,0.201785207,-0.123689015,0.029291871,0.095270006,-0.265801964,-0.291115486,-0.021434139,0.025274453,-0.143903137,-0.024294714,-0.14908778,0.035847756,0.189584889,0.143626626,0.111068817,-0.040735521,0.087720383,-0.098308621,0.015070193,0.070766024,-0.176792925,-0.338273984,0.019905804,0.172416187,0.322516099,-0.262423234,-0.073457036,9.19e-05,-0.031626567,0.011156062,-0.08179683,-0.172465027,-0.104107351,0.176469683,0.022124613,-0.187621532,-0.011248765,-0.01191458,0.082006845,-0.075226457
"sample_92_BAL",0.155306223,0.222059956,-0.305653315,-0.036415942,0.027234412,-0.278671437,0.107631493,-0.199684943,0.248007518,0.004115616,0.203185683,0.145876227,0.180573347,0.019333975,-0.230603146,-0.238553527,0.028055857,0.153652663,-0.133685495,-0.1324616,0.048586746,0.172756734,0.189326936,0.400092053,0.177208092,0.28888812,0.240006851,-0.222813798,-0.010605974,0.253343076,0.021645386,0.093863625,0.297959833,-0.023601586,0.191888926,0.171338898,0.046165151,-0.042522126,0.009954835,0.245609466,-0.119992166,0.221065768,-0.298968562,0.207779301,0.336428948,0.073649176,-0.112599175,0.303628029,-0.019444563,-0.14229323
"sample_93_BAL",0.21806546,0.126013683,-0.28081382,0.014819733,0.035612182,-0.267228671,0.133303148,-0.183233272,0.230523458,-0.025422102,0.073499383,0.178072191,0.025466324,-0.07882811,-0.060066685,-0.205549697,0.141571449,-0.017587497,-0.133260425,-0.209878903,0.079541535,0.022809204,0.055691273,0.359432561,0.11539635,0.317527344,0.265978592,-0.362839978,-0.107036303,0.273555209,0.011307758,0.050424667,0.420580448,0.004545061,0.206050981,0.098786846,0.243374315,-0.34496988,0.153144775,0.194575318,0.038748384,0.263670357,-0.318060215,0.353425225,0.244428565,0.142144059,-0.104154833,0.151957535,0.129259727,0.100044457
"sample_94_BAL",-0.404704061,-0.214847201,-0.481070355,0.039525969,-0.068579784,-0.046433353,-0.433223518,0.058339924,-0.429807136,-0.146317634,-0.354316132,-0.456992511,-0.257354942,0.083712033,-0.328456425,-0.327497155,-0.37956028,-0.295197163,-0.336695632,0.121058002,-0.310307575,-0.378796903,-0.3106561,-0.496721453,-0.327426888,-0.61128174,-0.553282305,0.306072779,-0.108614526,-0.369160327,-0.527861882,-0.59674519,-0.301425314,0.030091578,-0.394104013,-0.572728479,-0.492548084,0.220470051,-0.273623975,-0.496275492,-0.527552533,-0.590103469,0.382705082,-0.558977832,-0.552830077,-0.498918284,-0.212572645,-0.34915277,-0.253405246,-0.217790274
"sample_95_BAL",0.307231068,0.228414195,-0.005352328,0.007776645,-0.022455509,-0.036393805,0.216852551,-0.089458972,0.322303734,-0.026673208,0.206631712,0.306812543,0.177189806,-0.115799903,-0.121147402,-0.200925836,0.259931035,0.150010487,-0.033472477,-0.170741953,0.118960871,0.063631588,0.240309674,0.448149299,0.206803697,0.449083107,0.375687791,-0.39998174,0.027181993,0.309277336,0.226476204,0.316571727,0.224339393,-0.089258377,0.240947649,0.32211236,0.253655593,-0.47750884,0.180231361,0.354479354,0.390724454,0.375946619,-0.234885505,0.359676857,0.295964419,0.286651553,-0.007481499,0.105093802,-0.010800744,-0.032483034
"sample_96_BAL",0.117835681,0.092790597,-0.274058651,0.081717094,0.042739265,-0.271204,0.104155957,-0.166489759,0.157860923,0.074548026,0.128929286,0.199605768,0.094967103,-0.087988337,-0.216975708,-0.264702612,0.04178097,0.028615031,-0.074260084,0.089593915,0.052953026,0.009851005,0.107107369,0.008338335,-0.010719895,0.118381555,0.081020062,-0.338798381,-0.04786151,0.203848369,0.023075893,0.184709535,0.236273057,0.064346063,0.096935313,0.274181014,0.043304007,0.155469845,0.035453042,0.09548704,0.196161529,0.158440739,-0.193223451,0.204666334,-0.033742173,0.149409099,-0.069057452,0.000140995,0.086290634,-0.016354605
"sample_97_BAL",-0.135463112,0.364846381,-0.397468739,0.139850163,0.052240733,0.213029078,-0.041164144,-0.069663241,-0.092512901,0.179858688,0.269609555,-0.255184328,-0.329997683,0.187563351,-0.311395316,-0.354183161,-0.209618073,-0.313274011,-0.318360778,0.108601777,-0.161958305,-0.062830664,0.141457602,0.376066457,0.357221823,0.335791275,0.331576906,0.083221451,0.079827256,-0.168435049,-0.199145032,-0.491734834,-0.247673096,0.235122682,0.113418799,-0.388856698,-0.061626229,0.178839688,-0.255846007,-0.046108813,-0.36682114,-0.228767438,0.002251288,-0.007616612,0.164653032,-0.30299571,-0.29939251,0.002021307,0.125570899,-0.076077006
"sample_98_BAL",0.255758976,0.187174849,-0.292984402,0.128786673,0.147603302,-0.209363652,0.167527551,-0.052233908,0.126861908,0.0608132,0.233225859,0.152408437,-0.073203365,0.066758772,-0.172616683,-0.182687546,0.018365042,-0.152095186,-0.041057568,0.110846267,0.088471077,0.127107132,0.189221473,0.28041696,0.057677845,0.293806972,0.125200883,-0.170070454,-0.10277003,0.098622318,0.052717648,0.017612741,0.357121805,0.077469512,0.176625895,-0.034143092,0.191346704,0.061328406,0.014535273,0.306123556,-0.032294508,0.306657866,-0.29915595,0.315433677,0.041521385,0.142710627,-0.094577709,0.244056282,0.224330433,0.064043783
"sample_99_BAL",-0.385797037,-0.254337619,-0.468406413,0.007994871,-0.029247892,0.1876385,-0.48148406,-0.038692822,-0.341141105,-0.165974885,-0.324058125,-0.426560575,-0.231818404,0.08943608,-0.330213888,-0.330324869,-0.3327549,-0.314878341,-0.330348104,0.21026469,-0.350180697,-0.363324747,-0.28856976,-0.474254939,-0.28084237,-0.641219279,-0.548871732,0.349706369,-0.159536149,-0.398386992,-0.509943359,-0.580643282,-0.335187781,0.17313785,-0.413218272,-0.525731827,-0.464209966,0.232625077,-0.351307623,-0.42758487,-0.564493381,-0.617879553,0.257606223,-0.488757324,-0.549426705,-0.519788052,-0.215058686,-0.365102809,-0.102082699,-0.268064647
"sample_100_BAL",-0.406974369,-0.231512106,-0.508678316,-0.055136719,-0.013806752,0.141237208,-0.47560083,-0.012015157,-0.379223202,-0.05934594,-0.339423235,-0.385310056,-0.289885564,0.113101793,-0.292715151,-0.291103609,-0.36371758,-0.354708269,-0.262997648,0.105624502,-0.301048273,-0.316542526,-0.267993087,-0.380219828,-0.28912501,-0.68014026,-0.552203155,0.383011052,-0.165330099,-0.389480548,-0.51235362,-0.592429231,-0.263405811,0.192554663,-0.225115364,-0.569317722,-0.465857602,0.332376201,-0.326238314,-0.459103923,-0.553166316,-0.551871265,0.289538657,-0.537364445,-0.55305252,-0.494366972,-0.281344088,-0.267034063,-0.193611958,-0.245705289
"sample_101_BAL",-0.362396957,-0.179517484,-0.460677465,0.068115792,0.146463295,0.224358303,-0.405928633,0.025490297,-0.290578375,0.068354824,-0.257525055,-0.420292673,-0.35511825,0.267188033,-0.079746251,-0.156005872,-0.39404245,-0.38961641,-0.28888027,0.412256865,-0.273763169,-0.15042212,-0.227904327,-0.379980298,-0.242313318,-0.611308915,-0.493357966,0.378619701,-0.075859477,-0.37723534,-0.504951666,-0.618101081,-0.246400827,0.350042178,-0.100863365,-0.569553721,-0.372368139,0.3592058,-0.305364117,-0.409778711,-0.617868745,-0.511949019,0.17750431,-0.399104319,-0.421051903,-0.47158557,-0.14871406,-0.240045915,0.095197771,-0.084662711
"sample_102_BAL",-0.282990158,-0.070597115,-0.482832432,-0.015061071,0.129355828,0.163588865,-0.385404432,-0.000851905,-0.292834047,-0.073119403,-0.254472557,-0.36695414,-0.274004378,0.106174112,-0.23626176,-0.170967797,-0.348245278,-0.306998835,-0.328030679,0.343855693,-0.276931586,-0.173423481,-0.101061316,-0.293283566,-0.215510133,-0.523956186,-0.428966242,0.376455676,-0.086793753,-0.336738055,-0.472380645,-0.544687448,-0.19635805,0.217230602,-0.225175281,-0.505038564,-0.3286248,0.423869898,-0.314330447,-0.297654123,-0.621375,-0.453979118,0.238901859,-0.277544335,-0.343276865,-0.482738177,-0.287383644,-0.079372247,0.212144061,-0.219477011
"sample_103_BAL",-0.1762137,-0.11681629,-0.294593727,0.06323442,0.181290778,-0.007438583,-0.349674153,0.066650069,-0.32363016,0.080015988,-0.16189284,-0.282735144,-0.32472045,0.210419203,-0.010283335,-0.095280897,-0.242447126,-0.277879711,-0.209969064,0.308057958,-0.071318931,-0.080008626,-0.006205103,-0.332093091,-0.293928271,-0.481559354,-0.384161627,0.210693038,-0.015497094,-0.251330946,-0.418021698,-0.428916877,-0.143189429,0.351223576,-0.03513485,-0.34528089,-0.223539732,0.104825951,-0.145351992,-0.097641243,-0.482848523,-0.164208535,0.186300326,-0.340528623,-0.390484086,-0.301808857,-0.018095005,-0.158956074,0.097543952,0.004318576
"sample_104_BAL",0.138758077,0.208662456,-0.180621114,0.105519566,0.259166723,-0.193095424,0.110192489,0.161207687,0.111039879,0.227007466,0.238898836,0.049263287,-0.215818846,0.226613176,0.088478338,0.009776926,0.03673549,-0.249189528,0.013294484,0.123385298,0.040428797,0.129666781,0.225691469,0.234284625,0.16759588,-0.067094794,0.111289978,0.084963803,0.105302953,-0.128503263,-0.033232059,0.123621785,0.242351513,0.258496621,0.150683134,0.249835171,0.182719843,0.333802801,0.098763618,0.142295592,-0.409468933,0.375545935,-0.107325361,0.084404141,0.265625732,-0.142049411,-0.288800317,0.21802619,0.128794222,0.107689781
"sample_105_BAL",-0.37120779,-0.288942328,-0.458445112,0.019769403,0.036172878,0.16692338,-0.434828791,-0.071389234,-0.340480601,-0.091714448,-0.363322827,-0.386935646,-0.300752462,0.143751298,-0.15893414,-0.187851518,-0.369566388,-0.383299675,-0.221565787,0.205006313,-0.28342766,-0.241033826,-0.282835853,-0.455816517,-0.348856496,-0.659993487,-0.575829207,0.393092757,-0.210373403,-0.38842071,-0.539414324,-0.631105021,-0.214738039,0.292985984,-0.014095853,-0.563394038,-0.390145671,0.379291702,-0.349102636,-0.43500509,-0.633542985,-0.446334318,0.19943942,-0.410131436,-0.496998294,-0.51127379,-0.274296853,-0.249826735,0.241019573,-0.196179634
"sample_106_BAL",-0.383351193,-0.248701461,-0.472128837,0.062433596,-0.007779089,-0.009763002,-0.465051788,-0.077553758,-0.410395535,-0.118933624,-0.334167733,-0.377603756,-0.251433827,0.068476211,-0.286494095,-0.329667957,-0.398533146,-0.310276881,-0.334391334,0.131871813,-0.33002832,-0.377146643,-0.301559095,-0.440245179,-0.207167311,-0.599502753,-0.51379606,0.362225399,-0.193364963,-0.400272238,-0.512036216,-0.614445861,-0.340845996,0.193690637,-0.370985934,-0.546066082,-0.449863342,0.275100181,-0.291578652,-0.410991233,-0.592902552,-0.590081533,0.271518547,-0.544524831,-0.563966061,-0.530427264,-0.263421483,-0.30633826,-0.166176439,-0.256812879
"sample_107_BAL",-0.331012736,-0.274693094,-0.492822668,-0.020179559,0.01419395,0.154334125,-0.373349135,-0.06526073,-0.279377804,-0.12872271,-0.347343661,-0.377108383,-0.322836592,0.123556227,-0.136957306,-0.145283899,-0.38507832,-0.383051022,-0.265860387,0.329094718,-0.263025464,-0.195397528,-0.215383329,-0.360709094,-0.30381297,-0.55258187,-0.465524105,0.422086091,-0.225061064,-0.427312363,-0.513736599,-0.609264194,-0.220399681,0.298613722,0.099742678,-0.547406536,-0.306980662,0.351662229,-0.298100701,-0.437415224,-0.593378511,-0.476747654,0.230960597,-0.462845401,-0.425618767,-0.435369357,-0.192740869,-0.230665478,0.230570407,-0.209560785
"sample_108_BAL",0.072188294,-0.350075348,0.241424334,-0.329300616,0.006735273,-0.15924544,-0.095896616,-0.090788571,0.365181344,-0.105415102,-0.276962711,0.052539192,-0.156912867,-0.192403059,0.119308821,0.068823893,0.109758288,-0.106951981,0.041854069,0.146773992,0.020679515,0.033453938,-0.222847281,-0.387998727,-0.424949095,-0.431266621,-0.335861811,-0.018272383,-0.332482873,0.05350721,0.092293582,0.312760164,0.092869807,0.059844809,0.287631394,0.241091572,0.129677433,0.119074317,0.174909305,0.082950753,0.014643078,0.315180679,-0.160731351,0.117389636,-0.373662233,0.183049606,-0.039629339,0.052791947,0.117817701,0.061676325
"sample_109_BAL",-0.31283473,-0.259008936,-0.47876942,-0.022489577,0.061344537,0.070026168,-0.422615504,-0.025855928,-0.368512308,-0.111881306,-0.370883639,-0.34256682,-0.285420597,0.072618882,-0.174955389,-0.184191822,-0.356798238,-0.362536345,-0.247058188,0.254810144,-0.276135842,-0.259761544,-0.270282506,-0.44995572,-0.333524569,-0.671858082,-0.574574031,0.387765494,-0.267950712,-0.387921681,-0.523831978,-0.610412519,-0.188864469,0.31454419,-0.05333044,-0.562467027,-0.376709954,0.275718237,-0.31611002,-0.446128546,-0.626502824,-0.521676702,0.226908556,-0.426943279,-0.49353112,-0.477119634,-0.341788749,-0.201262427,0.275286555,-0.188703576
"sample_110_BAL",-0.396384968,-0.294439465,-0.507324328,-0.095156974,-0.00812497,0.086282784,-0.452985113,-0.064575397,-0.393974934,-0.070947981,-0.384232415,-0.32694258,-0.283612461,0.080196645,-0.240164764,-0.258998819,-0.429421952,-0.354171564,-0.311578062,0.107177966,-0.300921852,-0.270346056,-0.297940698,-0.481726693,-0.347989505,-0.664532523,-0.563057144,0.389165929,-0.247995407,-0.403979403,-0.53971949,-0.619704927,-0.262032774,0.235125915,-0.269184942,-0.573957851,-0.434798772,0.302521647,-0.379649794,-0.454148008,-0.60848048,-0.556483929,0.19666956,-0.461826124,-0.522566375,-0.493847935,-0.234614485,-0.312433814,0.109591596,-0.262215475
"sample_111_BAL",0.091065201,0.305875374,-0.371106757,0.122058545,0.095485473,-0.031016182,0.10438896,0.007308591,0.086735938,0.080700181,0.251413488,-0.257260319,-0.356136848,0.083956945,-0.236836029,-0.252914072,0.021815185,-0.312296686,-0.130435839,0.164038731,-0.014995975,-0.037268479,0.105134084,0.261027149,0.285208016,0.337098598,0.361028028,0.030208002,0.097880647,-0.144634341,-0.056423874,-0.119220788,-0.067164314,0.121050922,0.2006037,-0.001830244,0.010245803,0.180312579,0.051795189,0.11518044,-0.297386095,-0.082811565,0.004828558,0.16987281,0.224422749,-0.040683355,-0.176181996,0.096486424,0.030159222,-0.122849589
"sample_112_BAL",-0.305298393,-0.153210105,-0.483927529,-0.105648839,0.099455691,0.251865258,-0.369427763,0.091537116,-0.258258921,-0.02427913,-0.237323175,-0.314357891,-0.285814553,0.165367793,-0.082649133,-0.117304627,-0.407235966,-0.27622422,-0.235849467,0.286786587,-0.276274029,-0.054098883,-0.153738539,-0.201112541,-0.143547498,-0.495324401,-0.425557011,0.311277133,-0.077846815,-0.351977354,-0.478310699,-0.592219766,-0.168590141,0.307162131,-0.138030299,-0.509850885,-0.320991592,0.32411155,-0.31338823,-0.423171359,-0.586773236,-0.404691967,0.155938242,-0.300455308,-0.375950217,-0.450612702,-0.283347252,-0.225338598,0.12861701,-0.25992927
"sample_113_BAL",-0.359449141,-0.256310159,-0.400965878,-0.09788746,-0.140200554,-0.140673714,-0.418453569,0.024597415,-0.478992897,-0.100135961,-0.279887452,-0.375578991,0.020998251,0.007182731,-0.364012442,-0.362737696,-0.367251762,-0.094261607,-0.316547562,-0.008009325,-0.291828152,-0.364251747,-0.253738363,-0.433602714,-0.257206582,-0.500748793,-0.451625695,0.217571374,0.027248997,-0.261935814,-0.42048599,-0.495241162,-0.29573706,-0.061288612,-0.373471109,-0.439097115,-0.478895192,0.189105458,-0.31882449,-0.381896682,-0.434229125,-0.577432193,0.354605175,-0.488837421,-0.517438031,-0.45522599,-0.022411881,-0.382479762,-0.294702386,-0.160950736
"sample_114_BAL",-0.361500635,-0.25466777,-0.467485096,-0.171320895,-0.041744692,-0.049686238,-0.460476838,0.014991744,-0.457294348,-0.25764878,-0.368881901,-0.336800706,-0.17130069,-0.007148489,-0.298111417,-0.25003152,-0.393859666,-0.253818323,-0.296138619,0.064482637,-0.306839143,-0.344895103,-0.294940101,-0.436904923,-0.234596998,-0.60528064,-0.508713307,0.311651824,-0.11684772,-0.334970303,-0.505915385,-0.530586717,-0.275170298,0.119379356,-0.387780658,-0.468679763,-0.455313895,0.32888079,-0.271887263,-0.411678858,-0.560471299,-0.537902285,0.349667467,-0.496348325,-0.531765949,-0.418674123,-0.231336996,-0.307762372,-0.066682513,-0.248299536
"sample_115_BAL",-0.407670574,-0.225034166,-0.501255685,0.05756468,-0.035066245,0.036395201,-0.45976497,0.033780271,-0.400245101,-0.04281056,-0.373661172,-0.411700771,-0.246664513,0.09351639,-0.290754806,-0.308378542,-0.390549655,-0.333397405,-0.261385477,0.209939304,-0.343877799,-0.325616711,-0.281731611,-0.438036946,-0.26412001,-0.642447869,-0.534350007,0.352568214,-0.098197382,-0.379943449,-0.510504946,-0.605652967,-0.292904221,0.17485086,-0.251561489,-0.56717323,-0.465551547,0.294162254,-0.289736828,-0.449269603,-0.570735484,-0.552425866,0.28993804,-0.501674319,-0.536186868,-0.528553969,-0.23413452,-0.38348006,-0.049098135,-0.205211793
"sample_116_BAL",-0.41749897,-0.295617129,-0.421679093,-0.00599941,-0.047362116,0.040830648,-0.504902567,-0.018581408,-0.473129557,-0.144800076,-0.328786162,-0.405231297,-0.17083301,0.076050711,-0.32170931,-0.312174873,-0.377500172,-0.280885382,-0.339259169,0.143958542,-0.363917154,-0.335948535,-0.318599897,-0.436422983,-0.357387272,-0.643080973,-0.55520837,0.288931858,-0.12232459,-0.3468233,-0.497311674,-0.571657969,-0.283598688,0.119197258,-0.213041503,-0.52578007,-0.468944529,0.30165387,-0.326684727,-0.42985797,-0.550621909,-0.595048108,0.32798492,-0.547768941,-0.587140549,-0.498438604,-0.186119819,-0.350474876,-0.096092623,-0.252427391
"sample_117_BAL",0.256242217,0.138179384,-0.193334001,-0.20858408,0.007048043,-0.146384436,-0.026776943,-0.18730171,-0.007017577,0.037100702,0.173558998,0.096103887,0.078659404,-0.098204928,-0.247640374,-0.237648173,0.05886108,0.15412467,-0.188147239,-0.098557465,-0.085942997,-0.02440079,0.013253504,0.20732783,-0.063210284,0.401972563,0.197439927,-0.220272099,-0.083081624,0.192087094,-0.051058986,-0.011537557,0.137360356,0.07207292,0.240466708,0.129183052,0.053511039,-0.243462035,0.030046138,0.203699289,0.047237675,0.126192837,-0.235956454,0.141880394,-0.071794465,0.097135803,-0.209351617,0.060920706,0.064161386,0.021911133
"sample_118_BAL",-0.309535197,-0.316864307,-0.450519225,0.230936236,0.101852901,0.0978692,-0.333568089,0.028346569,-0.332152979,0.022611985,-0.173598658,-0.312085117,-0.274756348,0.252151214,0.038126108,-0.077362653,-0.31745835,-0.317622608,-0.27570631,0.378621835,-0.157184676,-0.144921881,-0.178045908,-0.345606867,-0.23625902,-0.479525619,-0.416923681,0.220246168,-0.052951146,-0.205655776,-0.371791243,-0.512533018,-0.237242929,0.381083908,-0.280923305,-0.46913057,-0.253988726,-0.061729549,-0.219308221,-0.401449859,-0.511502569,-0.480927531,0.138914411,-0.385763066,-0.296621485,-0.347800943,-0.040215573,-0.131707493,0.069559979,-0.103352802
"sample_119_BAL",-0.065096069,-0.017122734,-0.262851497,0.431330454,0.203595491,0.013447518,0.051711457,0.028263977,-0.025338895,0.103798726,0.039116404,-0.133135717,-0.279882584,0.220635547,0.039847407,0.035568863,-0.051473768,-0.277864247,-0.13445981,0.348449374,-0.032892703,0.080293257,-0.001544275,-0.058606153,-0.08686757,-0.199800145,-0.204108133,0.233313574,0.005885035,-0.020207613,-0.272041391,-0.366631733,-0.169723332,0.268990422,0.141987894,-0.353371729,0.159517394,-0.034345822,0.027075635,-0.110200262,-0.362820666,-0.219872422,-0.17844955,0.045555284,-0.028429395,-0.190413703,0.042324449,-0.085542104,0.168644614,0.001150558
"sample_120_BAL",-0.332769612,-0.145106768,-0.448885583,-0.06836111,-0.00832272,0.246599792,-0.421161614,-0.029392567,-0.390043707,-0.17216292,-0.345133962,-0.357869927,-0.264903169,0.093954217,-0.21876118,-0.225492725,-0.353915094,-0.298158791,-0.184924452,0.1291993,-0.284241696,-0.252422013,-0.227825168,-0.442282855,-0.29326634,-0.584168659,-0.527886489,0.390187698,-0.145027287,-0.331753275,-0.496498446,-0.583901561,-0.217817802,0.258699968,-0.195783485,-0.541446357,-0.386657282,0.283451007,-0.381225304,-0.408818443,-0.571252017,-0.568777648,0.2215645,-0.445102487,-0.501786437,-0.457270059,-0.28834819,-0.260817275,0.061151755,-0.19551965
"sample_121_BAL",-0.238090654,-0.095003645,-0.505148498,0.115950218,0.151069034,0.150368885,-0.305846945,-0.002197109,-0.218696102,0.018401166,-0.097733136,-0.298066202,-0.310057421,0.248989295,-0.169400925,-0.237296302,-0.339024058,-0.366325478,-0.338787855,0.352517093,-0.158583635,-0.070414201,-0.082418409,0.01283531,-0.135049186,-0.474759499,-0.356234413,0.281674565,-0.039253052,-0.238456025,-0.459462707,-0.546444322,-0.287251936,0.34247944,0.074152748,-0.522985283,-0.240185444,0.223634695,-0.279014109,-0.224340614,-0.575683837,-0.309368908,0.113908753,-0.164277734,-0.185259527,-0.424971465,-0.25518327,-0.071961418,0.311679975,-0.05583997
"sample_122_BAL",-0.303668257,-0.231371611,-0.508476877,0.024985684,0.022642959,0.23884349,-0.346583099,-0.021840095,-0.326880562,-0.017441109,-0.217576937,-0.370761164,-0.244996089,0.183943803,-0.139822913,-0.139320686,-0.388583207,-0.337747907,-0.30219764,0.311631588,-0.273844443,-0.222095226,-0.21026699,-0.403141931,-0.211699479,-0.590275915,-0.510189298,0.225339354,-0.123178059,-0.301130824,-0.471777371,-0.564358782,-0.154675927,0.279039451,0.011979174,-0.480066434,-0.310044186,0.180132698,-0.330633849,-0.348590373,-0.578865304,-0.403195085,0.103698647,-0.31724314,-0.404887327,-0.403053312,-0.187840083,-0.234402337,0.248925048,-0.10913279
"sample_123_BAL",-0.379495046,-0.245469895,-0.383609445,0.075827024,-0.142671673,-0.058492271,-0.463523035,0.040180993,-0.465018352,-0.114939616,-0.274393766,-0.403756934,0.006642132,0.079359914,-0.364615344,-0.352527712,-0.316072755,-0.01907741,-0.329246982,0.16209465,-0.316503701,-0.371212276,-0.313383551,-0.365428838,-0.218598248,-0.546038762,-0.487536004,0.184464198,0.030360015,-0.253921781,-0.394293403,-0.508427142,-0.413390092,-0.042944654,-0.420587345,-0.506241385,-0.494844631,0.301295859,-0.297427541,-0.402166395,-0.382363365,-0.616525289,0.355450808,-0.445147203,-0.561665687,-0.459263793,-0.010545091,-0.460480644,-0.327962989,-0.282745859
"sample_124_BAL",-0.254679982,0.048050093,-0.341061514,0.299937558,-0.127047938,-0.20726581,-0.119778772,0.153712781,-0.210753293,0.16973908,0.040928591,-0.396034611,-0.056657421,0.339002897,-0.210053493,-0.281778415,-0.295489639,-0.019424574,-0.305802923,0.132760085,-0.279052735,-0.107370485,0.082385172,-0.165068147,0.153076948,-0.406151547,-0.293096392,0.199942427,0.13891504,-0.043887822,-0.280658233,-0.431499618,-0.193387295,0.119330288,-0.204843653,-0.497239389,-0.274310842,0.381047184,-0.222673644,-0.160936969,-0.282361577,-0.39298311,0.215946763,-0.243303425,0.298699932,-0.182911768,0.021938769,-0.038263113,-0.231986271,-0.018055884
"sample_125_BAL",-0.29542636,-0.017959512,-0.466994951,0.181316747,0.053922453,0.075511517,-0.31715707,0.064212017,-0.2926104,0.004747219,-0.143154623,-0.420762535,-0.349170885,0.267022689,-0.147415913,-0.136626865,-0.377985474,-0.338990659,-0.280040884,0.308252466,-0.118825872,-0.089453811,-0.023735985,-0.05727073,0.040367033,-0.473568219,-0.429166864,0.282132649,-0.014802232,-0.262106128,-0.423051486,-0.53084079,-0.118021205,0.319469154,-0.054686074,-0.511275394,-0.287432092,0.357326432,-0.312824184,-0.292882502,-0.567913319,-0.446055246,0.212810302,-0.204426281,-0.27260806,-0.388323753,-0.271345324,-0.14860988,0.068199353,-0.126058436
"sample_126_BAL",-0.380005602,-0.119523178,-0.516181422,-0.044657649,0.105038495,0.204073014,-0.365435166,0.021323809,-0.307697575,0.012678132,-0.321654878,-0.356040683,-0.303842876,0.112308449,-0.212250771,-0.136815545,-0.396920941,-0.317315366,-0.259707191,0.145638581,-0.266778835,-0.151518398,-0.21042509,-0.390796823,-0.221439154,-0.551832891,-0.441871642,0.408710134,-0.076228622,-0.372564825,-0.498555672,-0.584678076,-0.197338028,0.271219599,-0.132736124,-0.505930236,-0.383232501,0.426185559,-0.356214076,-0.406127567,-0.589497212,-0.519980607,0.254535419,-0.441989269,-0.349279787,-0.501568876,-0.286211519,-0.239749858,0.172156535,-0.247828463
"sample_127_BAL",-0.353620859,-0.060369703,-0.520919385,-0.023413988,0.021076018,0.156350436,-0.360402791,-0.01500047,-0.395036162,-0.085485513,-0.253788903,-0.434504509,-0.321549903,0.211682914,-0.26010076,-0.216529599,-0.433667974,-0.301363825,-0.29473653,0.224188066,-0.294921127,-0.175952648,-0.193210703,-0.222615792,-0.11529373,-0.555505566,-0.423460015,0.40407971,-0.032333145,-0.359298184,-0.487747818,-0.618924579,-0.328545756,0.22412571,-0.395445612,-0.579298433,-0.391959745,0.266152204,-0.366788018,-0.406992475,-0.604271106,-0.48676957,0.215929987,-0.391390314,-0.326164069,-0.498692668,-0.25416823,-0.264258486,0.031200389,-0.232498122
"sample_128_BAL",-0.001269776,0.181468606,-0.376865819,-0.141587667,0.098694688,0.016656939,-0.106925952,-0.170076385,-0.029013825,-0.050819946,0.03987294,0.053644416,-0.134381826,0.077083758,-0.160635441,-0.129062046,-0.161945143,-0.184142266,-0.226203274,0.113131862,-0.150331743,-0.036516907,-0.187980018,-0.048109124,-0.210838821,-0.249019688,-0.162423214,0.023950434,-0.09309101,-0.103175014,-0.233461641,-0.151998995,-0.131216749,0.263524765,0.088203168,-0.206671945,-0.044269951,0.148839888,-0.101543976,0.080837233,-0.480605077,0.062963591,-0.003092759,-0.084187219,-0.181810396,-0.221196839,-0.210066343,0.054867794,0.009474532,-0.003346522
"sample_129_BAL",0.254713605,0.298624698,-0.367905539,0.019242853,0.027091392,-0.135314519,0.021830688,-0.064761223,0.051319789,0.115621824,0.204503744,0.011641185,-0.018624566,0.080090293,-0.241372613,-0.264547553,-0.021492586,-0.09450813,-0.222947301,-0.008963641,-0.018661633,0.06089881,0.098207108,0.252596682,0.080740317,0.387477355,0.31116557,-0.123038423,0.085931352,0.01853352,-0.107932757,0.019002632,0.249599413,0.080862851,0.01299132,0.209151273,0.028852032,0.027840719,0.005138091,0.101710947,-0.137165754,-0.019483362,-0.163499199,0.061197139,0.070852717,-0.037880987,-0.261253539,0.058948971,-0.034024207,0.039481273
"sample_130_BAL",0.344099459,0.40774909,-0.034816907,0.082978111,0.045298269,-0.218717863,0.222692569,-0.105740962,0.149121002,0.119339902,0.313853092,0.182969414,0.097845132,-0.028217491,-0.330396328,-0.234979018,0.159211552,0.131559685,0.0207085,0.114356706,0.242613484,0.114774351,0.223927936,0.476044023,0.234418744,0.318914234,0.378467742,-0.31367967,0.069271185,0.121382456,0.227324735,0.371390566,0.217509125,-0.085610849,0.10057893,0.345545956,-0.000728356,0.089128318,-0.026622845,0.268835087,0.277141114,0.129649675,-0.108187951,0.253257833,0.132893951,0.33054338,-0.155619627,0.244546778,-0.073789238,0.049026023
"sample_131_BAL",0.353899659,0.40569168,0.153981483,0.145079514,0.063037035,-0.21251175,0.329497301,-0.090591145,0.359693032,0.079714979,0.306244985,0.349854887,0.323952399,-0.088663241,-0.111311512,-0.131540134,0.186250995,0.286017268,0.013576206,-0.228350776,0.184545489,0.049909284,0.33715764,0.452811868,0.293883358,0.580749434,0.526507934,-0.393210219,0.085213103,0.371075068,0.39638433,0.477875002,0.392565003,-0.07592284,0.043813003,0.396951874,0.290664096,-0.348124347,0.247184102,0.345251262,0.426245262,0.493975913,-0.269070052,0.38538316,0.336502209,0.435492967,0.06188381,0.276202784,0.087360239,0.071183117
"sample_132_BAL",-0.271624847,0.184556654,-0.4756838,0.34821059,0.188506876,0.092741554,-0.246620301,-0.064527159,-0.180719128,0.093344706,-0.051253478,-0.207374837,-0.216617025,0.211737656,-0.2266881,-0.284886715,-0.300826747,-0.276801603,-0.254226545,0.26877624,-0.217793294,-0.231838399,-0.045303308,-0.078654659,0.009195466,-0.268887411,-0.192915944,0.142981633,0.035976083,-0.132746855,-0.350252219,-0.509794619,-0.237021447,0.244069742,0.08810316,-0.465791497,-0.256277642,0.21513877,-0.288000565,-0.233721996,-0.414879904,-0.204340807,0.083689359,-0.335042022,-0.219439242,-0.360803762,-0.253387676,-0.085331075,0.200623278,-0.129255758
"sample_133_BAL",-0.339393255,-0.163054864,-0.487839797,-0.070269705,0.099693226,0.23654917,-0.297060043,-0.013779584,-0.381306916,-0.092125235,-0.241720441,-0.329890902,-0.229605455,0.173397083,-0.186650008,-0.177957595,-0.369287711,-0.299350937,-0.229630539,0.429463351,-0.241713687,-0.22477291,-0.181828805,-0.33538787,-0.180777882,-0.559397365,-0.473690664,0.234392431,-0.123310003,-0.249397152,-0.472069616,-0.557188029,-0.264582144,0.265337804,-0.294709246,-0.496237786,-0.356158045,0.342973297,-0.314094754,-0.359262141,-0.54424288,-0.397097032,0.204371782,-0.294800411,-0.379280196,-0.489269535,-0.174196922,-0.207874957,0.207402244,-0.190019325
"sample_134_BAL",-0.276621308,-0.233270058,-0.328505624,-0.007138638,0.033735769,-0.179756654,-0.262970903,-0.00824845,-0.286423271,-0.192335753,-0.236643744,-0.19918187,0.029422952,0.087631775,-0.223077178,-0.198371618,-0.275934806,-0.102712027,-0.197985551,-0.003806379,-0.187527045,-0.152442747,-0.195355383,-0.172584367,-0.048237249,-0.436518553,-0.365026156,0.029028245,-0.121850959,-0.111920623,-0.308449362,-0.406690875,-0.072721808,0.132523792,-0.220317425,-0.395183857,-0.241991669,0.148151064,-0.107118762,-0.324200577,-0.361859323,-0.519595513,0.145477824,-0.296071082,-0.435253108,-0.327378764,-0.00463343,-0.262205007,0.125136455,-0.126093387
"sample_135_BAL",-0.345971258,-0.26269543,-0.445382528,-0.066553784,-0.063837836,-0.105163158,-0.435755707,0.051435011,-0.368530487,-0.200922205,-0.331469913,-0.386660711,-0.102519243,0.014640611,-0.347802185,-0.350256599,-0.418339302,-0.229242277,-0.300142737,0.081059364,-0.24013496,-0.354068919,-0.265441816,-0.419863864,-0.290187311,-0.572178026,-0.506833547,0.285580597,-0.133802233,-0.353628664,-0.454523194,-0.549618095,-0.253354154,0.149548428,-0.462596745,-0.504412058,-0.456477193,0.222042847,-0.337850649,-0.420375304,-0.553748131,-0.545673873,0.263818287,-0.434334486,-0.560365265,-0.486470031,-0.224389934,-0.319157696,-0.243820148,-0.286895171
"sample_136_BAL",-0.279904367,-0.149602641,-0.478978708,-0.022513452,0.0524989,0.256882863,-0.377079245,0.04333528,-0.282866175,-0.004528698,-0.273917383,-0.286013802,-0.25994511,0.158262496,-0.219433731,-0.132981547,-0.376843634,-0.298945384,-0.303338016,0.255138311,-0.134274181,-0.224703234,-0.174023022,-0.33867208,-0.271918139,-0.621809277,-0.503015755,0.37856613,-0.075055086,-0.321598524,-0.467629451,-0.566171379,-0.202180223,0.321895045,-0.095149535,-0.510164713,-0.305496787,0.408921437,-0.307546595,-0.386400535,-0.583360502,-0.471042915,0.20973221,-0.394284765,-0.496867631,-0.46647491,-0.296860558,-0.243282939,0.067419622,-0.07009359
"sample_137_BAL",-0.394288415,-0.227788004,-0.414487982,0.137801434,-0.0706251,-0.202618842,-0.420635811,0.103802992,-0.447591827,-0.095089229,-0.333275519,-0.423786724,0.060044799,0.067677345,-0.356835509,-0.345552297,-0.316626789,-0.080367089,-0.343729338,0.062438433,-0.226031142,-0.345320896,-0.232472256,-0.365557253,-0.26041289,-0.599433165,-0.496322059,0.287520376,-0.000528395,-0.255378731,-0.427034913,-0.530356066,-0.387973712,0.018218943,-0.26711356,-0.469263742,-0.43611407,0.224464734,-0.311530993,-0.389082384,-0.444485762,-0.59753928,0.230626769,-0.41875462,-0.510895964,-0.456871998,-0.014491952,-0.417656653,-0.265033257,-0.308689379
"sample_138_BAL",-0.301907957,-0.040869055,-0.542775837,0.177215304,0.022747391,-0.007509395,-0.349487592,0.005866794,-0.414064116,0.082300252,-0.171278303,-0.313655454,-0.253194299,0.243428527,-0.182994437,-0.148385273,-0.344013439,-0.340109242,-0.295762324,0.375636512,-0.23732984,-0.11638031,-0.177240244,-0.223408268,-0.167341767,-0.639994716,-0.48807581,0.233201849,-0.022725559,-0.309147885,-0.443030426,-0.518604941,-0.253429464,0.272816337,-0.204784544,-0.482995167,-0.320661335,0.375922877,-0.295246603,-0.379011001,-0.523852766,-0.431852055,0.267283251,-0.44612349,-0.364897315,-0.384514743,-0.296704299,-0.334567318,-0.071771822,-0.132495228
"sample_139_BAL",-0.33676366,-0.27598123,-0.550559815,-0.054724796,0.060357237,0.101820634,-0.438138454,-0.018161507,-0.334640953,-0.043771786,-0.302907489,-0.324138539,-0.298683335,0.181145201,-0.260160694,-0.238559489,-0.400979377,-0.33584592,-0.298706395,0.338914007,-0.272196336,-0.257334756,-0.163102596,-0.385608715,-0.292741727,-0.591632159,-0.487828032,0.351199851,-0.139784863,-0.329918687,-0.493871341,-0.616187408,-0.234556046,0.246747387,-0.11431745,-0.522476693,-0.371600881,0.280515606,-0.343636631,-0.390132414,-0.583448292,-0.522575177,0.149746257,-0.361328991,-0.480381405,-0.432105695,-0.277866976,-0.315328453,0.013446009,-0.268264721
"sample_140_BAL",-0.338828612,-0.052551532,-0.531949467,0.184411681,-0.041602437,0.03565315,-0.39211056,-0.102263729,-0.335959043,-0.072308321,-0.173178978,-0.29127338,-0.183981524,0.173626209,-0.267454442,-0.28209681,-0.346791892,-0.250645459,-0.338281899,0.307204852,-0.270047216,-0.195913841,-0.201734394,-0.238937237,-0.172987722,-0.491998766,-0.387057847,0.222385041,-0.084280347,-0.211967938,-0.429622974,-0.516201977,-0.049978493,0.233434269,-0.128555682,-0.503036459,-0.366409846,0.380621937,-0.332868148,-0.354086286,-0.465821845,-0.495438472,0.249411133,-0.324793607,-0.414668085,-0.440032325,-0.124073329,-0.26130184,0.12587481,-0.141553682
"sample_141_BAL",0.426961869,0.449390196,-0.005467536,0.063378143,-0.117004996,-0.214355006,0.31220992,-0.099146966,0.12069686,0.058791844,0.359027196,0.364173694,0.201444272,-0.107965033,-0.304167785,-0.244342998,0.315316137,0.207246401,0.022500183,-0.191097126,0.326994047,0.169395936,0.268263614,0.43005406,0.304503017,0.463974753,0.436451872,-0.37077124,0.093835027,0.225789329,0.379406199,0.543519303,0.431299258,-0.160342984,0.151918404,0.507419669,0.20775127,-0.019835537,0.181382955,0.332959609,0.433696035,0.548071939,-0.306740388,0.339920664,0.41654001,0.467406945,-0.050075919,0.30179159,0.00570974,0.121436352
"sample_142_BAL",0.357633331,0.17687425,0.011921641,0.36103916,0.101288949,-0.312025824,0.33043618,-0.114988436,0.346390695,0.084001736,0.234850924,0.300419933,0.210206759,-0.015873601,-0.040837319,-0.05446879,0.21773796,0.167605316,0.043890505,-0.182608814,0.086653119,0.010623075,0.150860363,0.355361437,0.135324519,0.48621159,0.369438305,-0.372119381,0.013646693,0.402113439,0.331846805,0.342797228,0.338513728,-0.11223089,0.187078327,0.313178386,0.230509113,-0.368894847,0.293596689,0.325582284,0.348849177,0.495360178,-0.243810915,0.387838832,0.156937058,0.370828319,0.095750236,0.165406424,0.210381242,0.10231373
"sample_143_BAL",-0.365988025,-0.26315765,-0.505162835,0.043223392,0.039017374,0.156673558,-0.448484031,-0.038251393,-0.436631579,-0.026700694,-0.350192498,-0.405108083,-0.281135279,0.095350432,-0.186399661,-0.175757821,-0.360363477,-0.362626925,-0.266273456,0.110036622,-0.277457524,-0.25034415,-0.322158004,-0.39743089,-0.276098558,-0.645614417,-0.536214103,0.382564417,-0.169971437,-0.406938678,-0.524457333,-0.629523341,-0.251109335,0.262454827,-0.221079692,-0.581465254,-0.420319713,0.320553323,-0.336019636,-0.463489538,-0.596868469,-0.580893816,0.254334609,-0.488229691,-0.51675475,-0.514899868,-0.222009155,-0.280107131,-0.153264203,-0.155730159
"sample_144_BAL",-0.216690714,0.046253436,-0.451603981,-0.126900988,0.123169302,0.008044179,-0.277625507,0.013588475,-0.31157769,0.050800426,-0.1132586,-0.280351232,-0.295432099,0.171529693,-0.000672949,-0.156078898,-0.326735972,-0.275638217,-0.230765271,0.18147246,-0.189542594,-0.117314792,-0.068388944,-0.092801135,-0.189268991,-0.385269695,-0.227949642,0.212625385,-0.069694789,-0.27495198,-0.364298485,-0.460770754,-0.08316532,0.23246466,-0.007292712,-0.401737834,-0.110251862,0.211471595,-0.172411237,-0.232795501,-0.523068048,-0.186110613,-0.000114291,-0.196751353,-0.321216828,-0.320839437,-0.290442492,-0.046439212,0.301031721,-0.164306334
"sample_145_BAL",-0.401082595,-0.218083271,-0.454146742,-0.050050258,-0.086219367,0.053824987,-0.463838573,0.094241497,-0.415431859,-0.062783713,-0.281853245,-0.438472421,-0.177591918,0.090842455,-0.348166634,-0.31978907,-0.333829333,-0.300453426,-0.301783677,0.110209576,-0.322310185,-0.345370669,-0.271365733,-0.40737352,-0.25178653,-0.624716852,-0.541709479,0.2932302,-0.090632385,-0.360343284,-0.513728086,-0.612751735,-0.262815917,0.094140235,-0.29003013,-0.55370903,-0.478690863,0.321176241,-0.259455827,-0.437561296,-0.516454281,-0.653031861,0.333020624,-0.538924637,-0.541823656,-0.506908469,-0.115317562,-0.381132,-0.218842075,-0.182623321
"sample_146_BAL",0.232281716,0.304696055,-0.113013671,-0.031911085,-0.044904113,-0.250489468,0.072144593,-0.130628929,-0.000110765,-0.032545651,0.225893394,0.275875751,0.184933953,-0.144701036,-0.240362294,-0.214832838,0.132511782,0.191989498,-0.218275371,-0.050664856,0.450019546,0.013831845,0.18293073,0.42414047,0.198729515,0.446587797,0.389246676,-0.309563277,0.002842153,0.290319689,0.006476479,0.252742794,0.309297517,-0.048798222,0.234696418,0.165057107,0.121203513,-0.261467812,-0.012759857,0.242783612,0.111671651,0.25587596,-0.268591111,0.259740055,0.219888262,0.209874131,-0.155886988,0.14015189,-0.090448973,0.012887606
"sample_147_BAL",0.093231065,0.180022949,-0.282706783,0.017016619,0.207464957,0.077941188,0.1879208,-0.019239378,0.225384224,-0.058310444,0.22479518,-0.0240455,-0.206557768,0.119517742,0.003047678,-0.057196947,0.014774616,-0.132933851,-0.091331771,0.22445643,-0.091483078,0.153816613,0.078175467,0.317736877,0.190069924,0.467915575,0.40936349,0.041216756,0.262560812,-0.067487509,-0.029383119,-0.109721063,-0.158091178,0.156253164,0.215380731,0.069776166,0.088969769,0.162444188,-0.06456108,0.12482991,-0.321348145,0.194378272,-0.17005906,0.221828808,0.411579648,-0.06305751,-0.056700496,0.108673584,0.218186952,0.067515706
"sample_148_BAL",-0.388558819,0.011821122,-0.488877565,0.223362183,0.004182079,0.00149011,-0.374018436,0.088617542,-0.431063583,0.0035466,-0.0904042,-0.457089393,-0.273257723,0.302257354,-0.304216774,-0.295507155,-0.383630735,-0.299305364,-0.327514087,0.304200923,-0.292365961,-0.270201541,-0.241408168,-0.259536694,0.041681628,-0.559825787,-0.407799431,0.324933936,0.100487252,-0.325121461,-0.457995206,-0.620017731,-0.390307349,0.119015128,-0.380307895,-0.553845023,-0.463768266,0.360342476,-0.305692677,-0.373169721,-0.476881097,-0.547961349,0.296683039,-0.519381703,-0.347491904,-0.51893158,-0.017975903,-0.279452763,-0.269893215,-0.17503747
"sample_149_BAL",-0.298229613,-0.023180902,-0.425768864,-0.025635894,-0.027140393,-0.075104665,-0.333656975,0.171989567,-0.30990165,-6.59e-05,-0.090933169,-0.386835297,-0.069256708,0.157024479,-0.325998986,-0.323459195,-0.264244307,-0.152536467,-0.271514806,0.304835989,-0.180853706,-0.237088639,-0.281068669,-0.289959885,-0.06166325,-0.566788747,-0.407938694,0.317505676,0.144503639,-0.254335817,-0.411271167,-0.549108735,-0.402619165,-0.009090175,-0.442844303,-0.492442974,-0.464403783,0.334502811,-0.245335848,-0.364296882,-0.388273146,-0.542277735,0.383537952,-0.413058655,-0.332811017,-0.469720708,0.014474916,-0.341279057,-0.265061858,-0.135528688
"sample_150_BAL",-0.371862027,-0.018706922,-0.338909285,0.153067612,-0.0978561,0.027962875,-0.399551694,0.167372533,-0.383030546,0.043985856,-0.161814511,-0.422284579,-0.153462044,0.178957923,-0.253285688,-0.28978371,-0.283594212,-0.191627007,-0.301386186,0.164900617,-0.189627323,-0.305228172,-0.203661873,-0.284143798,-0.062397351,-0.411182606,-0.29404832,0.283515685,0.127200877,-0.304432804,-0.437056414,-0.558842177,-0.459497775,0.000114978,-0.336351371,-0.502414141,-0.436351695,0.285864269,-0.221401263,-0.389097734,-0.410772343,-0.570062192,0.328522339,-0.477254089,-0.371083207,-0.459870694,0.135664822,-0.385942825,-0.328522512,-0.098224999
"sample_151_BAL",-0.367092994,-0.284013879,-0.5296178,-0.022674559,0.055340724,0.104942614,-0.474224809,-0.067149498,-0.441329942,-0.059050371,-0.355357251,-0.350705617,-0.274225291,0.037798187,-0.20223574,-0.203188302,-0.3739403,-0.353821903,-0.257202403,0.168747183,-0.297986441,-0.256292203,-0.280674928,-0.437179157,-0.309314891,-0.641129443,-0.554776681,0.365903427,-0.16676219,-0.386296975,-0.545195133,-0.595648837,-0.218937572,0.231923962,-0.073100904,-0.572132263,-0.418753123,0.269503487,-0.333533339,-0.439612468,-0.598160415,-0.522070594,0.159476311,-0.426026529,-0.530118682,-0.501336649,-0.246138668,-0.265803736,0.099888158,-0.284978429
"sample_152_BAL",0.397091438,0.326308232,0.049529266,0.166909301,-0.02693992,-0.376922888,0.205192851,-0.010538007,0.178386561,0.125573242,0.279713873,0.329427072,0.188056632,-0.078221703,-0.277472327,-0.226160782,0.2962346,0.159826462,0.06757167,-0.216412092,0.137265672,0.042213412,0.234013254,0.39969538,0.100524424,0.570148412,0.435852246,-0.359544435,0.077302024,0.213126034,0.338412477,0.442808721,0.273457225,-0.050113134,0.048540009,0.455719694,0.121110421,-0.148595854,0.243754828,0.264736375,0.466064145,0.385777617,-0.227147092,0.369293675,0.101147443,0.339069227,-0.080161457,0.143624093,-0.026340083,0.093871565
"sample_153_BAL",0.030877833,0.181467372,-0.175520679,-0.218557353,0.183116654,0.305381623,0.011561599,0.063634887,0.129871189,-0.011476631,0.141320982,-0.213277175,-0.202826198,0.017007633,-0.102725735,-0.151605549,-0.111013986,-0.197068875,-0.146535371,0.181616203,0.015133737,0.000479413,0.133967418,0.005081103,-0.140334237,-0.202057972,-0.143462389,-0.027074458,0.035940801,0.008997739,-0.270202749,-0.311907618,-0.087329872,0.24459465,0.05453104,-0.249561117,0.05243983,-0.063829298,0.011427733,-0.043697488,-0.405856729,-0.041579499,-0.154298,-0.072055832,0.025822854,-0.229506615,-0.00711319,0.003970131,0.276254289,-0.07881345
"sample_154_BAL",-0.37922174,-0.125375252,-0.346246202,0.004785166,-0.135686659,-0.171002983,-0.424874662,0.090238852,-0.414760021,-0.072131604,-0.250142666,-0.416197645,-0.121876066,0.120316135,-0.362675842,-0.359638192,-0.367533107,-0.111318722,-0.304141069,0.032295077,-0.258792491,-0.362473024,-0.272434527,-0.378510893,-0.162675176,-0.505890336,-0.427375711,0.208065343,0.082015447,-0.262003879,-0.404476394,-0.501482686,-0.395315196,-0.035104487,-0.260418771,-0.507030384,-0.499645698,0.370830339,-0.330454245,-0.329650236,-0.34321221,-0.570871891,0.344178508,-0.490325497,-0.503404264,-0.443089784,0.018620417,-0.38500135,-0.309393342,-0.187030243
"sample_155_BAL",-0.402013998,-0.262366744,-0.517854714,0.022924091,-0.045446937,0.092620862,-0.482289991,-0.048934703,-0.393922081,-0.154844315,-0.360800563,-0.390106363,-0.143369942,0.077848892,-0.343161106,-0.309974684,-0.404591339,-0.302251897,-0.335147671,-0.034288534,-0.287779928,-0.336502531,-0.265213572,-0.482141743,-0.305523401,-0.615836909,-0.54848733,0.320464921,-0.239446087,-0.384480816,-0.52087733,-0.602703887,-0.240285355,0.191001174,-0.262621166,-0.549700901,-0.471385409,0.201837858,-0.343504198,-0.433314516,-0.558236657,-0.564067547,0.281357353,-0.557926873,-0.567162049,-0.518950416,-0.188367199,-0.326543173,-0.164763971,-0.229021598
"sample_156_BAL",-0.22907104,0.119787384,-0.468067373,0.01449962,-0.049141849,-0.009690748,-0.21474373,0.139360468,-0.283845193,0.072064328,0.076549924,-0.281857574,-0.138981127,0.226629604,-0.300833886,-0.355645875,-0.284947944,-0.207866799,-0.279269094,0.122506511,-0.292177728,-0.085019284,0.066537213,0.332175426,0.230344006,0.082091262,0.085461167,0.116784961,0.063346369,-0.106913403,-0.359473471,-0.521183314,-0.19990132,0.162756898,-0.139127637,-0.458063161,-0.204996656,0.222157008,-0.198762133,-0.104260596,-0.399567249,-0.31475925,0.161282768,-0.084859286,-0.076028456,-0.435799612,-0.123901403,-0.176932598,-0.06191151,-0.155191853
"sample_157_BAL",-0.158043473,0.348617659,-0.336020452,0.350511116,0.116175902,0.196609845,0.057006209,0.087085157,-0.203300034,0.241696099,0.242450426,-0.391155118,-0.350584628,0.411808869,-0.086417934,-0.149042974,-0.312579648,-0.248341719,-0.257905618,0.476325073,-0.154951449,0.167461145,0.225104469,0.370299697,0.40396101,-0.247131327,0.039276797,0.226349809,0.307542983,-0.231962236,-0.228844576,-0.55262831,-0.33162985,0.231923684,-0.290785934,-0.548284679,-0.213284286,0.335614629,-0.310147382,-0.002801031,-0.416748703,-0.219248553,0.068380505,-0.113353931,0.476749637,-0.282997188,-0.018943155,-0.031926985,-0.096093012,-0.061316245
"sample_158_BAL",-0.353232987,-0.107022774,-0.418026024,0.054029979,-0.12207458,-0.027713724,-0.424895859,0.175236655,-0.406636503,0.02254449,-0.168444999,-0.420942664,-0.19870641,0.208824786,-0.312525764,-0.288500143,-0.287491742,-0.210591843,-0.280706453,0.070457607,-0.207936075,-0.298482578,-0.247892055,-0.387050232,-0.172785226,-0.362531446,-0.324528883,0.261541859,0.004674071,-0.373682968,-0.439336672,-0.514239691,-0.446468672,0.041821388,-0.431303178,-0.483619264,-0.474827838,0.455167945,-0.281789657,-0.333930365,-0.442679361,-0.590318715,0.270468982,-0.489109134,-0.530298248,-0.460435794,0.01691786,-0.373998317,-0.352609235,-0.154517608
"sample_159_BAL",0.351683449,0.197445958,-0.058012311,0.077498507,-0.078925677,-0.312307539,0.213681531,-0.084845594,0.124384477,0.048650591,0.312974257,0.399495418,0.399952477,-0.097134159,-0.275599408,-0.275440353,0.265230345,0.351700713,0.033788201,-0.353309017,0.144219359,0.021851547,0.170309885,0.437868623,0.148617705,0.48133005,0.362358069,-0.41939315,-0.05205674,0.271776574,0.354291204,0.505676087,0.421259265,-0.096869995,0.201448335,0.512059767,0.144741835,-0.249664636,0.192127822,0.261085365,0.462893557,0.488599222,-0.234768489,0.337099344,0.164582057,0.432113427,-0.137951257,0.183709281,0.055111517,0.13806129
"sample_160_BAL",-0.223191529,-0.130892978,-0.0786418,-0.033204807,-0.122169752,0.09586042,-0.297314811,0.056135018,-0.309989561,-0.015446962,-0.146724496,-0.202865401,0.13299923,0.102702776,-0.239753776,-0.199066068,-0.205893377,0.012096727,-0.222687768,-0.041220984,-0.202732701,-0.311262391,-0.054909526,-0.104600128,-0.122322765,-0.345036204,-0.282476407,0.108896625,0.06301396,-0.061364481,-0.233625115,-0.305897119,-0.2614875,-0.096276744,-0.379392427,-0.273247077,-0.353749352,0.254027009,-0.221454332,-0.262720201,-0.10033438,-0.425090219,0.245594868,-0.304407079,-0.423716158,-0.328523223,0.100053284,-0.299781304,-0.302025853,-0.141542486
"sample_161_BAL",0.398993404,0.182756112,0.179654812,0.158125053,0.025788353,-0.281284852,0.253669981,-0.053479517,0.366163168,0.142395403,0.226647949,0.341470335,0.317923064,-0.054165754,-0.111028476,-0.126777787,0.336087239,0.259257777,0.133130935,-0.261798746,0.287111955,0.112049068,0.260580118,0.408938349,0.108925596,0.20916723,0.19436334,-0.482394825,0.015692703,0.383678674,0.443439517,0.477115985,0.371955732,-0.108582654,0.27370961,0.465886303,0.362608845,-0.24683687,0.213709014,0.277544082,0.472132753,0.399779725,-0.290095887,0.477206089,0.153447709,0.442670528,0.091710158,0.240619662,-0.053655792,0.133580658
"sample_162_BAL",-0.041773279,0.111364437,-0.358095448,0.240012581,0.186994983,0.202263653,-0.154126513,0.100583945,-0.143168333,0.075774487,-0.071287159,-0.140661505,-0.217693445,0.249252895,-0.048490446,-0.093000971,-0.193962192,-0.215307239,-0.16280514,0.178172616,-0.045215553,0.064423545,-0.100246393,-0.123485938,-0.127622627,-0.122862122,-0.249182054,0.241419153,0.012023414,-0.208698832,-0.302177303,-0.328571971,-0.08740114,0.264681208,0.039571919,-0.312914569,-0.177482622,0.059974923,-0.0015782,-0.051970564,-0.459320804,-0.115719999,0.08563746,-0.262723626,-0.334454507,-0.313809806,-0.100693571,-0.0827766,0.037471352,-0.015777098
"sample_163_BAL",-0.316149224,-0.075700802,-0.467208506,0.141772497,0.077009032,0.208617,-0.366227607,0.063019447,-0.464094425,0.096824647,-0.243100433,-0.325097112,-0.212129383,0.244587763,-0.193295465,-0.237425081,-0.34914534,-0.247430701,-0.220294852,0.331239395,-0.292384716,-0.20619455,-0.234238097,-0.285272184,-0.256820314,-0.533749137,-0.430598987,0.338641602,-0.114785668,-0.259463889,-0.460725768,-0.543967873,-0.332257442,0.203049508,-0.328390755,-0.527717894,-0.359027562,0.342592623,-0.29483008,-0.325288685,-0.539067695,-0.434219746,0.219786682,-0.426075762,-0.478498429,-0.45908924,-0.097260457,-0.322068969,-0.166714412,-0.158294355
"sample_164_BAL",-0.126810073,-0.194902703,-0.279952437,-0.235463437,0.158684353,0.082318665,-0.193653388,0.053430199,-0.137015697,0.222314019,-0.167791604,-0.315848915,-0.272694119,0.320355219,0.040405396,0.065987264,-0.144443653,-0.258136026,-0.256251381,0.210829046,-0.14040641,-0.055132268,-0.063040906,-0.354946826,-0.32081326,-0.549720827,-0.484919438,0.243147759,0.052364771,-0.295117591,-0.320430217,-0.338954808,-0.197770358,0.315391732,-0.219883258,-0.317838767,-0.228447532,0.542265883,-0.16642176,-0.221587634,-0.385140605,-0.142160498,0.107149417,-0.335880045,-0.328318272,-0.337863121,-0.03200063,-0.116338783,0.054010133,-0.012721432
"sample_165_BAL",-0.361826024,0.131478748,-0.483406957,0.303321785,0.003618141,0.072708622,-0.29366745,0.108897169,-0.412837204,-0.039137709,-0.027794921,-0.451753657,-0.313946849,0.295995472,-0.240084809,-0.248165805,-0.387435453,-0.310193986,-0.26116016,0.410440566,-0.253511369,0.016023792,-0.123902703,0.085114903,0.301508258,-0.443603452,-0.267347645,0.304722524,0.21255533,-0.295294895,-0.393771118,-0.60848087,-0.449524567,0.172531527,-0.416713481,-0.566533773,-0.320756784,0.19986195,-0.349505579,-0.334151886,-0.447150855,-0.455611628,0.26169407,-0.361189039,0.1819066,-0.474523296,0.040051549,-0.196528577,-0.159473502,-0.209191986
"sample_166_BAL",-0.244685468,-0.06208549,-0.456115764,-0.026944247,-0.03468803,0.126979186,-0.336316308,-0.07760026,-0.375841614,0.031715309,-0.177968991,-0.304910706,-0.30462957,0.243121165,-0.169150557,-0.242683378,-0.261940466,-0.294220494,-0.275476784,0.288862509,-0.204063429,-0.115114644,-0.205651439,-0.113810207,-0.117007243,-0.406452108,-0.358545626,0.105581685,0.017992594,-0.251135857,-0.44706384,-0.525518628,-0.270690513,0.247415839,-0.264863816,-0.47835364,-0.348237324,0.453703331,-0.284061945,-0.364966769,-0.509694893,-0.391169757,0.201489867,-0.211708206,-0.372696819,-0.414003797,-0.194090752,-0.14939682,0.132756204,-0.147616631
"sample_167_BAL",-0.404890482,-0.211374722,-0.451683118,0.072126328,-0.157528087,-0.074097506,-0.436028907,0.123089934,-0.438566939,-0.034964945,-0.287177119,-0.394495165,-0.118080454,0.104258905,-0.377360813,-0.346738223,-0.307145561,-0.189050815,-0.330129382,0.077366488,-0.265701704,-0.383195652,-0.299373403,-0.427893826,-0.25852609,-0.58667697,-0.481895633,0.23278178,-0.020556677,-0.306811843,-0.467363594,-0.537181472,-0.368808366,0.027537917,-0.37101959,-0.527071555,-0.459793525,0.234232584,-0.313912313,-0.427243611,-0.477091172,-0.614172859,0.381294918,-0.539418865,-0.536896726,-0.453493905,-0.081043292,-0.418304895,-0.318851717,-0.233620042
"sample_168_BAL",-0.31064967,-0.095333932,-0.50857688,0.251852634,0.134766517,0.309236521,-0.329166787,-0.020840252,-0.324455271,0.060849596,-0.197334216,-0.372863251,-0.338103021,0.234496809,-0.158075866,-0.172760631,-0.352356901,-0.345397057,-0.312847052,0.346798986,-0.216663941,-0.13998327,-0.154213121,-0.318549849,-0.191166849,-0.57071266,-0.475802656,0.366438917,-0.093978926,-0.354886935,-0.45219429,-0.541512858,-0.20731561,0.294006541,0.183427663,-0.539621395,-0.347418525,0.394901117,-0.33197824,-0.340189794,-0.576256221,-0.367237955,0.158035808,-0.377666794,-0.460084526,-0.452610738,-0.229690732,-0.347204376,0.091337154,-0.137441783
"sample_169_BAL",0.192111332,0.147696163,-0.233412948,-0.082131733,-0.026063065,-0.215985309,0.043094124,-0.197354043,0.129876166,0.02435038,0.205323883,0.219760246,0.273644629,-0.124057606,-0.321532182,-0.340194288,0.141491332,0.251150403,-0.152318753,-0.019896635,-0.037477718,-0.035785403,0.132654992,0.396226481,0.071429836,0.272637873,0.207135162,-0.353204566,-0.077371811,0.298601386,0.139506515,0.160137395,0.199688491,-0.103175034,0.040167491,0.166396032,0.146444955,-0.231580116,-0.034289012,0.148050002,0.066986054,0.113016021,-0.20890995,0.312489416,0.044422137,0.173057917,-0.194164593,0.062717126,-0.00796958,-0.006463727
"sample_170_BAL",-0.339358604,0.30971093,-0.37170144,-0.020610184,0.062583033,0.167164465,0.002157228,-0.105382567,-0.271093133,0.033933295,0.130312966,-0.323090086,-0.37918254,0.207642113,-0.164211803,-0.181190108,-0.381264277,-0.23816942,-0.260841129,0.392950118,-0.14547707,0.118848927,0.085964799,0.497666706,0.379794813,0.386593179,0.390022271,0.201355134,0.207912276,-0.158787361,-0.297980302,-0.619985266,-0.350783578,0.241072358,-0.255963706,-0.58595502,-0.077888218,0.326439824,-0.39556254,-0.010189272,-0.489440947,-0.1043502,0.099332189,0.021928608,0.415656574,-0.371195743,-0.126804477,0.049613638,0.008753894,-0.164328172
"sample_171_BAL",0.352460855,0.130607137,-0.130513262,0.052857952,-0.02337447,-0.276564278,0.102501192,-0.052055154,0.228844657,0.043141336,0.227761318,0.352646876,0.153961772,-0.131664848,-0.154213297,-0.154885571,0.338448578,0.102907419,0.070670732,-0.316335843,0.057376814,0.101262799,0.167623818,0.379561247,-0.00819415,0.300443571,0.216562606,-0.446446847,-0.022872259,0.133558573,0.374145699,0.420762246,0.319842204,-0.163821863,0.128657867,0.495946889,0.222354418,-0.311387752,0.214766064,0.347215682,0.396958658,0.509394642,-0.234136588,0.294734014,0.153769356,0.396433356,-0.041514656,0.20928401,-0.052096693,0.118836634
"sample_172_BAL",0.106297664,-0.012463457,-0.123546456,0.256704681,-0.027187849,-0.08780599,-0.028086961,0.284581759,0.004493523,0.194142224,0.083474882,-0.23665834,-0.16329619,0.281591348,-0.17753402,-0.169811848,0.025713145,-0.255172444,-0.090522643,0.172454722,0.110180561,0.039790939,-0.001048525,-0.076649904,-0.008240127,-0.426498708,-0.358556418,0.151622316,0.135060672,-0.290323645,0.116411742,0.14271686,-0.032212582,0.249963115,-0.312570893,0.054410998,-0.105287436,0.406365294,0.07632796,-0.03743955,0.049450207,0.147098098,0.181468986,-0.270952952,-0.087269137,-0.240370611,0.069802116,0.054329674,-0.206858218,0.231287346
"sample_173_BAL",0.267694871,0.336493424,-0.197217839,0.106901485,-0.022751739,-0.070757042,0.164500748,0.027050112,0.132792963,0.042524513,0.30864626,0.038533593,-0.0059206,0.086553318,-0.314583012,-0.2504962,0.149216738,0.060301253,-0.098209029,0.006056714,-0.003334623,0.14105853,0.233042187,0.402593812,0.25672546,0.311901992,0.350463505,-0.177719321,0.147411364,0.068921248,0.126261383,0.123762414,-0.113952505,0.014524324,0.101755535,0.214335832,-0.050231735,0.133744713,0.030595868,0.091546209,0.140886285,0.022893316,-0.066321747,0.145863444,0.33270044,0.248698759,-0.172944575,0.06246072,-0.23804782,0.06177325
"sample_174_BAL",-0.326870603,0.308723695,-0.472041869,0.354890566,0.155176953,0.040456015,-0.051603714,-0.040800022,-0.213811417,0.043217587,0.09508659,-0.380079452,-0.361254222,0.300321519,-0.239242753,-0.203969203,-0.365141644,-0.302378209,-0.248066708,0.315779206,-0.206147567,0.122484565,0.129477367,0.408074677,0.320052743,0.169293118,0.226699047,0.245959713,0.134123898,-0.221187439,-0.304328861,-0.575713269,-0.458617962,0.210444664,-0.207942031,-0.533535127,-0.084406594,0.117556698,-0.320792089,-0.07537317,-0.543197679,-0.045757479,0.140826149,-0.148678887,0.337512213,-0.432965492,-0.187284309,0.081567947,0.17834491,-0.136026784
"sample_175_BAL",-0.144304872,-0.066558751,-0.156117186,-0.091939567,0.23545468,0.362947712,0.057833685,-0.169851308,-0.038240616,0.072935102,0.040190219,-0.286759232,-0.430341333,0.100626859,0.155549828,0.009934231,-0.332339174,-0.3210835,-0.179457426,0.011927633,-0.120892219,0.202516565,0.042082582,0.080045779,0.168764803,-0.286687358,-0.151666,0.152068782,0.06355723,0.031294157,-0.279957742,-0.48901734,-0.434786009,0.266152058,0.083487755,-0.522817651,0.25805279,0.109630573,-0.234392103,-0.185806114,-0.462302842,-0.166368487,-0.141351998,0.117090031,0.496258149,-0.294720582,-0.05673944,-0.10939177,-0.019904893,-0.039248246
"sample_176_BAL",0.260203394,0.271655588,-0.073578064,0.253369375,-0.089476721,-0.394664821,0.23051132,-0.070762295,0.310846761,0.054434515,0.205039527,0.302428392,-0.042909983,-0.090367202,-0.225185485,-0.22889792,0.218857169,0.001700554,-0.061809875,-0.166847546,0.308278219,0.074645795,0.172087236,0.452265597,0.253774529,0.305070301,0.26349672,-0.343838184,0.018787616,0.172123371,0.221588565,0.282152581,0.223154881,-0.136669634,0.352657566,0.275459118,0.179553842,-0.215964616,0.116870427,0.309425696,0.360996538,0.371847599,-0.328413357,0.43797808,0.360376332,0.303719386,-0.124962614,0.203084405,0.154967812,0.137762011
"sample_177_BAL",0.213501283,0.148471793,-0.289764944,-0.008009837,0.091174879,0.047085813,-0.020363046,-0.116604551,0.01945529,0.07889242,0.191107843,-0.109273192,-0.182074093,0.043722639,-0.329873407,-0.305222514,0.011931211,-0.299979366,-0.177906841,0.162927856,-0.056407991,-0.058302767,0.072506343,0.155848734,-0.124458749,0.211881688,0.073523381,-0.121890001,0.012781409,-0.078391761,-0.084577948,-0.220809432,-0.064359564,0.129940086,0.071993274,-0.108667505,-0.030567839,0.256372303,0.032881862,0.039938882,-0.015338331,0.074468807,-0.132254034,0.171598931,-0.214059218,0.038527342,-0.207051901,-0.061060873,0.212034415,-0.016709177
"sample_178_BAL",-0.336366818,0.296822166,-0.291067157,0.270543144,0.01208424,0.177172318,0.011706161,0.001556574,-0.224810394,0.138941951,0.145537246,-0.444795391,-0.307293692,0.376592967,-0.148282614,-0.16948169,-0.246323253,-0.205764993,-0.305193617,0.160310476,-0.201518503,0.199270638,0.137904576,0.368349767,0.394682233,-0.257926332,0.081588066,0.222775535,0.34189631,-0.255955144,-0.289411194,-0.572375624,-0.533218303,0.104763336,-0.43950243,-0.537095757,-0.092324726,0.370781302,-0.362627468,-0.264066167,-0.430088379,-0.446626725,0.14865193,0.038783782,0.504433159,-0.343205981,0.071355293,0.021588376,-0.153776089,-0.117934608
"sample_179_BAL",-0.231224415,0.305012349,-0.448948869,-0.021515401,0.160450464,0.117859631,-0.069999214,0.046992148,-0.157959975,0.116466071,0.101902222,-0.309380971,-0.360839357,0.231326136,-0.192672376,-0.19192677,-0.348308001,-0.324891639,-0.301241972,0.168743299,-0.167489351,-0.048311748,0.057685097,0.404976228,0.314457155,0.115272583,0.161919035,0.192556667,0.144539247,-0.252301214,-0.31933428,-0.530762062,-0.287241459,0.26626287,0.126609649,-0.495660666,-0.107413745,0.174304854,-0.173111223,-0.129194686,-0.456177331,-0.340234531,-0.007147681,-0.13178617,0.277953955,-0.390047303,-0.237975077,0.094841957,0.126072782,-0.052728062
"sample_180_BAL",-0.374858953,-0.270890101,-0.452612868,-0.005659552,-0.131652663,0.048619072,-0.44347574,0.042766504,-0.444914679,-0.124683885,-0.282263684,-0.453249599,-0.113528597,0.08519362,-0.363111745,-0.333106167,-0.370580822,-0.19534505,-0.325455521,0.153724033,-0.336875139,-0.346733259,-0.297801955,-0.413869452,-0.263838458,-0.624392962,-0.510358898,0.282709664,0.065605295,-0.334777322,-0.449886139,-0.58690536,-0.409821973,0.03083629,-0.330253234,-0.511553637,-0.488464898,0.37087235,-0.327629494,-0.416327046,-0.501034038,-0.569016326,0.328884152,-0.513914229,-0.538821697,-0.501725917,-0.10459124,-0.419569365,-0.251398728,-0.246007964
"sample_181_BAL",0.327228143,0.399473284,-0.055289601,0.156451359,-0.089902406,-0.34078813,0.074100488,-0.179182919,0.03887014,-0.06015176,0.334444706,0.344473085,0.329625901,-0.149542824,-0.328342843,-0.280759324,0.247585249,0.312803108,-0.014484994,-0.330586086,0.174385648,0.037876809,0.294218247,0.47882893,0.24528208,0.521015655,0.487085645,-0.472482709,0.114588719,0.320603334,0.380866832,0.526861555,0.288267894,-0.212350163,0.116240422,0.418307398,0.044335476,-0.314834345,0.034734951,0.296910627,0.475679155,0.346998329,-0.208895417,0.288494484,0.214264027,0.395449092,-0.083718388,0.17604145,0.027384876,0.062296598
"sample_182_BAL",-0.357121353,-0.159158215,-0.437095857,0.094405326,-0.076161241,-0.052640623,-0.406751892,0.147965077,-0.368412191,-0.037634308,-0.274525358,-0.428600542,-0.07760458,0.11766452,-0.346900432,-0.276064729,-0.329238948,-0.23235775,-0.254844699,0.057420607,-0.24058057,-0.312997894,-0.253890499,-0.413976857,-0.272101199,-0.631985601,-0.51049901,0.286018111,-0.023309555,-0.330921633,-0.445005619,-0.529112774,-0.320616445,0.056876222,-0.454478619,-0.474004969,-0.450205823,0.419860554,-0.219953177,-0.3867302,-0.461776055,-0.509734077,0.346850021,-0.434440781,-0.55122015,-0.450568831,-0.000186908,-0.350619453,-0.200573477,-0.202866254
"sample_183_BAL",0.387266425,0.220939961,0.052808309,0.134379902,0.000853627,-0.405454773,0.225925717,-0.105951732,0.142415454,0.064239994,0.209794914,0.333514104,0.411803847,-0.074296343,-0.269884423,-0.215453836,0.298690591,0.39490657,0.041025933,-0.258128507,0.257495626,0.121868889,0.164046873,0.406561054,0.156494215,0.455332818,0.317241344,-0.413905902,0.003269746,0.372866701,0.390743595,0.485145202,0.197571401,-0.169226365,-0.039723526,0.483271794,0.124594183,-0.272457246,0.197490192,0.312672299,0.471909705,0.402693373,-0.244197162,0.354314503,0.143220021,0.424853861,-0.035898454,0.269233126,-0.093146323,0.132428474
"sample_184_BAL",0.055591171,0.479610517,-0.060313958,0.051856592,0.098769701,-0.036491391,0.315534287,-0.05789343,0.110385391,0.13124566,0.408623328,-0.265333843,-0.273342971,0.116012779,-0.283120683,-0.23434698,-0.022337718,-0.124147587,-0.232542117,0.275041769,0.003438822,0.169921428,0.328930164,0.54179238,0.532190279,0.62875268,0.554120328,-0.126813901,0.271722,0.036674025,0.214794279,-0.257008872,-0.297094356,0.058819089,0.005507338,-0.359960535,0.098023979,0.091478893,-0.127381546,0.255577115,0.122460363,-0.069615145,-0.095877648,0.149057429,0.512915865,-0.002025326,-0.072615407,0.095466823,-0.035278749,-0.017496228
"sample_185_BAL",0.312732831,0.177383231,0.147849677,-0.066056681,-0.059975132,-0.368116245,0.14226037,-0.142274107,0.445063822,0.158594301,0.335289928,0.287445353,0.238341157,-0.167079645,-0.16615628,-0.214391808,0.247721951,0.21823466,-0.032114843,-0.299936427,0.076831893,0.066953572,0.153327321,0.414166859,0.153349002,0.615058114,0.450773715,-0.330644014,0.06970767,0.259066053,0.386877322,0.388498635,0.26721821,-0.169961021,0.300489847,0.336257993,0.120328088,-0.163091101,0.104255332,0.320291424,0.388483555,0.414825228,-0.207715891,0.391299084,0.204516737,0.404236576,-0.098973567,0.142662982,0.050255282,0.114660199
"sample_186_BAL",-0.195299839,0.207170217,-0.400755605,0.294262486,0.118119686,0.152024947,-0.03860988,-0.051270713,-0.131536796,0.06386058,0.092675129,-0.362797497,-0.408068006,0.194577826,-0.157221377,-0.181073389,-0.350934149,-0.33909435,-0.239243214,0.281677638,-0.173582343,0.073751269,0.205561095,0.347475902,0.264623718,0.015760905,0.008274985,0.226260157,0.099870791,-0.130924955,-0.326237529,-0.529723846,-0.368870247,0.309422525,0.324275984,-0.523893716,-0.062199468,0.331995545,-0.341601315,-0.087389457,-0.441953599,-0.175195918,-0.125139748,-0.080332357,0.350689558,-0.303544389,-0.267412594,-0.007906456,0.277467339,-0.098904707
"sample_187_BAL",0.209723782,0.38049805,0.050018438,0.088066535,0.069843179,-0.105538409,0.304134079,-0.134233338,0.297660898,-0.060790541,0.254942292,0.320037973,0.106641509,-0.13723331,-0.061604919,-0.039597962,0.140024984,0.122394489,0.000251043,-0.256934769,0.058772958,0.121682486,0.255968108,0.453002366,0.260678447,0.660588393,0.591112812,-0.313995778,0.000727678,0.232647189,0.182868624,0.369738103,0.272624812,-0.052574218,0.414024495,0.355109903,0.407148656,-0.269388948,0.038851001,0.231899776,0.189744633,0.485670897,-0.370844307,0.252261164,0.475839854,0.286817125,-0.117272842,0.309953736,0.267472312,-0.027426836
"sample_188_BAL",-0.372950891,-0.245661495,-0.505822852,0.030483821,0.076204368,0.158954271,-0.486289306,0.04392902,-0.417785094,-0.022167574,-0.30740985,-0.399405758,-0.267030842,0.067293239,-0.196763718,-0.18855636,-0.403393239,-0.347715546,-0.343171172,0.195822659,-0.304142985,-0.333396843,-0.278258183,-0.46934186,-0.335461361,-0.648493342,-0.550761804,0.392047182,-0.143144309,-0.395456751,-0.504201309,-0.595297235,-0.208183077,0.242148697,-0.13930787,-0.560964611,-0.464099019,0.387796541,-0.341032523,-0.434447556,-0.601253255,-0.591658381,0.271535346,-0.517091857,-0.509710885,-0.46391337,-0.237625987,-0.284886688,0.131486813,-0.175430392
"sample_189_BAL",0.069355045,-0.026861515,-0.245653608,0.04172256,0.220952394,-0.239641689,0.022072562,-0.094313228,-0.066755967,0.021179097,0.036399512,-0.041631366,-0.238251412,0.188331324,-0.061744023,-0.093665599,0.015529065,-0.242458955,-0.093206176,0.073555214,-0.077044262,0.074355842,0.071958105,0.074764397,-0.116532696,-0.091456976,-0.038158286,0.006818768,-0.014952427,0.024230808,-0.161145027,-0.263505308,-0.178871174,0.29147181,0.119805128,-0.108416609,0.198635032,0.081637419,-0.039193694,0.073130692,-0.257378319,0.138926872,-0.089809111,0.124338021,0.068550721,-0.060600779,-0.079506527,0.100234718,0.09074835,0.014414925
"sample_1_Nasal",-0.060936663,0.002536323,0.217822135,0.349376463,0.04038632,0.063019431,0.128973281,-0.136829491,0.213964729,-0.078828149,0.046389069,0.116644686,-0.247986478,0.152270457,0.10228172,0.229540535,-0.048908519,-0.078223346,0.145093098,0.066375413,0.036782,0.180135313,0.117334843,-0.128367223,0.017865287,-0.276944009,-0.11098499,0.198294417,0.033450625,-0.086211043,0.163659132,0.252559294,0.128436944,0.161603855,-0.041531829,0.322908673,-0.006242175,0.056552909,-0.090392773,0.049350791,0.032419912,0.122158359,-0.010423768,-0.177792309,0.111880521,0.023579327,0.07684614,0.144275175,0.095110756,-0.071717025
"sample_2_Nasal",-0.24786981,0.226389121,-0.379808849,0.063521533,0.055588146,0.208806777,-0.040783805,0.045186145,-0.261681918,0.113580026,0.036716725,-0.339103361,-0.142943003,0.224596154,-0.141030122,-0.14477407,-0.280565057,-0.097957291,-0.279810867,0.175904017,-0.132732339,-0.038397545,0.027945388,0.347206703,0.309646925,0.07284354,0.145827744,0.296668883,0.082300217,-0.088018827,-0.26789977,-0.491758294,-0.347945977,0.245714952,-0.238116369,-0.491098618,-0.258977401,0.087591999,-0.379693603,0.048317917,-0.450053368,-0.133035471,0.254137585,-0.27949125,0.375465999,-0.388128318,-0.035731359,-0.095090715,-0.263987859,-0.11421071
"sample_3_Nasal",-0.397336154,-0.267773821,-0.507084754,-0.133222716,0.002956567,0.121688979,-0.492046778,-0.027245815,-0.350039535,-0.080119012,-0.312793024,-0.392871002,-0.24356713,0.091744782,-0.287357053,-0.29529255,-0.357441549,-0.312156413,-0.31404705,0.133866655,-0.298743944,-0.30695343,-0.320506166,-0.443783725,-0.295889978,-0.666885614,-0.558217554,0.362545739,-0.141178002,-0.379130552,-0.52669218,-0.609757658,-0.25965298,0.22363134,-0.252665981,-0.57405741,-0.479148835,0.237105009,-0.238361746,-0.416716472,-0.588196269,-0.552643687,0.319691972,-0.496833108,-0.527203754,-0.480304104,-0.145212482,-0.313610231,-0.100831797,-0.206498326
"sample_4_Nasal",-0.04191863,0.378733521,0.395752527,0.007675455,0.05975382,0.128496646,0.212610884,-0.112825566,0.282676392,0.121204194,0.241960662,0.235663482,0.24462291,-0.112684279,0.035427465,0.166503534,0.092053477,0.262917506,0.157559561,-0.292426905,0.234205025,0.063408491,0.089858793,0.255588422,0.149549321,0.59369093,0.548309846,-0.109860699,0.09779183,0.351960606,0.392184995,0.396925874,0.111663917,-0.210712786,0.041875876,0.213256821,0.208261065,-0.016499592,0.056571926,0.225613286,0.344001376,0.136261584,0.039350975,0.318656966,0.253243389,0.344558007,0.115599612,0.170818576,-0.204600838,0.034734662
"sample_5_Nasal",-0.028533816,-0.100551826,0.165351349,0.342896668,0.203981148,0.308348478,0.265827492,-0.147959864,0.184376157,0.274779042,0.161234209,-0.204091435,-0.100838108,0.270812934,0.260720914,0.273529596,-0.084116606,0.047596493,0.194460396,0.162516403,-0.014739024,0.167953383,0.11553728,0.017454416,0.080830905,-0.153410621,-0.111603775,0.253343357,0.103589574,-0.107196939,-0.004064883,-0.057238801,-0.200861993,0.278318974,-0.203730771,-0.183309429,0.263433239,0.202237093,-0.153021837,0.100818965,-0.112019127,-0.136632107,-0.161009199,0.094823516,0.286968815,0.038521164,0.139808409,0.19799311,-0.207337991,0.014474247
"sample_6_Nasal",0.335709064,-0.050476015,0.488856599,-0.131960612,-0.04816259,-0.037580904,0.434925581,-0.046033958,0.418775629,0.06847541,0.154507289,0.366174305,0.255118871,-0.153692187,0.285098878,0.382131659,0.330838269,0.2866099,0.39876872,-0.223843196,0.197495306,0.370386087,0.196092878,0.254785913,0.205116627,0.33969536,0.296891868,-0.155851046,0.109272212,0.205878781,0.516855477,0.587500537,0.400243884,-0.171994249,0.190135233,0.546456313,0.415888498,-0.259536998,0.284856685,0.344580366,0.585560187,0.52910576,-0.252872279,0.383291507,0.549009884,0.452394717,0.155250217,0.407869337,-0.010286921,0.210368847
"sample_7_Nasal",-0.322740369,-0.242311835,-0.404201305,-0.242341423,-0.003419453,0.084162707,-0.404360041,0.110771404,-0.257813676,-0.091023725,-0.264679793,-0.333275665,-0.100728256,0.150393102,-0.210705737,-0.208352733,-0.32355261,-0.166825636,-0.177757185,0.270153225,-0.265937573,-0.200362379,-0.204151074,-0.377659189,-0.231863668,-0.648239274,-0.494615872,0.327940954,0.05698197,-0.283444917,-0.414169955,-0.523370224,-0.266667163,0.110103992,-0.40293045,-0.449371048,-0.415062633,0.274671164,-0.133838331,-0.383598484,-0.444844121,-0.53064826,0.347575682,-0.318996119,-0.448958531,-0.453118304,0.024719604,-0.361284514,-0.051745397,-0.188771003
"sample_8_Nasal",0.18919349,-0.259764966,0.504605057,-0.3031373,-0.237128454,-0.254878822,0.170366792,0.07277578,0.13885887,-0.184893004,-0.107007413,0.35094588,0.416125797,-0.373500757,0.18269773,0.230880406,0.351548484,0.421845222,0.110123106,-0.285134448,0.223013043,-0.010363308,-0.077984238,-0.326596035,-0.376803162,0.237536382,0.107824485,-0.298177344,-0.124090168,0.326731669,0.355195809,0.637171121,0.241487177,-0.266132429,-0.147541366,0.505225869,0.08468583,-0.309986198,0.372768142,0.307105142,0.600558727,0.257313494,0.009356232,0.254508066,-0.173337839,0.353464016,0.289176262,0.07172098,-0.078397562,0.001102995
"sample_9_Nasal",0.057299831,-0.272397772,0.406827753,-0.036581146,0.023660895,0.014025768,0.092456071,0.201622019,0.115838336,-0.136529071,0.000879118,0.186044654,-0.075585828,-0.001064929,0.161696068,0.152849963,0.101124866,-0.125126988,0.026352539,0.100599657,0.151909911,-0.031581489,-0.064105742,-0.297993062,-0.328669889,-0.194545876,-0.140674491,-0.048615332,-0.014628418,0.050864823,0.198213865,0.209761711,-0.1962179,0.043711979,-0.261884361,0.273192447,0.146058065,-0.250234356,0.196417036,-0.024817287,0.134352121,0.129564047,-0.013816239,-0.03804571,-0.197405451,-0.074936218,0.168968944,-0.017958422,-0.01036859,0.060297365
"sample_10_Nasal",0.213583487,-0.343010679,0.518206565,-0.129599341,-0.260058089,-0.179043341,0.080207321,0.031318588,0.303839618,-0.116935577,-0.135877816,0.398594009,0.433144853,-0.287074413,0.167013904,0.178500187,0.343105919,0.424012213,0.145502343,-0.303778363,0.215238402,-0.138406114,-0.122849889,-0.298087058,-0.257915505,0.424073708,0.171595573,-0.233701006,-0.158620291,0.294217607,0.369265321,0.613818547,0.119146886,-0.3274638,0.211621474,0.546572796,0.117614528,-0.26955412,0.310142965,0.170288795,0.619862062,0.307400707,0.044092069,0.240469593,-0.323059094,0.388220264,0.335139984,0.008684486,0.108049291,-0.025001162
"sample_11_Nasal",-0.220632994,-0.330163953,-0.150430981,-0.205731311,0.122502326,0.252156098,-0.194007033,-0.018501846,-0.1087327,-0.216237517,-0.295831955,-0.170291128,-0.246541633,0.012304297,0.220178773,0.057368719,-0.182752682,-0.21293532,-0.127607263,-0.01077416,-0.137586384,0.043770513,-0.179317823,-0.290269484,-0.24904153,-0.513031214,-0.441132045,0.256809546,-0.187294438,-0.004212307,-0.282568874,-0.174473733,-0.222942007,0.201932677,0.045464325,-0.276574326,-0.176832502,-0.126572434,-0.094578469,-0.170281939,-0.346565445,-0.275283863,0.118556084,-0.262625207,-0.235963511,0.012871968,-0.029688389,-0.16842403,0.158249343,-0.211636592
"sample_12_Nasal",-0.26622029,-0.055274794,-0.301242152,0.010502925,0.070292472,0.099449946,-0.205857433,0.162112213,-0.247317666,0.061016301,-0.059646522,-0.337691152,-0.093619762,0.171270567,-0.022488525,0.026967065,-0.319302298,-0.09222962,-0.13241407,0.318125646,-0.071693826,-0.017965889,-0.126419587,-0.182104587,-0.095098498,-0.41869966,-0.364776501,0.304254213,0.037414153,-0.197629742,-0.327593851,-0.389559021,-0.310847826,0.232863756,0.030528364,-0.429819957,-0.147382982,0.151434832,-0.084876661,-0.204016972,-0.389603466,-0.306931794,0.121594203,-0.150944263,-0.150103186,-0.265067832,0.151617751,-0.112240749,0.231361991,-0.021701806
"sample_13_Nasal",-0.405101802,-0.113604728,-0.511560197,-0.017513038,0.127068429,0.209973442,-0.386733082,-0.054711028,-0.3643984,-0.047058865,-0.292956121,-0.362986339,-0.309463365,0.144764062,-0.187703199,-0.165184865,-0.444764917,-0.356199577,-0.321655737,0.258110065,-0.267239593,-0.176680714,-0.233568863,-0.184527313,-0.110694992,-0.645259621,-0.508458889,0.395133072,-0.123636673,-0.370670895,-0.516591369,-0.635975613,-0.219273987,0.294327002,-0.109801453,-0.594209331,-0.380038528,0.345809146,-0.404923007,-0.392252255,-0.618624676,-0.438961232,0.221607362,-0.387882756,-0.322129929,-0.528385888,-0.311822724,-0.26156225,0.109130427,-0.207216791
"sample_14_Nasal",0.257810968,-0.406058584,0.402907944,-0.264569552,-0.061349663,-0.051409243,0.038405004,0.069215628,0.225012636,-0.235355542,-0.252919883,0.291027201,0.267684754,-0.310548617,0.199841329,0.190657745,0.176155483,0.259816998,0.097613177,-0.035874802,0.175665955,-0.107445705,-0.165412538,-0.36056497,-0.440433998,-0.414596873,-0.386887393,-0.202495224,-0.249940448,0.252765941,0.246059523,0.517735947,-0.004863255,-0.250038582,-0.210257504,0.385706027,0.138950896,-0.160822066,0.33042994,0.091666457,0.429288361,0.108511651,0.024894667,0.205010775,-0.390610921,0.264116306,0.187385274,0.10473368,-0.215935218,0.017620622
"sample_15_Nasal",0.148534668,-0.227683985,0.305080209,0.372768323,0.27768001,0.041388098,0.213606667,-0.228584596,0.147359163,0.17806195,-0.01298677,0.298799967,-0.188237288,0.476226563,0.305178811,0.16098732,0.052191979,-0.164362379,0.119594878,-0.095690142,0.164328622,0.224389431,-0.019505659,-0.189637084,-0.250500255,-0.089459299,-0.145030158,-0.221502153,-0.078883192,0.236406361,0.102983893,0.304750294,0.294959266,0.130896672,0.262466063,0.392776083,0.261025254,-0.372166421,0.062666647,0.091453326,0.078614191,0.34086651,-0.19125683,0.583745824,0.317747654,0.250274455,0.348767161,0.222858981,0.350857321,0.055707278
"sample_16_Nasal",0.292685595,-0.033973178,0.556571694,0.115999955,-0.217778243,-0.139818802,0.294910795,0.012987849,0.241182294,-0.103088754,0.014307806,0.306586159,0.46250247,-0.110609804,0.210562273,0.166240083,0.306155655,0.47302535,0.166640773,-0.21554663,0.218704478,0.067938954,0.015800795,-0.047969155,-0.099329118,0.518670073,0.335349656,-0.282562198,0.02920983,0.315371433,0.48195173,0.62945993,0.336991537,-0.318837782,0.092673419,0.476030864,0.256897236,-0.271164468,0.229992197,0.31803173,0.627600577,0.201364755,-0.107554387,0.419858082,0.021457605,0.475103935,0.337935322,0.079374852,0.111761135,0.049957115
"sample_17_Nasal",-0.340894702,0.006656389,-0.433004527,0.160489892,0.057305192,0.133307662,-0.315446104,-0.020372706,-0.376057435,0.038185121,-0.048785073,-0.297423839,-0.190002668,0.251652227,-0.124259164,-0.058695595,-0.385121494,-0.165997505,-0.247322546,0.452707469,-0.156288043,0.00212607,-0.017418313,-0.032858809,0.166245388,-0.328804086,-0.207425866,0.333933648,0.169014573,-0.26345155,-0.400980235,-0.549787445,-0.302078859,0.265615053,-0.415489544,-0.524224048,-0.305503339,0.316570005,-0.405949797,-0.283416392,-0.53957245,-0.338891114,0.30139788,-0.298154876,0.128308797,-0.431082715,-0.081186707,-0.12943435,-0.172128912,-0.119827121
"sample_18_Nasal",0.250022845,0.009428977,0.436987086,-0.143210488,-0.138667474,0.04916586,0.325655525,-0.049544822,0.130522798,-0.061131515,0.098383807,0.288750814,0.207902572,-0.30784674,0.272779433,0.36838733,0.328264445,0.290307306,0.28079675,-0.102442214,0.212967489,0.202277255,0.128584078,0.15600789,-0.027223357,0.522402337,0.435907659,-0.326256371,-0.003416911,0.367209921,0.326131028,0.496291159,0.238389398,-0.269899909,0.267244174,0.460989891,0.283779257,-0.398395512,0.253402212,0.31108834,0.548047356,0.268324173,-0.144582573,0.4223231,0.24232786,0.309857575,0.155204302,0.259507549,-0.097817408,0.165510953
"sample_19_Nasal",0.213043308,0.083318848,0.436135256,0.225749751,-0.041255726,-0.198037803,0.215193268,0.041895308,0.153197343,-0.057794054,-0.008594408,0.190941844,-0.081793779,-0.151394865,0.24640198,0.184730319,0.285545388,0.09509355,0.221600174,-0.17597071,0.146750682,-0.00674449,0.025910807,0.148857599,-0.117498795,0.452640466,0.318846312,-0.053318957,0.052499904,0.241218093,0.301819791,0.441606474,0.129751833,-0.194836892,0.352738439,0.438788985,0.273455147,-0.369117303,0.15175529,0.328522986,0.512284344,0.381306819,-0.111291496,0.26669024,0.104512694,0.278372792,0.08219519,0.064320287,0.223885377,0.155571634
"sample_20_Nasal",0.344411414,-0.157552127,0.48045998,0.015260945,-0.003167365,-0.044157349,0.436242859,0.040485203,0.351816583,0.027887425,0.069071171,0.339753613,0.066453948,-0.162140735,0.36925193,0.332147908,0.315497718,0.169226001,0.380885738,-0.175157567,0.361533545,0.354014771,0.08198414,0.077146464,-0.042255823,0.531632644,0.362582694,-0.133137937,0.035253827,0.171919973,0.439629041,0.533894983,0.164516169,-0.17818136,0.21817089,0.563909051,0.42355439,-0.085444498,0.270220701,0.372840618,0.625837282,0.495314305,-0.276072204,0.342521413,0.410894903,0.464451904,0.125065879,0.424687979,0.031813785,0.300682341
"sample_21_Nasal",0.092079879,0.078825124,0.344298255,0.196109864,0.123876868,0.126672736,0.319190959,-0.22265807,0.165377565,0.188424068,0.166918234,0.100718872,0.212201231,-0.0465478,0.160578941,0.22912535,0.146860654,0.325292919,0.272494952,-0.100149071,0.210288046,0.24457518,0.159653471,0.239026334,0.30348066,0.220229049,0.29572568,-0.083690071,0.18100682,0.189885851,0.329117313,0.487646638,0.409760678,-0.002489176,-0.014225838,0.281920094,0.314255434,-0.25156372,-0.012041221,0.314635753,0.368393049,0.381389968,-0.286461314,0.392261879,0.480716072,0.354080441,-0.009264532,0.240844279,-0.000614654,0.05339096
"sample_22_Nasal",0.14639836,-0.0286303,0.283345612,0.247378569,0.064169224,0.011053736,0.295315034,0.081714473,0.163350575,0.159915724,0.083693845,-0.042467309,-0.058374739,0.113981914,0.153567075,0.044397514,0.196422923,0.105016634,0.228054183,-0.138590998,0.126233356,0.246813347,0.088093845,0.190726284,0.086315187,0.276865289,0.145033726,0.036702653,0.131564742,0.072948668,0.248135436,0.087031674,-0.186750643,-0.022069355,0.207464774,0.108035351,0.170140402,0.189996849,0.100283857,0.278228688,0.281782119,0.180570044,-0.038516274,0.100629414,0.342188732,0.030318235,0.179128072,0.116145531,-0.182038336,0.066967554
"sample_23_Nasal",0.224706987,-0.031942108,0.504517595,-0.065829125,-0.152180634,-0.143975879,0.296703436,0.018855352,0.09125791,-0.165879814,0.143607429,0.309932978,0.16828624,-0.17122122,0.222478809,0.229463764,0.229049139,0.214133398,0.268596521,-0.007453081,0.185226037,0.314585206,0.074279073,0.215208043,0.233932586,0.589607573,0.463713892,-0.206138623,0.058528088,0.130221665,0.355653565,0.496954994,0.203626848,-0.215142803,0.046309981,0.44399414,0.31747383,-0.115169249,0.236626467,0.303871637,0.523414293,0.415819745,-0.027046253,0.280851049,0.412277437,0.31253765,0.210264043,0.310056662,0.133255483,0.229423784
"sample_24_Nasal",0.155735701,-0.269673272,0.313100625,-0.119777905,0.034402517,-0.060016226,0.370004884,-0.157228842,0.100336718,0.064372394,-0.078566277,0.080537495,-0.236058639,-0.063228668,0.357159167,0.400072459,0.137565934,0.033870647,-0.007070275,0.327465144,0.131895609,0.23302655,0.056049174,-0.099615352,-0.106063299,-0.308360398,-0.11586801,0.087138863,-0.013736504,0.17466284,-0.010469382,0.101843091,0.026499459,0.065387295,0.247191271,0.111226256,0.325096441,-0.056041775,-0.010963323,0.129169654,0.040513687,0.292875382,-0.171242911,0.43678608,0.423570501,0.104326049,0.113052604,0.351297014,0.226518978,0.122144787
"sample_25_Nasal",0.126381707,-0.325168353,0.421697118,-0.40926517,-0.348707894,-0.322255894,-0.108137942,0.154892391,0.140062549,-0.191867269,-0.230628256,0.374620617,0.204356417,-0.382435749,0.007974974,0.012951933,0.293500845,0.116256387,-0.011471272,-0.307672666,0.197925389,-0.26467914,-0.204078483,-0.38450021,-0.402410435,-0.274414666,-0.261186036,-0.329256068,-0.25304965,0.162448093,0.275180191,0.473936642,0.14623085,-0.274501902,-0.081384273,0.454005868,0.023388996,-0.253546466,0.325910872,0.148591915,0.593675586,0.357630267,-0.01880033,0.258935799,-0.397104649,0.321195827,0.271428596,-0.141802737,-0.06448127,0.033200781
"sample_26_Nasal",0.128148753,-0.174261779,0.38519648,-0.036048145,0.062714264,-0.109977882,0.182029355,-0.082545472,0.088345927,-0.019468183,-0.113914809,0.207987063,-0.04608913,-0.193180008,0.239282635,0.258162425,0.274121085,0.070639758,0.29585989,0.069657181,0.217034576,0.193864579,-0.044687166,-0.069865003,-0.104777773,0.214219649,0.214858958,-0.175415489,-0.116661722,0.159728595,0.258469289,0.273839111,0.180678059,-0.100605868,0.29094257,0.328783613,0.210560133,-0.290617418,0.231556554,0.191644516,0.278030789,0.24962537,-0.218245766,0.095819945,0.136463977,0.361420892,0.192121422,0.166728579,0.178258504,0.148385921
"sample_27_Nasal",0.318249354,-0.306585945,0.497128852,-0.325677824,-0.169158404,-0.240485744,0.184666902,0.092175698,0.442540227,-0.114478245,-0.164406558,0.442652566,0.128903298,-0.344852549,0.223150881,0.207463632,0.459212339,0.047844452,0.279929791,-0.277247478,0.253235335,0.046740088,-0.128470684,-0.291459648,-0.357973425,0.018772213,-0.058171783,-0.306941978,-0.296767855,0.058059107,0.462013456,0.593160054,0.210620857,-0.29146056,0.172660181,0.643535604,0.333009733,-0.35658903,0.445642217,0.325771954,0.487721212,0.461950911,-0.097366979,0.227264054,-0.226976574,0.437023285,0.218320068,0.214699263,0.114662567,0.118667436
"sample_28_Nasal",0.13237896,-0.315521016,0.407311057,-0.143217572,-0.158446856,-0.166923473,0.062712068,0.063405179,0.345803649,-0.164207626,-0.157798588,0.324511723,0.039103618,-0.239897515,0.198407099,0.210448609,0.287776087,0.105018905,0.196004772,-0.34571848,0.093960805,-0.080850876,-0.169675667,-0.407970335,-0.367266523,-0.013136253,-0.060215743,-0.213820646,-0.2932311,0.183575131,0.315389811,0.542415158,0.17783855,-0.287504411,-0.02636699,0.482790356,0.174442755,-0.308549993,0.317742276,0.13583904,0.477608714,0.342115265,-0.124586264,0.147905523,-0.381844527,0.284593161,0.260337584,-0.002644546,-0.036558094,0.058803778
"sample_29_Nasal",0.058615481,-0.04164608,0.098497649,-0.001211947,0.08020381,0.200893268,0.084641942,0.082221248,0.100682956,0.086444523,0.080691102,-0.087687645,0.049119278,-0.142291758,0.270571846,0.272979584,0.202590282,0.129166819,0.061719287,-0.093976159,0.098598514,-0.017049847,0.009458691,-0.010588727,-0.077399415,0.077038478,0.058907707,0.004230697,-0.13879024,0.169694395,0.091517005,0.433167217,0.121982196,-0.104992202,-0.380665251,0.303080672,0.02791971,0.038211613,0.210783635,0.011059941,0.277357512,0.190294685,-0.011511002,0.152686882,-0.021361138,0.26814062,0.006721315,0.169880116,-0.286198344,0.14235294
"sample_30_Nasal",-0.138715861,-0.159850546,0.159370636,-0.038552037,-0.099572845,-0.12363381,0.004022496,-0.123347216,-0.094375163,-0.049708926,-0.032601827,-0.086615643,-0.099617926,-0.185592319,0.172906777,0.063004734,0.130521907,-0.028587153,0.07236787,-0.163351292,0.074449603,-0.033508213,-0.191912781,-0.225984388,-0.102720749,0.277461298,0.177796476,0.026378607,0.004459708,0.106692187,0.025682062,-0.028604395,-0.11240787,0.187205209,0.138064889,-0.113299051,-0.051750617,0.122100103,0.006197327,-0.022872854,0.215562589,0.051615258,-0.159519896,-0.184432076,-0.24702765,0.014427569,0.065770119,-0.058059073,0.010193024,0.102594305
"sample_31_Nasal",0.188008221,0.049802171,0.385117091,0.240462501,0.127514365,0.251116604,0.305770796,-0.003787568,0.103511967,0.151520541,0.077418013,0.082999738,-0.031064309,0.048991841,0.323936348,0.328898913,0.222452486,0.104701992,0.225045497,0.156492647,0.220086199,0.241166717,0.169430003,0.245217778,0.156398786,0.472962649,0.40246556,0.014003621,0.121423072,0.033704923,0.22497162,0.352257241,-0.02288677,-0.085435844,0.081332939,0.370056671,0.372100491,-0.244308941,0.230367499,0.251087357,0.397130946,0.422972121,-0.291760021,0.420699216,0.381696565,0.274304472,0.179100344,0.407333143,0.089081424,0.164473166
"sample_32_Nasal",-0.197741998,0.241966539,0.134881459,-0.027059896,0.098166699,0.186017937,0.225966979,0.045637519,-0.102567903,0.211558836,0.28418535,-0.262327132,-0.172231111,0.25452659,-0.057437042,-0.024486924,-0.310593687,-0.090501405,-0.070997526,0.101163387,-0.085286368,0.100312229,0.156379135,0.383684562,0.381684477,0.445947919,0.41701622,0.273202767,0.277343986,-0.11298158,0.068274982,-0.362501995,-0.398831421,0.103595506,-0.267120131,-0.469622967,0.061483712,0.119102928,-0.247892783,0.175048899,-0.242369383,-0.022010159,0.107919823,0.159312031,0.523789781,-0.203039,0.118343463,0.177409399,-0.222882538,-0.035878446
"sample_33_Nasal",0.104770284,-0.227656188,0.447314138,-0.268075609,-0.019005273,-0.065309993,0.153868344,-0.156438693,0.330951543,-0.09352447,-0.096017027,0.308004479,0.178192908,-0.234538772,0.29463494,0.356340832,0.209210061,0.293135522,0.248550366,-0.052887782,0.107737731,0.212875525,-0.067721987,-0.113039127,-0.273618147,0.490149977,0.292430689,0.015537124,-0.26216643,0.314159364,0.245311564,0.441450587,0.277345909,-0.186130121,0.191792158,0.354618854,0.166281735,-0.266213789,0.23074672,0.081813571,0.303737533,0.355213418,-0.03193743,0.153435594,-0.07763282,0.329069611,0.15772317,0.202620596,-0.153690688,0.0950684
"sample_34_Nasal",0.075588535,0.394452102,0.45167848,0.338683263,0.35676621,-0.039477591,0.448964662,-0.072391856,0.286759291,0.422770182,0.482893569,0.043708534,-0.143477376,0.321416691,0.213444486,0.342945233,0.138418078,0.039098349,0.29857839,0.013519117,0.173422645,0.422868165,0.409412248,0.478628655,0.517011819,0.648093315,0.574043476,0.136151588,0.4824818,0.074928018,0.464828119,0.364207293,-0.122699956,0.034571539,0.079730003,0.289573835,0.346641726,0.220490294,0.132345827,0.41536367,0.393852493,0.546870625,-0.234413586,0.474425033,0.641161973,0.363283372,0.139930935,0.417129111,-0.090018919,0.18131703
"sample_35_Nasal",0.323255944,-0.070519287,0.559690124,-0.035902406,-0.134000454,-0.208751516,0.363741624,0.014920694,0.295623069,0.06792923,0.114216081,0.36568179,0.188111099,-0.140176449,0.315045321,0.327591132,0.32236905,0.242468232,0.319906629,-0.297053708,0.291924852,0.242969062,0.151400345,0.241822763,0.143664759,0.551049266,0.449269003,-0.225882817,0.120132549,0.164713059,0.460711282,0.529188703,0.226411891,-0.218183792,0.157902908,0.526206763,0.377262572,-0.274910801,0.223681526,0.337504105,0.622226718,0.444036689,-0.226854824,0.507386749,0.431908267,0.476433674,0.237478631,0.326599804,-0.120561897,0.246454088
"sample_36_Nasal",0.146509593,0.108140119,0.340882772,-0.269065454,0.041681578,-0.004338975,0.328001429,-0.140284077,0.265545801,-0.070300012,0.064948467,0.258903902,-0.150620948,-0.241403976,0.253358911,0.242584982,0.247098528,-0.025933327,0.252153353,-0.394460177,0.17000764,0.050533226,-0.029857918,0.026599178,-0.106937417,0.405276828,0.35916542,-0.046614178,-0.074672414,0.171094269,0.252487127,0.339857576,0.21472511,-0.106322058,0.13704913,0.368193126,0.28957619,-0.155843722,0.170317693,0.128237092,0.33410132,0.30379486,-0.276195964,0.008300394,-0.022706296,0.133081453,0.149573651,0.040672967,-0.174366619,0.16082954
"sample_37_Nasal",-0.024150559,0.188563567,0.200517411,-0.00319543,0.218005763,0.156361565,0.233379515,0.003703003,0.10300995,0.012432951,0.218143829,-0.06046877,-0.247309817,0.116546581,0.01826497,0.079548065,0.027439662,-0.17821147,0.073912926,-0.080743874,-0.002627652,0.246381898,0.117232153,0.257132724,0.240347769,0.021484421,-0.05776712,-0.11960117,0.103982934,-0.088367065,0.144171787,0.091879438,-0.19683573,0.17765271,0.026830403,-0.020620158,0.181830164,-0.157494637,-0.080498224,0.225261252,0.213121242,0.240512259,-0.242004573,0.326110316,0.350208042,-0.070949717,0.176039893,0.097911371,-0.099160698,-0.042718107
"sample_38_Nasal",0.015514257,0.042319504,0.407223988,0.228325403,0.116757033,0.110943523,0.170617667,0.014615139,0.19343134,0.082352528,0.135088077,-0.102379199,-0.090819963,0.106089537,0.2766725,0.253795847,0.090258676,0.034093658,0.234521,-0.063019247,0.084825471,0.242732547,0.204599716,0.221334052,0.252763969,0.323369238,0.328421114,-0.014043275,0.187623562,0.135232338,0.236786852,0.167963558,-0.130831457,-0.022888786,0.114165371,0.141257681,0.296386972,-0.066199383,-0.051253029,0.235756824,0.2155614,0.212056926,-0.131078444,0.356698946,0.498201608,0.293821561,0.206467236,0.258098589,-0.143801601,0.156277358
"sample_39_Nasal",0.263865039,0.150764153,0.46744523,-0.087810355,0.02619452,-0.100589814,0.357165272,0.033564737,0.306072166,0.115535952,0.316604146,0.197511095,-0.021489722,-0.208096757,0.271306151,0.321484607,0.357683619,0.022222905,0.309556083,-0.441944762,0.224676661,0.268196609,0.154042428,0.411162849,0.335837208,0.508021875,0.447029216,-0.170684252,0.130396712,0.093304398,0.463400298,0.4584966,0.068088145,-0.208743036,0.135907161,0.53878897,0.337081644,-0.217779805,0.053897596,0.335564414,0.560003692,0.485608024,-0.313636917,0.359030359,0.544013363,0.419483311,0.000241553,0.32386349,-0.154092204,0.199731933
"sample_40_Nasal",-0.254767576,0.013874629,-0.116602188,-0.089580384,-0.039656124,0.314252746,-0.265756706,0.147828025,-0.28038323,-0.077400462,-0.029487699,-0.319839558,-0.135293467,-0.03775137,-0.1153672,-0.183964522,-0.421285522,-0.066698377,-0.277598256,0.355207984,-0.154756186,-0.086012839,-0.040181882,-0.089551103,-0.224967862,-0.46517941,-0.357115268,0.033839013,-0.090996969,0.030998999,-0.252209317,-0.4088082,-0.128223267,0.092882011,-0.210197412,-0.440226445,-0.338279345,0.335564036,-0.175457309,-0.182907004,-0.326882067,-0.467307033,0.018564216,-0.426801036,-0.323193891,-0.35137695,-0.062339549,-0.147268238,-0.251486423,-0.101524244
"sample_41_Nasal",0.259485355,-0.327714418,0.395326014,0.049668436,0.002835005,0.086653825,0.31160526,-0.069403353,0.256767476,-0.022804097,-0.161497073,0.227777807,0.174814037,-0.007579261,0.325865079,0.251754532,0.269777873,0.238440973,0.16762885,-0.064171543,0.134644453,0.155800953,-0.05738114,-0.163957605,-0.213266104,-0.260917196,-0.240029125,-0.017976333,-0.182732146,0.099358442,0.279638518,0.470841897,0.35522363,-0.027897827,0.021794501,0.403532311,0.351513928,-0.370491718,0.24578266,0.150024169,0.404646415,0.339863922,-0.09511546,0.298460594,0.337675101,0.344214177,0.285281824,0.305544481,0.049696034,0.158648377
"sample_42_Nasal",0.275989328,-0.307226299,0.487512438,-0.202170694,-0.067476225,0.06509269,0.311140516,-0.004287517,0.448781443,-0.100300663,-0.087400089,0.329203746,0.18326537,-0.28106666,0.25817989,0.254886462,0.314979029,0.343861943,0.326109097,-0.291792089,0.23903264,0.145494884,0.001382236,0.036133569,-0.17201734,0.55884578,0.385731165,-0.14524527,-0.147544944,0.294831159,0.408257405,0.418515448,-0.155702437,-0.205446943,0.291065375,0.501190171,0.356522763,-0.346555038,0.321514615,0.380026647,0.487034211,0.4368149,-0.313787233,0.357139082,-0.040565893,0.364330362,0.149903083,0.201494137,-0.213244686,0.068422114
"sample_43_Nasal",-0.333914783,-0.275018895,-0.296771412,-0.008481473,0.044477326,0.259325308,-0.359940658,0.058143708,-0.421543283,-0.024463308,-0.253390946,-0.410488656,-0.22119891,0.15154982,-0.075806701,-0.036087171,-0.348243824,-0.187918985,-0.143079262,0.188520315,-0.250656822,-0.146649722,-0.273835335,-0.449323734,-0.328520875,-0.57895381,-0.496548041,0.368776235,0.008196433,-0.160247463,-0.426326243,-0.438424495,-0.294835168,0.241508306,-0.203041104,-0.486183004,-0.382654166,0.267700846,-0.31537539,-0.3729556,-0.405356989,-0.431169326,0.312946106,-0.425079339,-0.461324681,-0.39810328,-0.129168779,-0.258819171,-0.161836582,-0.07536293
"sample_44_Nasal",0.018684598,-0.210614349,0.214112595,-0.100403583,0.125837521,0.294975961,-0.042805552,-0.064333971,-0.146733599,-0.088708984,-0.087741067,-0.06866912,-0.179284221,0.03615136,0.171524225,0.253383903,0.009437264,-0.121367446,0.055382543,-0.020638338,0.054635085,0.033041943,-0.047236259,-0.24728824,-0.038412408,0.299209371,0.054940363,0.286828393,0.053339677,-0.128089116,-0.084968265,0.006548124,0.039566971,0.173103556,-0.042897955,-0.163351607,-0.002775724,0.344921398,-0.088268151,-0.087615776,-0.277286353,-0.071248938,-0.048807163,-0.2230012,-0.141141798,-0.088092866,-0.097089581,-0.022476861,-0.043147931,0.005775916
"sample_45_Nasal",0.281172718,-0.358044182,0.451768976,-0.18536525,-0.199744552,-0.181987143,0.061030091,0.054758052,0.342219933,-0.226663575,-0.297599403,0.399504619,0.3978454,-0.347151388,0.071997644,0.152685292,0.425618702,0.364639187,0.154156905,-0.285766123,0.142129769,-0.078591023,-0.188963594,-0.368245074,-0.422577524,-0.02465782,-0.078914563,-0.267246591,-0.281488731,0.309204913,0.408721791,0.618346267,0.244030785,-0.321769317,0.15884217,0.605055451,0.201357779,-0.255193035,0.430394756,0.251315625,0.571442602,0.357624324,0.039675124,0.208566739,-0.361084119,0.396491889,0.235700222,0.057563684,0.074698975,0.064140544
"sample_46_Nasal",-0.192101007,0.369250895,0.076310454,-0.05311126,0.219834645,0.347050048,0.286857876,0.109586286,-0.020067801,0.19479693,0.361068054,-0.291458848,-0.291478363,0.258967208,0.186722631,0.176476813,-0.094722086,-0.169844426,-0.007059455,-0.127000508,-0.000534431,0.237188851,0.27598804,0.475370661,0.42933039,0.430348833,0.42146686,0.301334339,0.264913261,-0.184328656,0.122219563,-0.08685618,-0.202100981,0.312542348,-0.018709691,-0.321553694,0.256957291,0.125898997,-0.004545939,0.19412013,-0.281826588,0.27476363,0.090425826,0.03235314,0.484005315,0.04215981,-0.073570099,0.055512048,0.060901362,0.022666318
"sample_47_Nasal",0.233276024,-0.311356487,0.425891929,-0.068920219,-0.017166666,0.043711307,0.202483018,-0.104276473,0.252032353,-0.067039635,-0.131849012,0.210297217,0.277319622,-0.162650451,0.225335377,0.291457487,0.208686508,0.357675694,0.39911939,0.052990044,0.180708979,0.237700364,-0.020297782,-0.316117906,-0.330877818,-0.343284762,-0.215992965,-0.069887698,-0.144280682,0.331102659,0.327355247,0.530261915,0.093619644,-0.05143976,-0.050193754,0.462658715,0.203255953,-0.071223807,0.238977629,0.089543938,0.476314049,0.304777279,-0.050774666,0.270382261,-0.209168093,0.304670323,0.231236054,0.209066333,-0.011821353,0.077781645
"sample_48_Nasal",-0.026793622,0.592113277,-0.018030681,0.226113377,0.186589361,0.202820866,0.425614057,-0.099316127,0.269801741,0.136458557,0.360930133,0.142195392,-0.203743648,-0.116439464,0.230659882,0.120204142,-0.133766625,-0.021017293,0.135220152,-0.019191509,0.074937356,0.389007445,0.37837954,0.545586143,0.561983723,0.723847177,0.706527794,-0.023639587,0.205637561,0.066357549,0.275859893,0.210825234,0.004143039,0.093685044,0.136531278,-0.098446174,0.318289137,-0.317963767,-0.104781883,0.343936312,-0.093118646,0.410598497,-0.220287181,0.380405157,0.671454315,0.183740267,-0.038386257,0.304609622,0.271840857,-0.01855583
"sample_49_Nasal",0.186047252,-0.121680179,0.446492969,-0.020883109,-0.096774052,0.156062632,0.194395999,-0.036828184,0.276003252,-0.026655886,-0.042440394,0.204814988,0.022514211,-0.266998728,0.23782622,0.237401431,0.155022691,0.007289065,0.208642651,-0.109250729,0.148352597,0.1520963,-0.129644116,-0.195329051,-0.229711394,0.234194512,0.178098046,0.070368967,-0.09547612,0.16802462,0.23914475,0.307342973,-0.032564031,-0.223824036,-0.225026118,0.356033307,0.280575799,-0.185517037,0.089154186,0.150321277,0.50936185,0.338309969,-0.240385919,0.315822803,0.134127054,0.236406532,0.194987706,0.124858602,-0.23309912,0.074546421
"sample_50_Nasal",-0.198371572,-0.310113476,0.120312877,0.047527317,0.156075616,0.368656177,0.005808351,-0.131449843,0.009946427,0.208671177,-0.094981003,-0.224226901,-0.222243547,0.134712965,0.14386022,0.026331365,-0.18243507,-0.185306708,-0.114799909,0.068214658,-0.09885219,0.064586005,-0.059437775,-0.268558879,-0.219155892,-0.560014665,-0.468350511,0.276310212,-0.062608742,-0.242406287,-0.269735472,-0.421744749,-0.388946607,0.34257301,-0.154760969,-0.357523324,0.108885336,0.218104063,-0.268696871,-0.022769955,-0.325914572,-0.406231867,0.012406548,-0.036777386,0.047368208,-0.17741413,0.034138373,0.012924454,0.030699847,-0.071108498
"sample_51_Nasal",0.077167433,-0.071804565,0.402534209,0.038898424,0.096985896,-0.027908016,0.237484193,0.077064045,0.353995555,-0.005652097,-0.066402293,0.121515986,0.199210345,-0.086659658,0.207902434,0.308256881,0.215139892,0.319605213,0.186248975,0.11279704,0.16103362,0.070753863,-0.005072075,-0.220834304,-0.044656747,0.198257467,0.134232139,-0.03605908,0.017832968,0.238618817,0.318171307,0.481608288,0.2346172,-0.239599469,0.058607554,0.325082591,0.138112091,-0.124587257,0.25948079,0.106701816,0.419203657,0.36887875,0.005913018,0.246477741,0.103641614,0.202923959,0.270799564,0.111486766,0.134309118,0.030493185
"sample_52_Nasal",0.33474922,-0.067603333,0.5497196,0.128748798,0.033151489,0.154820922,0.357036085,0.040414518,0.398357782,0.00735285,0.160965286,0.059905792,-0.067836162,-0.035490393,0.375917273,0.3222511,0.252349159,0.124126433,0.388355903,-0.134572443,0.226348171,0.383189779,0.169317467,0.301219721,0.28965688,0.045183288,0.139272501,-0.005312773,0.091598693,0.201877859,0.457602459,0.353747136,0.183320469,0.019739618,0.203944123,0.487627126,0.332017257,-0.138673562,0.046540771,0.25344703,0.440556605,0.420377992,-0.180230348,0.230324857,0.533600005,0.378029437,0.228934841,0.340931407,0.059206593,0.121789571
"sample_53_Nasal",0.155923828,-0.230423998,0.44620037,-0.057635775,-0.020212686,-0.002710914,0.238191473,-0.0403021,0.314110546,-0.068123431,-0.065864888,0.342623491,0.409423136,-0.085271812,0.262291822,0.306577353,0.270717448,0.466717389,0.224854547,-0.138179545,0.072147505,0.082667292,0.005687739,-0.07309634,-0.146129802,0.008763006,-0.037316616,-0.221128842,-0.136121336,0.384144429,0.395306492,0.598644918,0.336323257,-0.302124113,0.349323366,0.470640997,0.163565353,-0.302888303,0.184235006,0.306083462,0.504665841,0.280711825,-0.103653909,0.209889492,-0.015232648,0.355863769,0.278032066,0.087618055,0.068000389,0.099454126
"sample_54_Nasal",0.182585711,0.113120798,0.428463435,0.034081928,0.005488705,0.095852576,0.34927472,-0.001069173,0.307903714,-0.023363203,0.045133823,0.2793316,0.441484099,-0.190902851,0.264580387,0.269312436,0.309200374,0.472110672,0.274156816,-0.112598729,0.198812002,0.024444226,0.031849826,0.092064306,-0.007709167,0.285932123,0.282648906,-0.226030018,-0.09089396,0.404294571,0.373899187,0.558423525,0.368160922,-0.257608294,0.157077172,0.427392027,0.261620295,-0.458531835,0.289337371,0.285539066,0.543110429,0.319053628,-0.111073184,0.215561715,0.080805385,0.394860058,0.254848507,0.077235379,0.13199178,0.109105792
"sample_55_Nasal",0.212287288,0.021834301,0.444524481,-0.304758533,-0.21896978,-0.030195214,0.3222483,0.07739851,0.209198681,-0.074909276,0.012919371,0.37366754,0.295343404,-0.269760283,0.248439613,0.262077173,0.393551085,0.334495811,0.242356506,-0.220339145,0.215888242,0.072964329,-0.031955811,0.058450474,-0.122979536,0.468580206,0.401393348,-0.27335079,-0.093892823,0.256660408,0.418625665,0.595176957,0.231561443,-0.289284506,-0.226106325,0.540866968,0.266215392,-0.386401057,0.382027129,0.182281886,0.559848254,0.339215369,-0.038619025,0.327265842,0.255743985,0.418075744,0.299785526,0.227462901,-0.232209503,0.095886688
"sample_56_Nasal",0.207414725,-0.069931356,0.410585099,-0.039925514,-0.102552771,0.088937411,0.239203813,-0.049634729,0.337128992,-0.031166157,0.113549409,0.256093171,0.150255169,-0.221366377,0.161071879,0.282544099,0.310220065,0.220673484,0.170671898,0.072715927,0.193840849,0.133351673,-0.004892355,0.122187987,-0.000752214,0.683550404,0.515115184,-0.1722401,-0.00106503,0.146169318,0.421979218,0.507619228,0.047846616,-0.247353081,0.161768999,0.417016865,0.191631735,-0.17429236,0.206287097,0.193067468,0.413691063,0.431727464,0.019970949,0.16583617,0.208479264,0.406805305,0.219283197,0.173811308,-0.12298225,0.184725308
"sample_57_Nasal",0.003854556,-0.00829364,0.290269759,-0.072246674,0.176370388,0.309928946,0.257490586,0.163313019,0.351118834,0.190665528,0.10396822,-0.027736662,-0.103018163,0.13457593,0.240251145,0.24964307,0.008757237,-0.085171949,0.165657241,0.005399445,0.093514907,0.221262705,0.10357063,-0.027405254,0.135173333,-0.093144484,-0.067467472,0.196032865,0.148773057,-0.161108823,0.248786562,0.125129398,-0.097132859,0.16355915,-0.084857704,0.199397889,0.167324569,0.034554559,0.085101913,0.227894242,0.144675074,0.322670743,0.189144411,0.028699345,0.400487063,0.005093359,-0.113581104,0.202279794,0.004074288,0.169511247
"sample_58_Nasal",-0.038131273,0.053718652,0.255892316,0.21016928,0.135389729,0.116837545,0.21413405,0.134367562,0.064037775,-0.010853633,0.136533019,0.193952918,0.109521758,0.117464134,0.191779187,0.241648065,0.058526436,0.302940136,0.125440813,0.268507868,0.045142308,0.120934901,0.1283913,0.314973656,0.393890812,0.599433346,0.467147971,0.034816936,0.078132244,0.247757126,0.068193431,0.087219044,-0.176034249,-0.074137937,0.07706018,-0.115751323,0.171224423,-0.208376275,0.086784874,0.126927707,0.117366444,0.066897033,0.059700397,0.186702966,0.532426352,0.21423451,0.180307212,0.141055521,0.061927825,0.072771715
"sample_59_Nasal",0.149703761,-0.402854525,0.426531722,-0.060316752,-0.192431005,-0.044814937,0.065687939,-0.005515818,0.058379106,-0.177781483,-0.181567749,0.1800124,0.245056292,-0.197239226,0.226018242,0.075748427,0.28977327,0.225035435,0.159078464,-0.152345915,0.14628307,-0.10309106,-0.191980026,-0.393887229,-0.380920097,-0.139060264,-0.179588899,-0.285256655,-0.195053412,0.358245431,0.25431331,0.413430039,-0.120437087,-0.2102078,0.19376484,0.354688711,0.158547007,-0.318804264,0.387055779,0.108143298,0.554479932,0.010721225,-0.074342858,0.153553754,-0.315477605,0.223468186,0.355167927,-0.120134092,0.104986694,0.015626528
"sample_60_Nasal",-0.318946476,0.127378699,-0.3182736,0.129014416,0.108774294,0.322344896,-0.191384437,-0.002221196,-0.297242797,0.06533585,-0.107932392,-0.366615053,-0.260012119,0.333798566,-0.090730009,-0.079276102,-0.353717255,-0.166570217,-0.243780563,0.077481115,-0.280408317,0.005252,-0.017911312,0.055757637,0.314387047,-0.413713995,-0.147966495,0.340674773,0.176933931,-0.147677152,-0.297136081,-0.521010721,-0.335964534,0.329604265,-0.29139981,-0.535974569,-0.2801954,0.10332376,-0.352846874,-0.233067101,-0.457906023,-0.414082202,0.250825021,-0.391618451,0.317888174,-0.433434127,-0.117154438,-0.09276291,-0.175162864,-0.061579587
"sample_61_Nasal",0.325953499,-0.080587611,0.456258469,-0.052080116,-0.039870861,0.027061244,0.390305314,0.082474634,0.409674167,-0.048983433,0.112927781,0.268528966,0.158059734,-0.213806027,0.318991729,0.373198311,0.334682645,0.234015288,0.330160183,-0.245671182,0.282396971,0.256193874,0.082600867,0.217905936,0.184029848,0.047264711,0.16946285,-0.259612772,0.101258824,0.269980249,0.483201448,0.50725703,0.225758823,-0.235150301,0.091255123,0.49653882,0.413537872,-0.434385348,0.315008798,0.311924863,0.555463213,0.36323117,-0.272740826,0.263559908,0.492021557,0.406445285,0.172856114,0.303590666,-0.030424029,0.215145265
"sample_62_Nasal",0.025825658,0.233933694,0.356312676,-0.123567122,0.054559698,0.185258586,0.212403502,-0.206689042,0.250964143,-0.117524465,0.168258237,0.062427807,-0.02333165,-0.004175677,0.160300513,0.214832502,0.145331865,0.013526646,0.212584359,0.099352892,-0.023086882,0.315971747,0.186090507,0.316616182,0.173009514,0.23550129,0.220289697,0.108563677,0.047679394,0.108888315,0.225760965,0.312600294,-0.055894389,0.041135097,-0.040252625,0.252896166,0.182865569,0.102810246,0.082027893,0.218172352,0.375208178,0.418287993,0.008526159,0.280095312,0.410146099,0.244284846,0.148432484,0.248603953,0.120649513,0.122878128
"sample_63_Nasal",0.317746765,-0.257657657,0.506646287,-0.098405604,-0.176326611,-0.083512445,0.322034206,0.155815118,0.359928697,-0.111594914,-0.02560747,0.272815931,0.314437582,-0.228949788,0.223674951,0.23233254,0.340945319,0.316971789,0.347879499,-0.076945443,0.277755194,0.224606893,-0.039959769,-0.124873626,-0.183478399,-0.084605456,-0.110729047,-0.231060957,-0.057130158,0.263587996,0.42819204,0.57149078,0.211545405,-0.307155533,-0.062567181,0.561471925,0.283027236,-0.32551806,0.322140854,0.348180141,0.655382824,0.253531834,-0.100587315,0.420333679,0.204992362,0.394512682,0.232553748,0.129452885,-0.217550165,0.19692763
"sample_64_Nasal",0.325140276,-0.298936424,0.510662623,0.028639716,-0.153885945,-0.129231442,0.307743822,0.035163115,0.307983742,-0.069919872,-0.066833649,0.355011998,0.325692843,-0.122449992,0.342296167,0.287885934,0.347739543,0.255626701,0.385246711,-0.26753477,0.238510452,0.135131638,-0.097809039,-0.185833286,-0.216448988,0.331874963,0.106549779,-0.252413786,-0.181614662,0.158996487,0.455874208,0.58925903,0.251194708,-0.235536942,0.127534079,0.598754107,0.361891595,-0.377150345,0.392704938,0.28647765,0.62972097,0.404621068,-0.143299876,0.402146651,-0.014703127,0.40664181,0.354319885,0.116248283,0.153622468,0.158938629
"sample_65_Nasal",0.141723207,0.0170622,0.482337761,-0.206715749,-0.167191308,-0.120396148,0.020069438,0.024486889,0.246352269,-0.200814025,-0.109816664,0.325460495,0.406667917,-0.240735528,0.180088914,0.122967113,0.290258759,0.433909799,0.160074325,-0.10401225,0.18220735,-0.08910382,-0.075665283,-0.177084924,-0.303918317,0.331373229,0.207338931,-0.31449185,-0.221383028,0.367769664,0.380944674,0.560177612,0.130769308,-0.336012672,0.199354791,0.492449378,0.039015036,-0.339912759,0.324575309,0.141376284,0.568900368,0.319776487,0.019694843,0.308946548,-0.301883819,0.365154779,0.300840362,-0.067343712,0.145307712,0.011624798
"sample_66_Nasal",0.292634895,0.212520222,0.489593002,0.030027645,-0.064223104,-0.015456031,0.459978584,-0.005519069,0.413192937,0.051275236,0.192041874,0.397661792,0.279851024,-0.173925904,0.300668936,0.387702794,0.325952987,0.334165976,0.324437488,-0.134385485,0.26952032,0.19524086,0.166658934,0.229042252,0.177415223,0.415776957,0.458046208,-0.289340554,0.100403504,0.256605652,0.52015825,0.594187619,0.304680115,-0.245466421,0.237689804,0.545841588,0.32207196,-0.308897903,0.258745426,0.417657323,0.585210957,0.518379696,-0.142947696,0.425201049,0.417120635,0.408774716,0.191248311,0.263106319,0.027138284,0.213078318
"sample_67_Nasal",0.158715169,0.202528567,0.498193238,-0.2498118,-0.139747751,0.000664795,0.242943083,0.048354858,0.344516267,0.06263395,0.306208335,0.191760639,0.283220589,-0.233474111,0.217247905,0.304462731,0.193406761,0.357096812,0.219749452,-0.349509787,0.156835535,0.129841178,0.059677174,0.240981815,0.243444517,0.579200215,0.524883629,-0.197795589,0.041610534,0.305930094,0.435791408,0.475158111,0.207142496,-0.297450275,-0.250911566,0.434782521,0.274492535,-0.306277587,0.226200209,0.256099347,0.618304588,0.139567705,-0.02268844,0.278848188,0.43180308,0.445090126,0.114935799,0.108190989,-0.140075223,-0.029554238
"sample_68_Nasal",0.080206312,0.589403365,0.306950099,0.067455092,0.170973107,0.258094316,0.49923329,-0.009712924,0.285891124,-0.005262732,0.461727986,-0.034008955,0.132810698,-0.010071149,0.138837799,0.190714496,0.094724761,0.244598537,0.161146457,0.011386557,0.159341297,0.407064076,0.393906606,0.610012407,0.602739504,0.721660818,0.717362796,-0.159506355,0.321881197,0.101100183,0.470391493,0.369694601,-0.306681505,-0.089893393,0.195606372,0.139620101,0.333579111,0.052038528,0.087197256,0.434286319,0.361112226,0.341422108,-0.203977756,0.404899741,0.705095938,0.30768161,0.112702318,0.275244888,0.055825483,-0.02984385
"sample_69_Nasal",0.371373195,0.111685145,0.457847144,0.052934463,0.021328601,0.011613522,0.457640928,-0.042167516,0.308648505,0.084200126,0.088293835,0.407440029,0.499805194,-0.077865927,0.381322023,0.449605876,0.421256965,0.518953032,0.378625968,-0.111444066,0.240507986,0.26137284,0.108380912,0.055221368,-0.020788084,0.585910202,0.498153582,-0.14696834,0.043993834,0.352802629,0.515653475,0.672472491,0.41978661,-0.140272535,0.147821979,0.594387323,0.410501553,-0.372188948,0.332235799,0.280547481,0.575737029,0.435021742,-0.111986805,0.294395818,0.27434199,0.478915632,0.187294078,0.321250083,0.118923219,0.30821177
"sample_70_Nasal",0.029956766,-0.269015916,0.408252183,0.105662502,-0.011634023,0.181137209,0.171782604,0.132532796,0.018325199,-0.051062973,-0.146952911,0.058818966,0.23647197,-0.073185008,0.310665947,0.257769266,0.061495118,0.323515733,0.177869265,0.109146524,0.043557824,0.093732979,-0.02248229,-0.311094864,-0.21169506,-0.294927024,-0.207385568,0.102901858,-0.035886244,0.193283245,0.178513013,0.411375652,-0.064265505,-0.048836385,-0.228897996,0.235359578,0.052126123,0.220634189,0.076895291,0.0411426,0.334967057,0.097555564,0.016030548,0.0603133,0.109655959,0.336297402,0.199054297,0.007505669,0.017661913,0.065245008
"sample_71_Nasal",0.323217259,-0.063697269,0.496607271,-0.263012865,-0.056677218,-0.23678782,0.380707264,0.016380905,0.363678769,-0.077839228,0.03875953,0.29403529,0.206037412,-0.189635805,0.286345957,0.281695937,0.35113386,0.297622246,0.286415043,-0.10992723,0.287854808,0.105678936,0.08919168,-0.02746439,-0.085872956,0.458193413,0.402876551,-0.297422755,-0.135726474,0.213830796,0.463095472,0.576784821,0.407189612,-0.178669431,0.018242199,0.543108063,0.331442742,-0.316981086,0.351718037,0.298889526,0.555912684,0.332308806,-0.135251481,0.260440135,0.121504396,0.485580348,0.238448355,0.235603207,0.043191047,0.103795666
"sample_72_Nasal",0.051384014,-0.443847917,0.263083924,0.034463851,-0.050168083,0.052386713,-0.088599193,0.053466183,0.067823018,-0.237103211,-0.304328959,0.280402295,0.024511668,-0.086341174,0.019893382,-0.000289908,0.222515384,-0.075250965,0.108191433,0.153155832,0.126410758,-0.119701589,-0.267574721,-0.418086558,-0.396214353,-0.45943229,-0.430648706,-0.18352569,-0.22204385,0.099226181,0.058568187,0.409174224,-0.0156962,-0.139469568,0.215584524,0.296954908,-0.005785221,-0.211928404,0.265444098,-0.04265563,0.346559265,0.143902945,-0.089143919,0.069418425,-0.38872202,0.221587146,0.197226951,-0.200356738,-0.145334178,0.046292351
"sample_73_Nasal",0.282768428,-0.101162275,0.493887023,0.066882893,-0.020135709,-0.082818017,0.440209561,-0.041643149,0.310688664,0.032928513,0.120886149,0.271203425,0.368920637,-0.107391228,0.288141948,0.315149556,0.316975651,0.430452939,0.412699816,-0.107478632,0.209151442,0.372281052,0.099589025,0.1496603,0.101841717,0.102769032,0.078256476,-0.084246607,0.063062103,0.298514736,0.473167823,0.571774905,0.395409521,-0.171080163,0.299098,0.535600309,0.411694773,-0.340517092,0.265953373,0.343045579,0.517583019,0.435001352,-0.30084959,0.466176078,0.49058273,0.456884225,0.124215875,0.283998367,0.144874495,0.206435305
"sample_74_Nasal",0.186935647,0.096000433,0.514494503,-0.080666348,-0.148935444,-0.16771335,0.182923504,-0.010947716,0.164142428,-0.111587036,0.047734313,0.247999492,0.357156908,-0.291520329,0.12598183,0.140506551,0.336299962,0.410135011,0.162832218,-0.26281006,0.136794565,0.016782168,0.00047857,0.069307488,-0.0853324,0.477703205,0.404992562,-0.258799131,-0.071568714,0.362974142,0.407448494,0.537771459,0.172523846,-0.319658298,-0.006725818,0.453469867,0.122019757,-0.290411836,0.240606762,0.300642762,0.623686376,0.265008381,-0.047347122,0.364489007,0.020581232,0.301481879,0.282025468,0.0577737,-0.001827883,0.058418712
"sample_75_Nasal",0.207790311,0.30905121,0.550340006,0.030043019,-0.109615615,-0.213740035,0.248114263,-0.063519003,0.118808111,-0.046988038,0.227816986,0.337973281,0.485895032,-0.279341301,0.158369864,0.173325176,0.322767333,0.51062758,0.283031613,-0.392103282,0.175124653,0.013365328,0.106479588,0.161025893,0.040016104,0.508063367,0.48027193,-0.330071542,0.073238292,0.439014699,0.470904678,0.653932046,0.365284336,-0.355989126,0.010326846,0.551254366,0.203975378,-0.305304258,0.356052429,0.398416809,0.633871821,0.40148757,-0.126337804,0.273826743,0.066287385,0.44972165,0.193426991,0.163429662,0.039153746,0.146014301
"sample_76_Nasal",-0.281145824,0.144889189,-0.271043096,0.117177523,0.127757832,0.224770938,-0.174171336,0.031001307,-0.1713306,0.018067522,0.060474785,-0.315867883,-0.094340755,0.225278796,-0.138726609,-0.073222602,-0.290031748,-0.01767834,-0.201243255,0.372577778,-0.146495002,0.07799334,-0.019034684,0.126433826,0.271384297,-0.320471926,-0.135140042,0.369496652,0.264324185,-0.090131684,-0.246237698,-0.477756712,-0.127162433,0.18475198,-0.233534016,-0.46898682,-0.235160905,0.196533351,-0.221875855,-0.120649004,-0.377573677,-0.376634487,0.285630571,-0.285353444,0.36714773,-0.341745551,-0.07941134,-0.014546896,0.090419091,-0.111835211
"sample_77_Nasal",0.187085531,-0.305626746,0.309314631,-0.172746392,-0.2194643,-0.124764254,0.130841864,0.147454396,0.227032804,0.019679961,-0.137823941,0.302095203,-0.096218041,-0.158070578,0.047950094,0.124624431,0.333536398,-0.037519592,0.180670952,-0.060109815,0.238918562,-0.018713179,-0.122892564,-0.219529369,-0.366945928,-0.077387612,-0.139372122,-0.17915859,-0.245832464,0.083535972,0.203527456,0.43125169,-0.117741819,-0.037331525,-0.073599069,0.521877993,0.197227155,-0.183762869,0.371752723,0.189546063,0.445713402,0.503392122,0.010008397,0.086199328,-0.207373866,0.222561314,0.058276339,0.113035233,-0.140393108,0.070138191
"sample_78_Nasal",0.262963488,0.513480468,0.194789977,-0.020613927,-0.158393189,-0.305003002,0.378668822,-0.070594417,0.250235131,-0.030535216,0.359661668,0.320149492,0.17727771,-0.126328075,-0.28337454,-0.237850831,0.316592945,0.135126481,-0.077728159,-0.254685732,0.203517902,0.097100481,0.299664287,0.511270579,0.30205627,0.514788495,0.508293278,-0.427836568,0.168917726,0.16914895,0.441652745,0.505424809,0.072413875,-0.296008554,0.061251692,0.416175599,0.239803665,-0.006419153,0.116535417,0.380215953,0.498374949,0.358111688,-0.221975638,0.519011662,0.344754684,0.471452997,0.069358769,0.253230435,-0.114538172,0.004174738
"sample_79_Nasal",0.129340571,-0.016371563,0.407844686,0.138332919,-0.079477657,-0.052919011,0.155823803,-0.124907531,-0.075157697,0.002472871,0.129153895,0.280672816,0.088039824,-0.067602623,0.160929127,0.189384665,0.112676422,0.196149332,0.124519168,-0.108268339,0.133000192,0.190523362,0.013998405,0.019321076,0.078674343,0.570600263,0.417702553,-0.1540083,0.136421861,0.049069516,0.292499049,0.500528581,0.022420194,-0.162259497,-0.027160971,0.357693754,0.275388353,-0.024807529,0.237904594,0.145602515,0.469287151,0.327414391,-0.054615618,0.249888904,0.216569772,0.399511931,0.153192882,0.181748535,-0.319164167,0.185317179
"sample_80_Nasal",-0.175390513,-0.289741368,-0.152255272,-0.212668169,0.146198277,-0.081575763,-0.07006106,0.031792264,-0.185143237,-0.018924509,-0.164617555,-0.259660324,-0.093337633,0.091796602,0.165038477,0.120624709,-0.07319876,-0.104431072,0.032197713,0.348458605,0.003426366,-0.036355651,-0.081648522,-0.262611842,-0.256127046,-0.358056453,-0.306301493,0.077885324,-0.050757526,-0.012328527,-0.140890321,-0.131357882,-0.02374851,0.213908915,0.032300712,-0.223001106,-0.052013641,-0.010029141,0.02004198,-0.20109658,-0.212077127,-0.179315411,-0.080607965,-0.191729934,-0.242024136,-0.300394465,0.063582265,-0.145286368,0.161135181,0.141716988
"sample_81_Nasal",0.22140084,0.274796665,0.484747201,0.253803517,-0.02577676,-0.014287578,0.426411558,-0.134210073,0.312760893,0.070175368,0.273085769,0.300576756,0.146186241,-0.16793246,0.247576049,0.297889642,0.186838453,0.224969567,0.249615681,0.004376505,0.133658654,0.245144528,0.13431485,0.396709891,0.276565903,0.683893675,0.566540077,-0.155835046,0.214006756,0.31170649,0.461605542,0.428585646,-0.043841335,-0.157467446,0.038035419,0.419040146,0.287253409,-0.242152542,0.015363025,0.345665765,0.512477668,0.468437736,-0.1258903,0.406516473,0.493394755,0.367903958,0.164729729,0.281652434,-0.057154999,0.080216872
"sample_82_Nasal",-0.315383958,-0.098085253,-0.413886638,-0.139419159,0.082227934,0.214911776,-0.340746585,-0.004216682,-0.288142793,0.015994027,-0.296615386,-0.371799932,-0.295832155,0.211350661,-0.104275065,-0.030035876,-0.429721312,-0.332258388,-0.228192584,0.186547766,-0.216212338,-0.083202281,-0.127652964,-0.450796193,-0.085285086,-0.570996803,-0.439947656,0.396843327,0.072793147,-0.331925795,-0.466652103,-0.573348043,-0.296351674,0.357233272,-0.335804835,-0.538941793,-0.298502191,0.263275071,-0.38031996,-0.303899081,-0.590086721,-0.363535472,0.219062451,-0.408210936,-0.213896144,-0.465412666,-0.178430922,-0.211994815,0.087985532,-0.195022774
"sample_83_Nasal",0.244611818,0.359776009,0.549201816,-0.031191152,-0.164724132,-0.199886292,0.435227102,-0.069538586,0.318572896,-0.154720119,0.246412935,0.38090446,0.48345931,-0.223965467,0.150187164,0.237930573,0.41901182,0.49161462,0.272400277,-0.323923588,0.207630827,0.151088984,0.307861533,0.35981712,0.303101437,0.5589476,0.551351715,-0.339194768,0.241434886,0.321778033,0.541362787,0.673047495,0.325249978,-0.364900355,-0.077706791,0.611949344,0.272673189,-0.30009302,0.330162119,0.424846785,0.650237022,0.50662547,-0.076741792,0.441196369,0.463422826,0.440959417,0.195022225,0.210577701,0.012908474,0.088505729
"sample_84_Nasal",0.175998022,0.266443253,0.278348039,-0.127671167,-0.028675281,-0.068080102,0.280809233,-0.150576995,0.0804803,-0.016904739,0.24753229,0.264334989,0.021447138,-0.156163894,0.159682718,0.152756967,0.174505507,0.079845713,0.171239052,-0.041197501,0.26242911,0.122088344,0.105858022,0.317906733,0.122525405,0.759481645,0.602479574,-0.262146958,-0.092071365,0.16308472,0.360707391,0.465823487,0.061280152,-0.223871113,-0.045192677,0.452230046,0.259250446,-0.244834158,0.166600601,0.317425469,0.44880789,0.34220824,-0.223092716,0.276089973,0.072576214,0.358169534,0.139602621,0.120404849,-0.153554657,0.000712522
"sample_85_Nasal",0.206873448,0.357751136,0.26537262,-0.120757943,-0.005446421,-0.189187772,0.354554918,-0.290010597,0.145141129,-0.114595486,0.130805268,0.505940787,0.573353555,-0.301358644,0.171359598,0.194367887,0.20099306,0.580859579,0.198780055,-0.24620842,0.165491451,0.114579524,0.22705339,0.313938075,0.041439956,0.666248397,0.571039694,-0.267191773,-0.01025416,0.411764393,0.395716801,0.666568119,0.543898772,-0.260126359,0.141211354,0.566523931,0.360000287,-0.276719399,0.173358515,0.437428723,0.390320635,0.494186112,-0.123759132,0.309156393,0.343614614,0.425163665,-0.013605386,0.231338511,0.298417029,0.017936182
"sample_86_Nasal",0.086111668,0.23242316,0.360229255,0.482199372,0.177381282,0.03216779,0.334099936,-0.101213721,0.116699686,0.180836871,0.383189211,-0.028794246,0.147572012,0.3158417,0.030547188,0.151584334,0.054535692,0.266975428,0.138217571,0.289577613,0.112731882,0.425541506,0.307694964,0.334379784,0.48532536,-0.229381575,-0.011437295,0.116340221,0.334068012,0.238139727,0.311341705,0.138698013,-0.140302679,0.087780107,-0.096245399,0.000882678,0.18666687,0.029139858,-0.168769831,0.267769051,0.300544719,0.280505112,-0.089433118,0.440030122,0.629610283,0.16056661,0.171142329,0.29482063,0.010756711,0.033608286
"sample_87_Nasal",0.12659249,-0.203237473,0.414130835,0.006157118,0.014967733,-0.069240257,0.141366417,-0.036825652,0.170808224,0.082913344,0.070425731,0.223831733,-0.049896183,-0.010648469,0.090391507,0.226986086,0.354910027,0.025160423,0.270241939,-0.266639362,0.151136915,0.11937383,-0.001220969,-0.123163531,-0.101036657,-0.265578718,-0.207940983,-0.13864811,-0.125091845,-0.143222641,0.357582602,0.497977796,-0.1017946,-0.187316711,-0.067579236,0.492051216,0.090802276,-0.041322113,0.148706988,0.21573233,0.557655869,0.196113026,-0.042288128,0.004820624,-0.147140166,0.349889162,0.086453318,0.088871547,-0.04005592,0.271102061
"sample_88_Nasal",0.321442957,0.099642037,0.549279722,0.479987094,0.108011166,-0.121761472,0.482066162,0.025876156,0.226338627,0.290385142,0.218633178,0.299531746,0.348384221,0.173000412,0.33305171,0.348381796,0.365565227,0.402864428,0.390729472,-0.154387264,0.295568184,0.296057444,0.230523817,0.292039235,0.141989629,0.407029736,0.363940517,-0.18105565,0.239410166,0.415509006,0.445112695,0.544423677,0.266098515,-0.023104391,0.226141066,0.511046497,0.408347384,-0.208999225,0.282080251,0.417775356,0.617275902,0.409793863,-0.301337651,0.567168409,0.407497714,0.461119617,0.318294108,0.291208707,0.046048498,0.254092492
"sample_89_Nasal",0.043224648,-0.111458995,0.354273502,-0.102165508,-0.015396241,-0.07460348,0.3290077,0.079861712,0.259976403,0.126543385,0.111264378,0.227974173,-0.057289334,-0.165337751,0.169280053,0.185679317,0.170569238,-0.001181959,0.232421705,-0.279530548,0.190294748,0.191418529,0.024448582,0.142841673,0.005878981,0.419015931,0.258234306,-0.167927059,-0.114715736,0.211167162,0.170230342,0.326463056,0.111739004,-0.026208787,0.15302461,0.436408148,0.271181947,-0.337694961,0.161492131,0.227783617,0.314800598,0.299324786,-0.3098013,0.238332991,0.260006939,0.322424857,0.162625968,0.130042206,0.029056025,0.13723732
"sample_90_Nasal",0.340443296,-0.402854353,0.484185856,-0.066648792,-0.066177555,-0.049625257,0.33876685,-0.051371557,0.283513626,-0.093251091,-0.157163964,0.461381031,0.29138111,-0.251140847,0.313515572,0.292991589,0.410898292,0.296166738,0.384854726,-0.130002654,0.284463401,0.296623815,-0.11881668,-0.270134936,-0.40936374,0.020748812,-0.077006455,-0.24609266,-0.185856514,0.291501129,0.461716755,0.601441913,0.349882751,-0.219073755,-0.006816934,0.661796371,0.436716326,-0.286467893,0.339030043,0.320530042,0.520200499,0.494043062,-0.093886656,0.306898889,-0.005687606,0.441197661,0.244194799,0.236439514,0.287303981,0.125541016
"sample_91_Nasal",0.004481752,0.11597612,0.319222979,0.013647363,0.163620019,0.134765824,0.219214811,-0.054920707,0.109344108,-0.050273481,0.119863414,-0.038395641,0.015685323,-0.019013108,0.206497104,0.212396511,0.101414457,0.103330823,0.053245247,0.249644859,0.121727414,0.193613943,0.06151641,0.308539968,0.252998465,0.508101183,0.433672498,0.044398848,0.163786333,0.245210888,0.21180581,0.094384528,-0.096117455,-0.000470981,0.02303431,-0.067568913,0.209510932,-0.341137287,-0.253935883,0.261942813,0.144481948,0.322959509,-0.014989075,0.189351528,0.482435893,0.170052145,0.173757788,0.154609225,-0.052794116,-0.074117878
"sample_92_Nasal",0.364412262,-0.021728319,0.528175445,0.141543557,-0.098941871,-0.097417954,0.381744428,0.122835243,0.242128878,0.013886891,0.018008418,0.398800541,0.423455891,-0.144561716,0.307678553,0.305330714,0.395190366,0.41736854,0.3359416,-0.014264444,0.27524535,0.177295572,0.053347974,0.000251947,-0.152729757,0.258970254,0.202957701,-0.227013838,0.001167195,0.28868154,0.465397407,0.615503092,0.311967522,-0.259940993,0.259575326,0.614869454,0.28348517,-0.360755864,0.345836907,0.348431442,0.645050868,0.407576932,-0.177601672,0.350848255,0.100326564,0.426050447,0.312332101,0.235936128,0.223231293,0.166136698
"sample_93_Nasal",0.314254408,-0.253912407,0.533699099,-0.147439814,-0.127699922,-0.098204108,0.279738877,0.0252234,0.361446243,-0.086460463,-0.114258814,0.429309613,0.371623978,-0.167968918,0.240021283,0.249520614,0.424997408,0.29640976,0.259299372,-0.105302769,0.204453657,0.0260234,-0.103428048,-0.235266864,-0.341185001,0.155790246,0.027995309,-0.220885087,-0.226589033,0.22246457,0.454361926,0.5980725,0.288592059,-0.258952464,0.27670017,0.594358239,0.295298113,-0.262045182,0.378885287,0.203893991,0.60981567,0.405386293,-0.123969169,0.369980425,-0.207116459,0.394516434,0.21564424,0.182982442,0.20081119,0.174378561
"sample_94_Nasal",-0.069251813,0.38275752,0.133461291,-0.194799905,-0.007674024,0.002943933,0.268926173,-0.003248952,0.077473175,0.030326704,0.245333247,0.231779207,-0.203087863,-0.127205681,0.168746727,0.062960805,0.020046622,0.001547568,0.162775595,-0.058894428,0.09624313,0.330136629,0.198788757,0.507677164,0.393836867,0.512171034,0.487269917,-0.126365105,0.128380906,0.303306585,0.217989189,0.098063845,-0.021903621,-0.068094551,-0.140597941,-0.057673553,0.219894862,-0.321638017,0.106145451,0.350872707,0.127313559,0.34303782,-0.207761471,0.309102108,0.479716064,0.04044446,0.050683508,0.17082018,-0.062123835,-0.016888918
"sample_95_Nasal",-0.064518417,0.036596378,0.231690771,-0.160358033,0.02096167,-0.096196993,0.192809845,0.018594966,0.075030426,-0.120552223,0.051660021,0.237831605,-0.048810459,-0.268260149,0.194771152,0.140025091,0.123238775,0.106004689,0.164372839,-0.143645729,0.140226382,0.104691157,-0.004218959,0.16704018,0.027521213,0.377087782,0.266760959,-0.128201814,-0.132729517,0.187049985,0.159438174,0.236075791,0.074034495,-0.188796193,0.133948854,0.250221148,0.208321541,-0.370468508,-0.028521963,0.248043049,0.338429311,0.346894843,-0.13628964,0.298850612,0.352639444,0.098922049,0.1677802,0.209945701,0.04191573,0.04711711
"sample_96_Nasal",0.288497622,-0.039084282,0.502176031,-0.009211612,-0.144059862,-0.143379099,0.321474012,-0.029830764,0.275715376,0.074148738,0.005119095,0.323365411,0.300289239,-0.179487435,0.258811344,0.340606152,0.360393283,0.349251347,0.377899659,-0.084527279,0.266644272,0.149563756,-0.039913911,-0.043274473,-0.264345601,0.22943957,0.124708699,-0.194610489,-0.105530811,0.355484359,0.384604082,0.553570918,0.340316109,-0.21290428,0.024039843,0.537669934,0.294327307,-0.285438282,0.241364837,0.292426588,0.58207391,0.460418722,-0.191552603,0.181413619,-0.020279215,0.436714753,0.220868609,0.200480169,0.099451114,0.216501945
"sample_97_Nasal",0.128641753,0.313328138,0.356628986,-0.052649191,-0.051361548,-0.076154078,0.299070322,-0.026738656,0.21304752,-0.006704717,0.133483028,0.255471555,0.189498413,-0.237395487,0.209831631,0.185981697,0.273485976,0.272703267,0.191651726,0.076994792,0.131833941,0.10364193,0.15526442,0.361734385,0.203394779,0.59077067,0.540672292,-0.194701496,0.082759353,0.242762555,0.427196697,0.459174605,0.218460454,-0.113608424,0.039343965,0.379776928,0.099336912,-0.25323861,0.206562082,0.285337811,0.433982278,0.552584992,-0.186202421,0.265679838,0.397052837,0.376134098,0.068410145,0.23862523,-0.065421679,0.176986416
"sample_98_Nasal",-0.386584482,-0.031000824,-0.445307535,0.296267312,0.040346326,0.110099479,-0.308601829,0.072874726,-0.377403517,0.083571769,-0.221534954,-0.42660077,-0.216900751,0.28620477,-0.229820675,-0.182246506,-0.37598733,-0.243238486,-0.249812584,0.252208027,0.198400238,-0.146620621,-0.054579511,-0.162119491,-0.058835061,-0.580565798,-0.448436293,0.341249695,0.08426236,-0.282585073,-0.42884086,-0.507498284,-0.286967435,0.20955562,-0.374695781,-0.494017629,-0.397446132,0.37472436,-0.393507095,-0.297819445,-0.557969805,-0.544224955,0.208915091,-0.376557201,-0.350012209,-0.427616659,-0.191285194,-0.31097854,-0.093437936,-0.123902434
"sample_99_Nasal",0.270607091,0.379783317,0.536960194,-0.115749255,-0.077472836,-0.102913924,0.336032712,-0.044413252,0.425416591,-0.064865957,0.28308415,0.465362472,0.385576578,-0.326656094,0.184890585,0.274912608,0.419228153,0.348714746,0.375153149,-0.280969649,0.183634438,0.272230783,0.204988893,0.335513297,0.236579897,0.575357231,0.560441137,-0.34634854,0.00669993,0.28141139,0.543355942,0.62926406,0.32467687,-0.330537312,0.139624389,0.607852819,0.346052164,-0.382089046,0.270923235,0.422276964,0.527458598,0.532769665,-0.172478705,0.196758731,0.397474376,0.50276395,0.078973833,0.286955088,-0.023373916,0.124639663
"sample_100_Nasal",-0.113605762,0.350655879,0.165336141,0.137206232,0.073471284,0.034312842,0.232385197,-0.050917612,-0.027027305,0.150351359,0.402883868,-0.026276883,-0.1045256,0.101877564,-0.011626651,-0.021625609,0.018234056,0.070108827,-0.040106154,-0.007751063,-0.099608263,0.240548822,0.265867811,0.46258331,0.453589473,0.39239173,0.424491316,0.023754502,0.162209529,0.190972094,0.135594178,-0.027185611,-0.225156512,0.008415346,-0.037963794,-0.29257452,0.137671176,0.1758405,0.047980897,0.241510569,0.090631183,-0.008055013,0.021202458,0.285013725,0.623426117,0.156517146,0.013251775,0.146504933,-0.332113629,-0.119667664
"sample_101_Nasal",-0.035110125,0.346954897,0.324246122,0.426052815,0.232840719,-0.061411389,0.491362922,-0.177519857,0.31401589,0.227168244,0.325729544,0.106869009,0.05109696,0.16524945,0.211722219,0.284195019,-0.111676343,0.287285697,0.198494586,0.060625763,0.175848321,0.435376836,0.352913195,0.522897189,0.500135072,0.339156648,0.334065664,0.070580069,0.374326205,0.254679941,0.361056309,0.347942248,-0.321842624,0.039530822,0.082386223,0.033659335,0.411689593,-0.202501607,-0.053156732,0.372729475,0.293173986,0.398154202,-0.22832133,0.581395447,0.67866571,0.244914692,0.160359037,0.419899187,0.005324667,0.096331615
"sample_102_Nasal",0.262056509,-0.348722899,0.392612989,-0.240784999,-0.194789273,-0.159097225,0.207044468,0.035214948,0.318444322,-0.272992473,-0.289349402,0.472680681,0.59826427,-0.317108102,0.119506345,0.236422758,0.324998393,0.56021691,0.30930082,-0.316906822,0.231785229,0.020684813,-0.15262129,-0.332527874,-0.412723798,0.256228612,0.078047849,-0.361514838,-0.260555331,0.407939894,0.4457878,0.642088549,0.224752188,-0.261063473,0.050659125,0.573450413,0.272765669,-0.352806093,0.31336019,0.216489445,0.534140159,0.40950448,0.018075562,0.193716364,-0.295073173,0.437002502,0.183973196,0.136875177,0.10066402,-0.004274212
"sample_103_Nasal",0.10837775,0.46555911,0.076624832,0.317287373,-0.018175949,-0.21227206,0.419075234,-0.137494226,0.307403406,0.119058346,0.376142927,0.180706091,-0.183218438,0.242624387,-0.080217528,-0.153167815,0.009350827,0.001794918,0.085950483,-0.115542096,0.266821125,0.469370287,0.361970505,0.597024533,0.536668977,0.299930111,0.378312374,-0.316039821,0.282574721,0.155979554,0.374766325,0.206796405,-0.106932664,-0.024704422,0.294145312,0.156361638,0.294539775,-0.268334508,0.015117269,0.356985348,0.321701726,0.472097463,-0.22848078,0.450738373,0.691452269,0.358977316,0.07027081,0.396472348,0.034152412,0.114575351
"sample_104_Nasal",0.085808367,-0.135835374,0.433669962,0.097008692,-0.088403291,-0.228993758,0.185200373,0.031162479,-0.029332765,-0.032176332,0.046157088,0.034228995,0.014097725,-0.094765127,0.1684888,0.124836048,0.200235159,0.000985251,0.257116374,-0.098184389,0.114672297,0.049979761,0.021682839,-0.066977609,-0.218097098,0.060456821,0.018104086,0.007396101,-0.016810467,0.135561009,0.150872168,0.29229122,0.000854671,-0.079001463,0.026210769,0.353150852,0.218613913,0.091386568,0.358962456,0.236387549,0.323808857,0.241675473,-0.150895741,0.219610803,-0.107648815,0.191236952,0.116385628,0.085331388,-0.138692065,0.13374761
"sample_105_Nasal",0.21861908,-0.364799294,0.466752122,0.216649918,0.056180066,-0.035426532,0.267132603,-0.018793248,0.227418698,0.121801,-0.086249035,0.291627771,0.00742148,0.139039317,0.317699768,0.310757879,0.261868228,0.163593266,0.352620216,-0.102091453,0.146611112,0.196314723,-0.050242293,-0.225445798,-0.241268389,-0.30868901,-0.290754316,-0.098355925,-0.17480415,0.185412244,0.278284201,0.504799419,0.315745637,-0.012329254,0.177873846,0.558979817,0.267078088,-0.120403929,0.279310196,0.182069674,0.559951308,0.416016293,-0.166747018,0.27333329,0.044811108,0.469593719,0.217293952,0.160526571,0.193826064,0.122339018
"sample_106_Nasal",0.01446415,-0.122905645,0.364172682,-0.029163967,0.368333304,0.365513618,0.378162932,0.001879037,0.39811577,-0.016401297,0.09517501,-0.070300207,-0.21702826,0.139793492,0.377878583,0.24682909,0.003043443,-0.046837143,0.11227129,0.235483187,0.147177247,0.332906542,0.19768056,0.109276192,0.149813433,-0.156602359,-0.064453095,0.080679824,0.109249598,0.127163426,0.120009289,-0.132828148,-0.044030749,0.244556096,0.021212021,0.008467055,0.37340199,0.140422607,-0.023698523,0.147258166,0.058846789,-0.088579318,-0.104260566,0.293130243,0.571384452,-0.010415854,0.131435437,0.316005414,0.004880173,-0.068707557
"sample_107_Nasal",0.181929736,0.103974751,0.502827636,-0.323671473,-0.296069144,-0.295657404,0.23948825,-0.044574439,0.101466405,-0.135923836,0.109501693,0.401410578,0.606971381,-0.344952462,0.173864104,0.213891593,0.231118308,0.559774252,0.205532922,-0.550398732,0.141531834,-0.012922317,-0.012876514,0.052971282,-0.137996024,0.537963618,0.476851706,-0.291959081,-0.047551121,0.441545562,0.456240402,0.663325592,0.342639584,-0.388464033,-0.175398383,0.48486314,0.202876481,-0.326184726,0.208345589,0.281253158,0.601400444,0.29703263,0.040111181,0.255034457,0.060557494,0.418298167,0.205411636,0.147353594,-0.248024286,0.010695731
"sample_108_Nasal",0.319539421,-0.330614371,0.463408336,-0.343152501,-0.165939037,-0.233781452,0.169029392,0.118993374,0.415747678,-0.192816939,-0.183764243,0.413872844,0.254440608,-0.332783371,0.083339017,0.132449244,0.404402214,0.127945598,0.211184612,-0.314526924,0.235065026,-0.061412634,-0.17633689,-0.306265997,-0.405365959,0.005265239,-0.130720544,-0.289378659,-0.260516073,0.087859049,0.425537954,0.604185673,0.275949646,-0.283297317,0.077637247,0.628371108,0.233285594,-0.24574672,0.377914086,0.195247207,0.565109492,0.51540884,-0.092004098,0.161723906,-0.348035227,0.410297327,0.142848472,0.083919725,0.091814767,0.118522012
"sample_109_Nasal",0.00749421,-0.087995241,0.385802045,-0.088877947,-0.028551054,-0.338731292,0.208838624,-0.010499281,0.388563788,-0.004308344,0.090933187,0.099932766,-0.022388782,-0.117082932,0.09348446,0.195401752,0.125158821,0.045090527,0.20157587,-0.332397375,0.147441829,0.080450003,0.010611089,-0.045532634,-0.093561832,-0.131074697,-0.150160019,-0.192074029,-0.016509397,0.269747852,0.17576413,0.369550789,0.1426206,-0.176768958,0.315304534,0.299076472,0.148730635,-0.160221236,0.247873755,0.142637264,0.224242385,0.479728175,-0.190444486,0.284825185,0.073783257,0.236688267,0.174783663,0.092632451,-0.140251468,0.036979907
"sample_110_Nasal",-0.030640979,-0.299487151,0.164695341,-0.254689055,0.005794335,0.089861087,-0.016398423,0.136423346,0.050566883,-0.086555488,-0.135177411,-0.146110111,-0.152620438,-0.104173949,0.161709819,0.173511114,0.006223353,-0.024412463,-0.038478312,-0.105260447,0.180927567,-0.038749503,-0.04143336,-0.365603533,-0.273307562,-0.291947145,-0.329218279,-0.000275804,-0.187485076,0.010043408,-0.069397065,0.130102005,-0.364442991,-0.041288518,0.088579421,0.091521555,0.022141617,0.017940692,0.125011545,-0.100911176,-0.066617218,0.109608176,-0.087655338,0.113356061,-0.154555681,0.096988918,0.114231807,0.155888467,-0.116455075,0.122738287
"sample_111_Nasal",0.253388163,0.1060566,0.46931156,-0.295145376,-0.154034911,-0.222983309,0.201349211,0.051068834,0.332053576,-0.105922865,-0.020671679,0.418483401,0.386584874,-0.376087819,0.187058922,0.207345168,0.427600319,0.36736563,0.24143455,-0.288500955,0.204295957,-0.023233553,-0.050183792,-0.088072892,-0.156613138,0.527187495,0.461992401,-0.202518733,-0.114178314,0.191108977,0.46601431,0.594968203,0.042772832,-0.272344451,-0.142330267,0.53669126,0.15733421,-0.292404839,0.406983059,0.388216032,0.537986295,0.466448894,-0.072378333,0.306535485,-0.155637939,0.424902583,0.150914877,0.151843387,-0.297770149,0.061981738
"sample_112_Nasal",-0.381543567,-0.100729925,-0.43152892,0.054176438,0.105282826,0.151010062,-0.319835394,0.06222795,-0.271991923,0.118227121,-0.156615193,-0.410354133,-0.261551795,0.215047365,-0.096742311,-0.105980818,-0.368178216,-0.237012872,-0.246134602,0.240198814,-0.270398584,-0.106800898,-0.042376757,-0.213131075,0.007912668,0.097512638,0.036632186,0.351279443,0.17755595,-0.311597705,-0.444385826,-0.579771435,-0.21244606,0.222568169,-0.418303803,-0.532166184,-0.38457869,0.285806483,-0.300236972,-0.391141613,-0.59087167,-0.483305395,0.218811325,-0.349399306,-0.220770299,-0.410194696,-0.135236936,-0.215527239,-0.02762501,-0.179305387
"sample_113_Nasal",-0.303861693,0.259666668,-0.394371826,0.371933179,0.198037416,0.336471145,-0.126583313,0.129489607,-0.327890647,0.154272175,0.073939903,-0.362534823,-0.070069872,0.298944956,-0.052378372,0.004752417,-0.272491623,-0.045016715,-0.104448455,0.399426137,-0.215193712,0.106272593,0.124064841,0.275283041,0.33698516,0.376609644,0.332954334,0.331186027,0.203259536,-0.27651956,-0.186662464,-0.396029892,-0.155094364,0.289450263,-0.291228672,-0.426450649,-0.185386952,0.273206167,-0.264388928,-0.158190208,-0.444217282,-0.326301248,0.29631371,-0.170110569,0.315022245,-0.259241496,-0.156151731,0.053433709,-0.11502296,-0.061363479
"sample_114_Nasal",0.124350991,-0.415978882,0.42706306,-0.025442191,-0.216768786,-0.161694656,-0.070741552,0.006292213,0.08502798,-0.09819254,-0.165914322,0.133634201,0.099886011,-0.235820327,0.196904782,0.112527831,0.137233421,0.121424856,0.222349023,-0.171645655,0.169878471,-0.06440702,-0.225342595,-0.222600567,-0.386722942,-0.043631925,-0.198855026,-0.212751653,-0.249060327,0.217139376,0.18442048,0.488760717,-0.013274495,-0.167708657,0.139852099,0.396927593,0.156437034,-0.299004702,0.188339115,0.20393376,0.525241888,0.158569642,0.049667913,-0.004409079,-0.23390878,0.376355691,0.163611387,-0.058319798,0.095894637,0.07978934
"sample_115_Nasal",0.183169309,0.15670347,0.547109593,-0.306330401,-0.199209593,-0.247357416,0.201088778,0.029192359,0.117010083,-0.21645516,0.058992115,0.23050162,0.211532107,-0.279855694,0.207879045,0.229115448,0.331657789,0.310814612,0.268393466,-0.330135258,0.194190325,0.056125676,0.012240794,0.085895195,-0.046575576,0.55328351,0.442306855,-0.258291867,0.03027781,0.326863742,0.404397615,0.522537813,0.198889443,-0.294333486,-0.045091491,0.513123907,0.193966473,-0.269553754,0.320851847,0.317913364,0.597473393,0.410852854,-0.182515767,0.368776984,0.197699987,0.447805621,0.14761221,0.126019097,-0.084538254,0.173729839
"sample_116_Nasal",-0.029977441,-0.003195694,0.41792228,-0.403720265,-0.215618379,-0.042017983,0.090562413,-0.064182578,-0.118029343,-0.297331114,-0.01469053,0.203361394,0.045914582,-0.178756297,-0.146753711,-0.126420693,0.000521693,0.20594268,-0.052093021,-0.218938411,0.132799667,-0.084012484,-0.069274998,-0.099429337,-0.031536103,0.558978336,0.418395572,-0.254541331,0.00725572,0.14576208,0.237026965,0.35299166,-0.201742253,-0.242863992,-0.166969268,0.209134307,-0.181297325,0.022102299,0.06679389,0.153881413,0.477072935,-0.055095292,0.110763855,0.341055926,-0.036769974,0.145466617,0.288784712,-0.115428609,-0.437930252,-0.092627931
"sample_117_Nasal",-0.041935896,0.018371619,0.107986358,0.138602942,0.176097553,0.251377991,0.170462944,0.081553668,0.055998756,0.214319959,0.140986758,-0.25111448,-0.28118247,0.346764589,0.272434168,0.227652171,-0.080108561,-0.229186106,0.148700276,0.044402386,-0.018316099,0.113099205,0.004165292,0.109799319,0.159232753,-0.085407348,-0.047832404,0.169892852,0.306135136,-0.247175742,-0.004297309,-0.204652432,-0.3389244,0.16329635,-0.012237484,-0.047303187,0.025903825,0.056665263,-0.025876595,-0.179139634,-0.067804872,-0.087302983,0.06223947,-0.125830905,0.139505492,-0.181380362,-0.142513842,0.186597894,-0.088783762,0.18308611
"sample_118_Nasal",-0.32133053,-0.20022699,-0.402168682,-0.130003007,-0.044772267,-0.006257698,-0.400485723,0.04981749,-0.319085644,-0.093586058,-0.29732996,-0.357525599,-0.072264503,-0.009423054,-0.245677549,-0.189504881,-0.28079897,-0.296726344,-0.282372267,0.033645473,-0.296992371,-0.289885794,-0.259871738,-0.445755274,-0.225745681,-0.592284414,-0.476306866,0.340302274,-0.118503941,-0.321008088,-0.417813274,-0.531078142,-0.138451296,0.186982225,-0.402797003,-0.445007629,-0.433772061,0.174414217,-0.294631643,-0.333787555,-0.493359064,-0.51091697,0.289409513,-0.42992622,-0.479720209,-0.367038532,-0.192402937,-0.348057727,-0.176271552,-0.217546107
"sample_119_Nasal",-0.165172876,-0.179872897,-0.284181088,0.173048558,0.018382083,0.084633675,-0.255714444,0.015434702,-0.271988944,0.052769964,-0.233637477,-0.252352842,-0.008463298,0.170318302,-0.036876071,0.022733967,-0.11645257,0.020337619,-0.180172719,0.161382829,-0.087671427,-0.230791194,-0.115178987,-0.290039637,-0.171932313,-0.47653214,-0.396021268,0.220041913,0.039848723,-0.184449273,-0.359727139,-0.39365251,-0.212759669,0.173151249,-0.241305383,-0.348464801,-0.290139389,0.376558094,-0.133167714,-0.321843888,-0.336456559,-0.337400654,0.083661343,-0.265885998,-0.348300522,-0.393251711,0.044019685,-0.13707724,-0.219137628,-0.146659983
"sample_120_Nasal",-0.071537639,0.018003486,0.195140039,0.325010536,0.161861178,-0.107496608,0.142500249,0.091569785,-0.102060704,0.139595137,0.230408146,-0.060415311,0.135789082,0.172723433,0.091006852,0.069958499,0.025656249,0.087963463,0.11298038,-0.207285094,0.00512289,0.112167695,0.001808565,0.100987949,-0.005281394,0.226952455,0.307020903,0.015617079,0.157552088,0.001767569,0.106070132,0.313797781,-0.10401803,0.032825661,-0.029266798,0.10757428,0.123557987,0.05819972,-0.010386461,0.172720881,-0.020598807,0.280999385,-0.01228415,0.130446555,0.047181449,0.192238922,-0.069638463,0.083862464,-0.174779648,-0.061398758
"sample_121_Nasal",-0.030823487,0.034778616,0.315404147,0.007558959,0.009670307,-0.13087108,0.185247191,-0.037197003,0.260046004,-0.045534828,0.148390108,0.013674278,-0.199938454,-0.100701152,0.026195415,0.227294468,-0.022925694,0.062729235,0.177952774,0.19701928,0.012673441,0.263012963,0.104648997,0.465925811,0.265354606,0.326153463,0.24578179,-0.050147825,0.076419821,0.177541298,0.133222039,0.153247063,-0.052964458,0.049956993,-0.050706162,-0.059437787,0.218584762,-0.049308595,0.043004732,0.283354431,0.107430779,0.402775789,-0.101583434,0.117689701,0.474791858,0.235746542,-0.034877173,0.198346881,-0.278617414,0.069187904
"sample_122_Nasal",0.022955792,-0.194654293,0.306534537,-0.256308514,-0.1768226,-0.033735445,0.008265307,-0.06488149,0.083725435,-0.198042217,-0.245118159,0.190153698,0.19877185,-0.330979274,0.154755255,0.130830233,0.164243011,0.325419869,0.0071751,-0.115605785,0.178460635,-0.142503992,-0.212938591,-0.249529624,-0.356675588,0.315087624,0.14484454,-0.20359429,-0.216070355,0.351755322,0.084333178,0.424975346,0.017866057,-0.284340958,0.118546171,0.286101468,0.071634627,-0.325016607,0.187533985,0.114563222,0.283714415,0.2083096,-0.037206631,0.182435122,-0.220710843,0.261102928,0.162798169,-0.04940334,0.072904285,-0.054216903
"sample_123_Nasal",0.302756589,-0.030776424,0.422532502,-0.265196262,-0.180003358,-0.063754165,0.192750249,0.11637885,0.32762025,-0.133865313,-0.10954161,0.444526775,0.248153864,-0.360041961,0.199920705,0.141682895,0.386392873,0.23411395,0.229141935,-0.126786628,0.218440626,-0.056381054,-0.043292251,-0.154714085,-0.285072231,0.260050041,0.235422802,-0.350888293,-0.198541196,0.222426089,0.464883059,0.589442732,0.295018652,-0.227670368,-0.069977034,0.56231121,0.220142258,-0.404885066,0.378650386,0.297540682,0.556372678,0.525859124,-0.031219641,0.199770306,-0.153294486,0.413667223,0.16906768,0.207125033,-0.244422925,0.071359627
"sample_124_Nasal",0.192973824,-0.029183079,0.437440125,0.037596089,0.207381911,0.050477258,0.326216993,-0.191578298,0.137108945,0.266473317,0.106438174,0.023650899,-0.073614043,0.157294472,0.311346304,0.331763783,0.266287012,0.019830196,0.296970367,-0.182953733,0.035804444,0.301767276,0.160087269,-0.032505323,0.038924913,-0.20212124,-0.025479443,0.033618872,0.197574279,-0.034895104,0.287955621,0.428997127,0.233535245,0.005257295,0.179052139,0.289724864,0.37629312,0.22138698,0.066229744,0.166247861,0.313234822,0.233014928,-0.137145823,0.40601371,0.405855721,0.329392164,0.210931584,0.327105304,0.052004835,0.138408195
"sample_125_Nasal",-0.209497891,-0.157097373,-0.209839865,-0.143520928,0.1454803,-0.128738191,-0.201647155,0.025614686,-0.129529557,0.092881702,-0.048413091,-0.26781915,-0.226179856,0.142061763,-0.000389345,0.032164018,-0.26984013,-0.096165239,-0.191748237,0.321076421,-0.168592389,-0.017191648,-0.152080682,0.007359698,-0.195816508,-0.351974965,-0.303296881,0.067159192,-0.081739754,-0.026964234,-0.266109955,-0.359310214,-0.426445159,0.217940072,0.124506174,-0.385560328,-0.063374374,0.035016811,-0.110935331,-0.077804467,-0.238090903,-0.117494254,0.002530468,0.065035001,-0.088623299,-0.12668276,0.020867591,-0.198436309,0.358372522,-0.141479864
"sample_126_Nasal",-0.076200683,0.124177768,0.269339598,0.427143175,0.162147666,0.173122491,0.241517858,-0.039206234,0.088288131,0.218333573,0.239708229,-0.121907971,0.077624617,0.178547565,0.184423176,0.200918156,0.054816135,0.089863605,0.115435995,0.074808294,0.081806859,0.233284653,0.200815073,0.14858171,0.325144119,0.408776954,0.331696144,0.024823647,0.148157058,0.029104838,0.172736897,0.105802865,-0.197345035,0.114031845,-0.365087934,-0.041324628,0.220537117,0.137619501,-0.112808378,0.163794379,0.049612946,0.003762395,0.002678639,0.208465102,0.350008441,0.044826207,0.010809838,0.305468235,-0.110396425,0.050633491
"sample_127_Nasal",0.380231774,0.336599903,0.517703034,-0.010913191,0.031595843,-0.036825842,0.405275957,-0.047021005,0.281838341,0.009226627,0.225212398,0.373975868,0.364944632,-0.153000857,0.401579001,0.439908717,0.412483363,0.403484946,0.4103369,0.019772898,0.29546068,0.350078321,0.303024553,0.35677873,0.188251812,0.516107594,0.468584802,-0.243510436,0.105491983,0.369591526,0.467327483,0.582581714,0.37167547,-0.177591084,0.222863854,0.597013392,0.337016683,-0.342486451,0.286467569,0.448274395,0.555674567,0.485530436,-0.323127701,0.428765535,0.416449875,0.409565125,0.104993389,0.317388278,0.327832907,0.198125158
"sample_128_Nasal",0.261811132,0.282768887,0.467676004,-0.084981946,-0.00638131,0.170827514,0.364610578,-0.02653898,0.376879766,0.006315385,0.352557205,0.243141746,0.153846094,-0.252449899,0.167663813,0.215705662,0.320538945,0.204417865,0.298513707,-0.254644013,0.274967991,0.172571261,0.235373655,0.399989986,0.331646992,0.448694032,0.471589271,-0.273429808,0.199451882,0.259924162,0.485099596,0.470553752,0.246350469,-0.183569586,-0.13064959,0.417080147,0.288424248,-0.30076126,0.15152872,0.458065992,0.589727694,0.471331278,-0.163519328,0.475798877,0.532060763,0.334271876,0.163626066,0.292210391,0.06170619,0.198478492
"sample_129_Nasal",0.170543555,0.164962008,0.38120962,-0.081229029,-0.052892062,-0.055500264,0.248043394,0.017583034,0.080611186,0.075007443,0.155175776,0.063635243,0.102962051,-0.174868015,0.073200969,0.192567364,0.319003477,0.076170487,0.191686097,-0.280065126,0.19402122,0.101294707,-0.014985923,0.042592109,0.094789132,0.368949113,0.236101841,-0.167343351,0.14104389,0.140315742,0.262529188,0.4285253,0.135038806,-0.135782279,-0.169558144,0.364410398,0.184964778,-0.20782631,0.260848124,0.350352041,0.507344518,0.322329025,-0.019963506,0.3896079,0.33467334,0.223136197,0.100784051,0.261240917,-0.249700942,0.212373525
"sample_130_Nasal",0.287212758,0.017146053,0.426917735,0.078703292,0.055082448,-0.017276816,0.444645072,-0.12610949,0.128376546,0.040116291,0.143640897,0.325620882,0.318302223,-0.173159841,0.292044452,0.335108138,0.303496396,0.385414263,0.360480636,-0.129184176,0.269040001,0.326176109,0.231718619,0.361451332,0.212776715,0.465509482,0.384801888,-0.076481162,0.061100687,0.359441132,0.403662842,0.517498162,0.296715735,-0.125494678,0.314077049,0.495113854,0.32925633,-0.273480485,0.112352666,0.406381388,0.423633183,0.361388469,-0.248795384,0.292573057,0.443671291,0.375509675,0.113706394,0.329496895,-0.010575423,0.122247725
"sample_131_Nasal",0.126426537,0.185030001,0.451052312,0.241520983,-0.071099173,-0.050967755,0.380045278,0.097675487,0.222612102,0.117689239,0.232098616,0.240061719,0.013205052,-0.103230255,0.041186549,0.089115069,0.178956132,0.015509364,0.134238633,-0.472327277,0.142972569,0.16178499,0.280787715,0.430116052,0.391064207,0.406287755,0.371632217,-0.288640754,0.212623576,0.088207226,0.410090507,0.449674682,-0.033352469,-0.249523906,-0.021537694,0.346708048,0.267701133,-0.220605527,0.118729164,0.201929314,0.531858417,0.411744339,-0.225694721,0.351282492,0.55038585,0.459756187,0.195105294,0.173696771,-0.127054135,0.072107014
"sample_132_Nasal",0.333907562,0.138117798,0.526451194,0.006619871,0.003561134,-0.14462153,0.468873091,-0.007565079,0.213470648,0.19657563,0.29708621,0.326873422,0.354751136,-0.13157805,0.274701437,0.371450238,0.314072984,0.335469765,0.33553735,-0.190195778,0.301642079,0.300866806,0.265177851,0.350858794,0.114872619,0.414139338,0.390939799,-0.203265431,0.24303288,0.248297337,0.478190629,0.573325575,0.203008367,-0.258770567,0.1133767,0.551688513,0.312527118,-0.165079077,0.275913431,0.394099161,0.650070809,0.436864902,-0.268581768,0.585987903,0.387118129,0.431356124,0.196274736,0.365163996,0.0278766,0.287661453
"sample_133_Nasal",0.180658928,0.210091944,0.466112942,0.212188535,-0.054352237,-0.017943971,0.468789661,-0.040138458,0.303792306,0.122832862,0.222707873,0.231162984,0.066032134,0.114336819,0.309088148,0.317080497,0.271368307,0.216120577,0.331535373,-0.03261306,0.249697309,0.380439903,0.222771916,0.433529301,0.496642667,0.3426539,0.375548337,-0.170570965,0.26887519,0.211650394,0.409939926,0.42632537,0.013647859,-0.123887412,0.204635985,0.3769923,0.302535648,-0.231871035,0.150159859,0.310766513,0.598147191,0.472374977,-0.240758029,0.513497092,0.643755041,0.397918387,0.240187278,0.309991313,-0.132997326,0.09210103
"sample_134_Nasal",0.336326921,0.425255265,0.431347681,-0.048973345,0.018789732,-0.157090465,0.433524584,-0.034597541,0.320194636,0.063335001,0.296825561,0.466237724,0.32299197,-0.261874375,0.235328828,0.351093603,0.437667223,0.391730918,0.359408529,-0.219816355,0.227315287,0.220973913,0.267998857,0.44338798,0.210063317,0.535686403,0.536523813,-0.337720737,0.036770524,0.324996913,0.527869017,0.608941468,0.410076181,-0.287776064,0.281805187,0.615247931,0.376493921,-0.308060495,0.389606135,0.451829963,0.498094821,0.576712155,-0.181082721,0.441983348,0.425465068,0.482121929,-0.01680876,0.354419871,0.017077214,0.309632717
"sample_135_Nasal",0.338403416,-0.200721722,0.469625182,-0.278278286,-0.245825474,-0.045947462,0.21988755,0.18461291,0.220595787,-0.104749755,-0.119207532,0.30672171,-0.009181132,-0.277694856,0.193152287,0.175907379,0.387934071,-0.002248448,0.214016843,-0.305466559,0.25765739,0.026390617,-0.06172624,-0.16876325,-0.229160328,0.443104231,0.302886694,-0.218264017,-0.180028592,0.071992146,0.383698668,0.517163609,0.170374911,-0.283923834,-0.048233754,0.584435647,0.244636078,-0.296394622,0.355842087,0.197226298,0.56790301,0.485874037,-0.158581384,0.207887556,-0.064077807,0.411139793,0.080877272,0.203330875,-0.135229665,0.202554853
"sample_136_Nasal",0.24710028,-0.388904994,0.479611933,-0.048173416,-0.25538553,-0.072163645,0.138014871,0.157994918,0.284787709,-0.125915295,-0.245049596,0.357671072,0.360590781,-0.160060322,0.172527911,0.185202711,0.367276451,0.262941875,0.159537061,-0.17356886,0.175606086,-0.155891877,-0.123293909,-0.337838344,-0.386825598,-0.224119382,-0.296464691,-0.264875423,-0.263715438,0.231528512,0.380929191,0.605178009,0.136381169,-0.287878547,0.021363824,0.5335456,0.080120488,-0.210100501,0.395518364,0.201401562,0.599704448,0.321031677,-0.016473944,0.258191032,-0.371827901,0.355696843,0.335448394,-0.083784629,0.011036372,0.041472279
"sample_137_Nasal",-0.103938066,0.37120571,0.296588572,-0.061553081,0.197911481,0.115627756,0.235360518,-0.034820193,-0.054891137,-0.056270197,0.260124265,-0.165677199,-0.178256167,0.108798494,-0.018618089,0.064215996,-0.067707341,0.066778912,-0.007507065,-0.169641963,0.088896759,0.225890272,0.257298265,0.448031551,0.437614116,0.641365416,0.520795866,-0.06524497,0.284657907,0.082552934,0.233971381,-0.002471997,-0.199712688,-0.092347822,-0.437244625,-0.281020752,0.130293887,0.033768577,-0.007679943,0.083260534,0.144508798,0.194699318,0.09450947,0.193285074,0.595355668,0.065722925,0.117243174,0.139667479,-0.335181127,-0.08833834
"sample_138_Nasal",0.332255067,-0.380191321,0.429119636,0.015261041,-0.017397546,-0.125428799,0.219831917,-0.052254331,0.205066694,-0.043099404,-0.140469136,0.468060728,0.495756987,-0.176918955,0.266925435,0.36460853,0.355372002,0.476581533,0.345925364,-0.233631103,0.204236839,0.044897569,-0.131045398,-0.217998578,-0.327673841,0.032834257,-0.171251765,-0.238072465,-0.22570408,0.362995337,0.415770924,0.617154209,0.388879642,-0.152788024,0.169606439,0.584571688,0.35380622,-0.356873702,0.334516014,0.256443747,0.54600521,0.410638303,-0.084268377,0.421356861,-0.155189523,0.461330835,0.174144916,0.231742888,0.13807864,0.096203392
"sample_139_Nasal",0.320000001,0.169538036,0.499459168,0.463841525,0.157945945,0.170402034,0.471514251,-0.107695857,0.225487611,0.234280806,0.180274865,0.379289282,0.528898431,0.462532991,0.371843231,0.425044787,0.300562979,0.578197783,0.395897812,-0.059375876,0.189355693,0.224564092,0.162378066,0.235617291,0.115222396,0.49025256,0.383182523,-0.225613487,0.092157173,0.481460828,0.439346119,0.607085638,0.331997039,-0.03446984,0.312251665,0.486760585,0.399192266,-0.349559754,0.249578437,0.334292297,0.5601103,0.365156676,-0.214809288,0.509542675,0.201993707,0.409460625,0.381811203,0.219562532,0.308879653,0.070169518
"sample_140_Nasal",0.120573718,-0.214884501,0.259558292,-0.033674616,0.114546789,0.01844911,0.246702697,-0.140175129,0.157152739,0.050130553,0.007546014,0.318349417,-0.129019457,-0.214998548,0.285467787,0.273170801,0.058911091,0.021157967,0.16264804,-0.164590486,0.126721881,0.222936487,0.084433761,0.06776363,-0.057090731,0.529434075,0.376828103,-0.009487849,-0.172425357,0.055738237,0.106014242,0.191890213,0.11735963,0.024780997,0.323476726,0.305432494,0.387462396,-0.142873059,-0.048508642,0.137858872,0.017496647,0.285430186,-0.292563572,0.235652097,0.397858977,0.32089346,0.020875698,0.276757818,0.016126742,0.128912269
"sample_141_Nasal",0.33975972,-0.143111179,0.465103766,-0.275456627,-0.163520968,-0.275162996,0.226888907,0.048587992,0.300694025,-0.127871125,-0.111939109,0.415243206,0.432739788,-0.305828057,0.165694203,0.220025877,0.380126344,0.363166877,0.332649729,-0.37148456,0.22800428,-0.02900898,-0.085798864,-0.235086844,-0.284407678,0.190295775,0.079592264,-0.336246493,-0.203440454,0.265540161,0.462181489,0.607395159,0.358604448,-0.277595373,0.080129394,0.59052301,0.25459626,-0.376463486,0.406046432,0.309235687,0.584512329,0.330698842,-0.165860185,0.29930317,-0.264308943,0.427276656,0.189007177,0.172987567,-0.129388972,0.089850017
"sample_142_Nasal",0.33351696,0.228512435,0.51290354,0.019196609,-0.040786992,-0.13303454,0.395433707,0.09554164,0.374981218,-0.008225033,0.152076781,0.448195193,0.384695788,-0.138778896,0.260851275,0.310702779,0.346603195,0.356503573,0.380153402,-0.19869944,0.214921018,0.179230856,0.137679305,0.060583844,-0.017576327,0.399406444,0.385684006,-0.312668681,0.02334332,0.326172542,0.538260711,0.653118676,0.427735017,-0.254853728,0.121280617,0.593376911,0.355713771,-0.39761054,0.388411216,0.396251247,0.571346773,0.457242789,-0.135785186,0.412003685,0.332809099,0.463839123,0.268803296,0.311835228,0.192699533,0.166787992
"sample_143_Nasal",0.18871587,-0.305156236,0.421968548,-0.117588628,-0.163961375,0.006814892,0.184794899,0.054505558,0.304403664,-0.087926551,-0.255589505,0.409340693,0.065345946,-0.291790754,0.143361453,0.143196767,0.417384947,0.162666267,0.226224019,-0.220354959,0.229533856,-0.056493614,-0.1117093,-0.26660535,-0.304281096,-0.050748212,-0.106751799,-0.241519731,-0.143902515,0.09208546,0.356467632,0.512208078,0.058848943,-0.242157589,-0.043211151,0.567162677,0.21557634,-0.301415894,0.322102857,0.288865187,0.584484692,0.350851851,-0.104905851,0.346119065,-0.261972869,0.423939059,0.109757342,0.055263192,0.089454724,0.112922273
"sample_144_Nasal",0.231416302,-0.261182631,0.51018474,-0.105252687,-0.180976475,-0.179922683,0.178610893,0.07874517,0.327548318,-0.163829473,-0.258392558,0.434421004,0.228237556,-0.230727225,0.220466264,0.195334524,0.348109356,0.14587025,0.228245589,-0.224931694,0.253114134,0.02229364,-0.147629109,-0.290678059,-0.383050935,0.223238711,-0.02529737,-0.271112795,-0.250426993,0.160165938,0.36922762,0.564228764,0.220624827,-0.28638767,0.256482359,0.552931167,0.326474316,-0.304567855,0.356545523,0.176451832,0.504719086,0.430165947,-0.178004004,0.402821544,-0.028748506,0.409278651,0.283553029,0.188134971,0.1474129,0.11518042
"sample_145_Nasal",0.014067713,0.224093744,0.274425433,-0.064222994,0.142364408,0.069990639,0.250716896,-0.187595325,0.251752229,0.096095176,0.226367944,-0.11074908,-0.217714772,-0.141258659,0.274989127,0.218254522,-0.06099869,-0.0083981,0.154886286,0.114735715,0.026218786,0.2592821,0.083074298,0.39381894,0.420434167,0.54929747,0.50763186,-0.040165388,0.139971402,0.128718942,0.210450157,0.084809937,-0.055385254,0.044451575,0.096747378,0.011251068,0.223424596,-0.213704716,0.045103868,0.33839939,0.132271488,0.211356972,-0.200979706,0.369877231,0.555356285,0.372996808,-0.038800296,0.28542438,-0.073793498,0.076707512
"sample_146_Nasal",0.260024877,0.206184743,0.511360436,0.263509001,0.107923881,-0.022228107,0.416151208,-0.11092826,0.313624602,0.082346724,0.094370006,0.379539042,0.43112018,0.091788212,0.338056047,0.37233602,0.281138266,0.473387552,0.370477231,0.039407948,0.257915149,0.240188495,0.242409613,0.316941072,0.100931834,0.392632525,0.326894145,-0.239197425,0.028815383,0.363762594,0.434385576,0.556487084,0.234949816,-0.227069558,0.346979729,0.488157744,0.397107514,-0.388333153,0.343931953,0.308795108,0.513850891,0.39302289,-0.177111575,0.403215461,0.297010323,0.383718799,0.321244216,0.178674652,0.232453017,0.112661005
"sample_147_Nasal",-0.060668262,0.501003493,0.36842848,0.062933931,0.040296288,-0.092204034,0.410397646,-0.156321753,0.196251588,0.023029043,0.377492458,0.087363109,0.0548136,-0.114611239,0.241828893,0.222916933,0.129063927,0.270941536,0.091887178,-0.279839478,0.111108331,0.197947382,0.329654564,0.567078752,0.546770313,0.68221422,0.668947342,-0.195609,0.326703302,0.308235786,0.311010844,0.310096792,-0.044310107,-0.253547046,-0.03660916,0.102344535,0.1875879,-0.236030219,-0.006006595,0.472089599,0.427407662,0.410225746,-0.261233846,0.371093211,0.660145626,0.395094992,0.100719367,0.353762517,-0.089369044,-0.007541846
"sample_148_Nasal",0.344410624,-0.13357278,0.551003467,0.318493044,0.094535819,-0.122934201,0.381035529,-0.092061339,0.303528021,0.160878094,0.142066336,0.369791113,0.293148249,0.205831192,0.363215516,0.395836206,0.30784811,0.297404131,0.405881325,-0.105120137,0.313710532,0.356437923,0.231174671,0.281630294,0.046608232,-0.001849219,0.034464141,-0.151675429,0.115555467,0.219847578,0.455841228,0.56144964,0.352243276,-0.12568842,0.206204082,0.560777527,0.39380482,-0.348560059,0.29848312,0.370082071,0.543997014,0.550280069,-0.30984542,0.520492385,0.422915391,0.421830185,0.291880713,0.304174171,0.144101143,0.180031093
"sample_149_Nasal",0.046239815,0.407733509,0.349571651,0.236826301,0.275523421,0.059795193,0.445622936,-0.237788669,0.264850203,0.251997346,0.4004607,0.081735715,-0.138792261,-0.097047382,0.252619592,0.302325417,0.017351108,0.147166246,0.229974999,-0.082309661,0.167314659,0.350874626,0.330181094,0.503357336,0.491463033,0.530668833,0.505230828,-0.119109281,0.310462602,0.134885629,0.35905928,0.231187496,-0.076468988,-0.022550715,0.265053129,0.106070408,0.406099492,-0.083337201,-0.012075575,0.388244925,0.258840562,0.478244962,-0.24630364,0.529240138,0.671917385,0.27101785,0.111902379,0.399282274,0.07267752,0.09576355
"sample_150_Nasal",-0.090236122,0.437996547,0.173623804,-0.02149453,0.191117055,-0.08804512,0.396974867,-0.154100404,0.07506991,-0.010664384,0.268677813,0.061605307,-0.222510813,-0.144657629,0.174243112,0.182786822,-0.103576786,0.022502086,0.136112049,-0.014222873,0.043367674,0.239448766,0.269814986,0.544906427,0.497473633,0.677652186,0.625868167,-0.168379554,0.235459294,0.159416904,0.225401412,0.042155265,-0.220533078,-0.094904306,0.322769334,-0.129662238,0.252835212,-0.27086292,-0.20122546,0.457417931,0.230524306,0.378451523,-0.318149382,0.427129586,0.634210447,0.241731784,0.197347904,0.287378854,0.158350941,-0.064285683
"sample_151_Nasal",-0.364812147,-0.210039577,-0.521280989,-0.032774208,-0.045236602,0.07521575,-0.471863617,0.04100184,-0.366641944,-0.067393557,-0.330041888,-0.418906814,-0.204253194,0.102542811,-0.249896373,-0.252405736,-0.344706633,-0.287715364,-0.285816563,0.269433592,-0.26867931,-0.318271645,-0.28125852,-0.437478792,-0.312396831,-0.663225248,-0.568138691,0.368835083,-0.126567823,-0.344140927,-0.516416964,-0.594304306,-0.275162565,0.183565403,-0.401810218,-0.589294712,-0.47532973,0.213615483,-0.247102575,-0.451749205,-0.563841042,-0.581640623,0.334214568,-0.536811413,-0.546188216,-0.516196539,-0.13664714,-0.358656787,-0.1612547,-0.179174638
"sample_152_Nasal",0.260024552,0.260966947,0.47739372,-0.196199744,-0.189087312,-0.193191452,0.249810471,-0.031572109,0.256210666,-0.079555767,0.126444564,0.37736943,0.346412864,-0.356522185,0.142805646,0.222877979,0.319835939,0.339458915,0.246441999,-0.286685641,0.21867832,0.032896319,0.080505524,0.019169859,-0.102166344,0.367801075,0.338885953,-0.309228465,-0.061075184,0.386746527,0.460271098,0.622595968,0.334339406,-0.361669709,0.011632753,0.557495999,0.3085355,-0.308315982,0.3805342,0.388354182,0.59453569,0.441674783,-0.010837125,0.328021127,-0.044517638,0.398577226,0.209444122,0.176724573,-0.09082508,0.211810381
"sample_153_Nasal",0.281116513,-0.157545818,0.446906412,-0.09731579,-0.093820306,-0.092665946,0.27789405,-0.007151298,0.350382021,-0.092370473,-0.052782326,0.372797053,-0.056747298,-0.304475655,0.322992918,0.25439595,0.388195767,-0.017564266,0.274588177,-0.141182878,0.220897676,0.233196719,-0.057399124,-0.104471219,-0.211713647,0.317794651,0.255835343,-0.241958506,-0.202458733,0.055967038,0.389102542,0.529147059,0.262376381,-0.210229545,0.268728245,0.540903198,0.294507212,-0.344519871,0.249017834,0.252210783,0.518591781,0.516469228,-0.269705506,0.294700873,0.243266844,0.39039499,0.216584626,0.185464699,0.140757953,0.212190775
"sample_154_Nasal",0.304049033,0.230241476,0.513977123,0.386468213,0.07120171,0.061291905,0.495421706,-0.031883102,0.36627424,0.252894043,0.349126888,0.29788625,0.080116205,0.019045117,0.376604503,0.439193031,0.350913891,0.283181895,0.352673234,-0.023405266,0.196178338,0.441347221,0.321847682,0.440041609,0.403391107,0.447358265,0.444311646,-0.08730959,0.172945592,0.22978698,0.410324301,0.492576163,0.330714485,-0.067686881,-0.067545368,0.564841668,0.384084662,-0.333051794,0.207647162,0.387428136,0.485456587,0.5318566,-0.263005909,0.537914809,0.638848182,0.423172081,0.139456374,0.394343017,-0.082764508,0.193413059
"sample_155_Nasal",0.255219106,0.090301507,0.411601535,-0.245211766,-0.197848592,-0.211703988,0.169733103,0.048559348,0.232439346,-0.256342302,5.33e-05,0.374142974,0.377101004,-0.287443225,0.090866974,0.167567543,0.343252207,0.404014767,0.271194179,-0.267155868,0.206934289,0.001367786,-0.034291059,-0.050293,-0.160957974,0.311197839,0.239887518,-0.281216928,-0.124994809,0.291193797,0.437371161,0.607636299,0.221146019,-0.222082568,-0.056113455,0.554969916,-0.030700024,-0.26881004,0.392931335,0.21720443,0.571336363,0.332134314,-0.008847015,0.314223697,-0.128120319,0.461005595,0.123561089,0.164494003,-0.184398691,-0.022531964
"sample_156_Nasal",0.252844314,-0.212454489,0.482974437,0.029544393,0.018223214,0.045240664,0.324034197,-0.011459726,0.299971261,0.03829265,0.052080696,0.325098292,0.001661018,-0.105200145,0.301087587,0.326627235,0.272739025,0.122061289,0.346634278,0.025622478,0.256719864,0.334011691,0.114908618,0.099016701,-0.028549492,0.108902404,0.103762254,-0.06294117,-0.076758153,0.260950305,0.295480089,0.312271518,0.213863075,-0.11606079,0.239561036,0.396122932,0.345513282,-0.42157435,0.168649943,0.281133365,0.361624186,0.256051698,-0.283167996,0.484395387,0.326467626,0.329988837,0.142112186,0.328993939,0.219360944,0.162873304
"sample_157_Nasal",0.260467878,-0.273278695,0.527639461,-0.105403225,-0.199788115,-0.183909645,0.24686075,0.100863139,0.248075466,-0.033135037,0.01306203,0.329291151,0.058656106,-0.245132699,0.278089393,0.323025463,0.372197986,0.134635748,0.355758402,-0.215217218,0.242986367,0.207079391,-0.061906753,-0.138854399,-0.221511142,0.3437105,0.140963145,-0.259625074,-0.082329862,0.218138587,0.448952858,0.524245756,0.16598419,-0.307615162,0.151980332,0.542711288,0.188451559,-0.276746463,0.291975797,0.310753499,0.657285915,0.500640328,-0.131698669,0.317425524,0.029876761,0.417903882,0.195497209,0.205498859,-0.182715194,0.195245853
"sample_158_Nasal",0.232515833,-0.341878271,0.524387211,-0.214151371,-0.247166842,-0.239456465,0.167401655,0.082496595,0.300172163,-0.150303598,-0.118701722,0.360061734,0.487058229,-0.335757836,0.155033981,0.191890495,0.310214773,0.433639847,0.33244862,-0.399285177,0.21410797,0.051674363,-0.081785414,-0.154494785,-0.254228857,0.410327175,0.158667438,-0.316414323,-0.193083664,0.299800026,0.487172621,0.600536834,0.245951663,-0.344372072,0.033830201,0.540321066,0.17872504,-0.312539961,0.292449311,0.308429193,0.622083747,0.371922684,0.086103627,0.291843802,-0.035223632,0.494978786,0.190120234,0.195840823,-0.142818389,0.03338823
"sample_159_Nasal",0.340795366,-0.435811156,0.398941991,-0.342490852,-0.285230165,-0.338234946,0.066298169,0.17851581,0.255680785,-0.19115146,-0.259817543,0.423803995,0.116712462,-0.362161977,0.094893965,0.094908222,0.390112246,0.050471153,0.263742193,-0.165471796,0.268652299,-0.112626646,-0.218194388,-0.338990711,-0.407009729,-0.100345677,-0.212276229,-0.285826352,-0.317507207,0.048802382,0.373408874,0.546211233,0.24019626,-0.300091088,-0.06536676,0.61029477,0.172011421,-0.209070197,0.387893884,0.104323985,0.587741466,0.418213857,-0.137050054,0.239219948,-0.370683814,0.369164484,0.172745461,0.061618542,-0.03500681,0.162551406
"sample_160_Nasal",0.00517629,-0.35701327,0.108230036,-0.021703859,0.048672328,0.063938288,-0.144945705,0.049112752,0.07262051,-0.180839607,-0.284316743,0.049231394,-0.04867757,-0.092857514,0.077827179,0.00828668,0.128676327,-0.074457704,-0.013279317,0.246147958,-0.009895245,-0.128957825,-0.186636827,-0.428774192,-0.354818483,0.230641124,-0.001800209,-0.00663841,-0.117644686,0.02797759,-0.056159346,0.379276058,-0.160249754,-0.16224273,0.139327579,0.207971947,-0.05697291,-0.003601575,0.157198983,-0.236899027,0.244652131,0.026774686,0.016362718,0.069689899,-0.38925863,0.061295448,0.176383775,-0.200445599,-0.181520075,-0.025607798
"sample_161_Nasal",0.322205652,-0.332860433,0.46179727,-0.166810634,-0.1100021,-0.177029603,0.27798605,0.100630652,0.278330511,0.001297551,-0.000455691,0.374143336,0.1789219,-0.20334505,0.247501103,0.307387715,0.354412912,0.19536444,0.296864704,-0.24612969,0.257037921,0.062450585,-0.122330355,-0.189086028,-0.284294165,0.008757617,-0.087504487,-0.211402658,-0.099356537,0.207411293,0.379514395,0.578628435,0.172186744,-0.253074963,-0.03711085,0.588976725,0.273527809,-0.364229105,0.332734604,0.254283775,0.612721926,0.43395812,-0.162782276,0.269397592,0.006619573,0.444302632,0.217756326,0.214972162,-0.131186143,0.226249657
"sample_162_Nasal",-0.362203862,-0.210912075,-0.3288842,-0.122718184,0.033397545,0.009119862,-0.344845332,0.189048324,-0.310497812,-0.017260469,-0.254106201,-0.330493396,-0.256137986,0.091864681,-0.103085689,-0.167663656,-0.284454055,-0.201259756,-0.257210155,0.206604868,-0.12659742,-0.251519701,-0.184109579,-0.440805038,-0.259162729,-0.230254574,-0.321396824,0.322971644,-0.027591713,-0.30936045,-0.357885899,-0.425275917,-0.223482332,0.207057502,-0.295094425,-0.488642945,-0.404162754,0.394155808,-0.296382293,-0.383271374,-0.417341358,-0.399078353,0.288728064,-0.34223001,-0.486646504,-0.371712131,-0.145745286,-0.326316626,-0.046100134,-0.076026374
"sample_163_Nasal",-0.013066012,-0.199966115,0.373477078,-0.335046738,-0.147107187,-0.257006787,0.097303703,-0.003965655,0.014765428,-0.167260485,-0.139665614,0.260431698,-0.103453277,-0.309239945,0.144884396,0.163242896,0.120668167,-0.049885206,0.075536965,-0.133052527,0.08075996,-0.028362578,-0.128520599,0.008291472,-0.12618065,0.384616176,0.259875858,-0.20038667,-0.066817825,0.29097056,0.165161183,0.124037312,-0.031754356,-0.15597116,0.007206444,0.092264751,0.273877625,-0.440405461,0.118610672,0.237018387,0.289511863,0.25439644,-0.068094242,0.192903971,0.235179444,0.248608899,0.124734455,-0.023577684,-0.26857867,-0.051564082
"sample_164_Nasal",0.001883003,0.042902975,0.36214486,-0.356638958,-0.184679318,-0.269930188,0.13248584,0.002488633,0.248520755,-0.225792705,-0.10303108,0.269071068,0.044272852,-0.344310873,0.109118071,0.080329515,0.165707387,0.030280849,0.161545196,-0.378867461,0.184787315,-0.102788388,-0.071675564,0.117777158,-0.041158444,0.549121764,0.483300816,-0.287647951,-0.170353784,0.278121404,0.196184165,0.36952835,0.051469107,-0.298961493,-0.113848527,0.313542791,0.14222235,-0.391338138,0.244378924,0.18694785,0.402331338,0.301586842,0.053472111,0.076006479,-0.038395598,0.31200842,0.172002907,-0.049057463,-0.30343731,0.006269177
"sample_165_Nasal",0.327981462,0.096030927,0.567646525,0.148078335,-0.15772479,-0.214620363,0.326166122,0.071580687,0.260647759,0.05446559,0.133687438,0.407005885,0.510331536,-0.186608594,0.20099727,0.2605338,0.422487034,0.496039946,0.34901776,-0.290242793,0.225467979,0.156388334,0.087245719,0.186432186,-0.118873586,0.463232129,0.382409132,-0.287547855,0.036518773,0.408498306,0.491735163,0.656211774,0.355778018,-0.337624424,0.032540658,0.588604957,0.265571142,-0.2510942,0.36149648,0.334126674,0.678033388,0.409124879,-0.084242893,0.336713255,0.13285602,0.464556224,0.293753823,0.215721836,0.109945127,0.149822237
"sample_166_Nasal",0.207364685,-0.066301469,0.484853284,-0.252386288,-0.138248736,-0.130262775,0.294148807,0.024903556,0.154445895,-0.061848695,0.027736442,0.377435039,0.405070434,-0.305070325,0.15311516,0.193536139,0.351979531,0.409011034,0.275151732,-0.245432633,0.174382232,0.007229542,-0.110139012,0.006689917,-0.104883444,0.420999902,0.31325246,-0.300226021,-0.170855821,0.372677505,0.384952603,0.54862777,0.316098438,-0.368354592,-0.165111602,0.471043744,0.196912744,-0.334631953,0.317342748,0.286688678,0.4922377,0.414787982,-0.02384167,0.34479839,0.172126198,0.414521258,0.113403213,0.224583854,-0.229903655,0.047065393
"sample_167_Nasal",0.258969387,-0.05690756,0.406752926,-0.211644012,-0.111412783,0.003237633,0.201700931,0.055137083,0.216019205,-0.100084789,0.017694912,0.2968747,0.267205376,-0.265278367,0.216982928,0.271872316,0.305961472,0.200195245,0.352688264,-0.236124918,0.218634177,0.153916624,-0.041651601,0.11170911,0.061767031,0.446553354,0.378068228,-0.31530613,-0.070597952,0.263778171,0.363291929,0.463737663,0.185744356,-0.254994827,-0.147853527,0.440113402,0.271854562,-0.523982912,0.239540576,0.271584974,0.505400885,0.497281864,-0.155159172,0.22599001,0.346187225,0.334288151,0.214257188,0.202711631,-0.203642471,0.185087047
"sample_168_Nasal",-0.295054601,0.131233256,-0.171952185,0.241952559,0.091904968,0.328478648,0.008314457,-0.00235569,-0.01166403,-0.018246534,0.092822782,-0.316474956,-0.107651197,0.244589995,-0.096953002,-0.102719462,-0.257489045,-0.087869768,-0.154970027,0.280759788,-0.180021343,0.153661018,0.008196026,0.064551074,0.244404107,-0.069093197,-0.003295423,0.127350214,0.283856594,-0.261113778,-0.18833516,-0.393045247,-0.401311746,0.11952943,-0.323796485,-0.445397246,-0.030015531,0.430227932,-0.284152634,-0.113855656,-0.380736827,-0.256530595,0.228933376,-0.201389856,0.443745651,-0.281611534,-0.023910051,0.026995424,-0.077144131,-0.15964169
"sample_169_Nasal",0.215557138,-0.227066122,0.606828349,-0.048541595,-0.258128108,-0.116013688,0.163613013,0.09073863,0.362574538,-0.164433851,-0.080094591,0.378531993,0.33588891,-0.310736595,0.151700348,0.144133276,0.344664523,0.285192322,0.222258309,-0.209551311,0.218232489,-0.002097816,-0.051693256,-0.065520094,-0.200902317,0.410185232,0.314738658,-0.227044691,-0.082932499,0.267627084,0.44079719,0.601158274,0.221993442,-0.290596693,-0.092055263,0.556682186,0.269003375,-0.408021142,0.35303228,0.304060019,0.629371571,0.329173104,-0.095743638,0.203648394,-0.05745575,0.407169464,0.2726265,0.147539428,-0.128649681,0.066047368
"sample_170_Nasal",0.12134342,0.371511032,0.268639056,0.202314989,0.222596125,0.041805913,0.328560867,-0.205015127,0.189115532,0.203097777,0.274532194,0.098918857,-0.209579974,-0.020053758,0.287233531,0.297731537,0.027002395,0.080886225,0.109673093,-0.0805692,0.049370736,0.390115123,0.369205265,0.58251661,0.506883453,0.623458495,0.573410563,-0.015638124,0.297202581,0.121037854,0.297354418,0.066971736,-0.188390493,-0.016346415,-0.061424936,0.116274139,0.349738094,-0.217111602,-0.107804845,0.308077807,0.125682479,0.42334657,-0.089962021,0.480795749,0.691916835,0.308249608,0.030706564,0.315120458,0.128396575,0.164536257
"sample_171_Nasal",0.282239732,-0.313058238,0.579853954,0.033875369,-0.119873002,-0.157435082,0.350427489,0.037570346,0.277113654,-0.020697083,-0.028021441,0.378479473,0.338946105,-0.213464846,0.234963488,0.270891162,0.377575555,0.34802085,0.364370194,-0.331258524,0.204384539,0.141215907,-0.097556459,-0.115561837,-0.206100967,-0.267709742,-0.197526552,-0.241041068,-0.112184257,0.285998053,0.446130029,0.644739613,0.361496511,-0.241046224,0.06799114,0.615896488,0.291532194,-0.237563931,0.307674198,0.235711223,0.586370738,0.329157803,-0.094137574,0.313001139,0.108315673,0.494889745,0.233516951,0.272898079,-0.03552475,0.161147739
"sample_172_Nasal",0.274018745,0.187383955,0.490238207,0.028356217,-0.112510472,-0.171395603,0.340361241,0.129687463,0.291613591,0.063249047,0.244345527,0.335405391,0.217536437,-0.137771791,0.221993041,0.272979643,0.322003077,0.282285459,0.236488962,-0.393676798,0.252203833,0.151557004,0.187653256,0.367452245,0.354741304,-0.336280312,-0.043308491,-0.258566233,0.147150966,0.341701593,0.52375741,0.574027052,0.237767186,-0.219635767,0.283047327,0.543542639,0.320558208,-0.172561723,0.218124301,0.412252575,0.608067242,0.491637114,-0.057844758,0.492811098,0.423884305,0.483655585,0.214425394,0.281302985,-0.039341038,0.194125994
"sample_173_Nasal",0.338071958,0.37882677,0.531008579,-0.05303577,0.129610901,-0.151517079,0.42335613,-0.028831131,0.137102189,0.110497744,0.259973343,0.350662341,0.308784321,-0.117073933,0.329868012,0.370528358,0.40944653,0.407555231,0.318094156,-0.206274926,0.230472464,0.104881138,0.252809191,0.287863719,0.129492865,0.551472319,0.498202363,-0.170954181,0.152512017,0.355007222,0.441175292,0.532747132,0.275985935,-0.115754824,0.209683683,0.562550107,0.354122214,-0.2746731,0.287417719,0.4300242,0.538787149,0.530027109,-0.320121287,0.417253013,0.305592693,0.424652656,0.133130682,0.202594967,-0.008052266,0.258006693
"sample_174_Nasal",-0.328898225,0.089481623,-0.424365524,0.276507375,0.303407089,0.322803715,-0.090553932,0.044036434,-0.208930398,0.195691485,-0.034764865,-0.406603502,-0.28001977,0.383324915,0.014748867,0.03802701,-0.313033769,-0.195489556,-0.092359105,0.339166978,-0.223006724,0.247501895,0.092632904,0.187936606,0.280674047,-0.455923654,-0.318665889,0.298195684,0.14550265,-0.302148938,-0.305373489,-0.513295741,-0.348109361,0.380082487,-0.142432535,-0.543849971,-0.11756521,0.302745405,-0.298879688,-0.288463744,-0.522957863,-0.242486749,0.250001046,-0.185684623,0.371051032,-0.321919398,-0.080662602,0.053895447,0.145137084,-0.139113507
"sample_175_Nasal",-0.048850096,-0.318239208,0.147207096,-0.250725087,0.005796235,-0.243508506,0.010161467,-0.155171405,-0.012166169,-0.177226329,-0.239330285,0.044033667,-0.238836549,-0.273661575,0.176576856,0.030504335,0.044649546,-0.191421,-0.012330204,0.015058503,0.040118907,-0.070525636,-0.146550716,-0.245824081,-0.301339579,-0.07451629,-0.161908184,-0.059231423,-0.240101728,0.085366335,-0.0428378,0.175264134,-0.146817478,-0.027491707,0.212842598,-0.0086779,0.075995199,-0.404082366,0.0040487,0.17787447,0.094638568,0.171448895,-0.072764069,-0.051729961,-0.050456915,0.093166355,0.075132797,-0.124526433,0.207654246,-0.083455837
"sample_176_Nasal",0.34227477,-0.372764772,0.511654683,0.029797437,-0.148763268,0.020775639,0.231627426,0.145845255,0.395735079,-0.122153248,-0.230920093,0.364570391,0.294524999,0.021847361,0.274564066,0.21663224,0.388006655,0.285602275,0.340800053,-0.094634713,0.257189663,0.037347019,-0.158863454,-0.366613973,-0.36188036,-0.321937864,-0.309242219,-0.236465143,-0.257598146,0.185450667,0.396398519,0.572110902,0.187465094,-0.17022643,0.274038729,0.558663194,0.262273834,-0.387128301,0.417585654,0.210383008,0.582052811,0.359013911,-0.189604185,0.416159432,-0.318664567,0.382664795,0.404839413,0.077631424,0.195470137,0.176361318
"sample_177_Nasal",0.096998501,-0.376207109,0.325867834,-0.210980916,-0.232317067,-0.167933622,0.007358561,0.054413063,0.165404168,-0.012060032,-0.200315932,0.20705007,0.010453852,-0.338855613,0.064423111,0.06562342,0.193727951,-0.009369915,0.075984662,-0.319008196,0.145470742,-0.190614168,-0.259168813,-0.367264442,-0.407546218,-0.313449558,-0.289200807,-0.225112821,-0.284266278,0.120318333,0.182824125,0.422856248,0.058076849,-0.186757602,-0.067355595,0.385960292,0.001229078,-0.170343676,0.152852626,0.134840038,0.553542135,0.302865512,-0.131988591,0.159486461,-0.337627959,0.313464922,0.144355868,-0.14390667,-0.092010698,-0.023362638
"sample_178_Nasal",-0.040381826,0.444459536,0.290918801,0.225317232,0.084155783,-0.129786368,0.3589071,-0.194786525,0.132496069,0.106237096,0.338268886,0.044720195,-0.193482452,0.077399742,0.037337758,0.039983588,0.002996672,0.002589306,0.061308154,-0.090255544,0.135601729,0.29075979,0.34125324,0.575910475,0.551033213,0.598795976,0.560899831,-0.136950954,0.335869322,0.217694376,0.228628274,0.156763619,-0.32795351,0.038136063,-0.10479811,-0.076891809,0.256326899,-0.208116613,-0.258739192,0.369277543,0.320521099,0.072219334,-0.286041315,0.575840784,0.704809829,0.355368834,0.194206525,0.233465697,0.038221611,0.025229222
"sample_179_Nasal",0.172409797,0.020941484,0.461904091,-0.072381828,-0.190627905,-0.145903254,0.050419806,0.024241552,-0.031155683,-0.105103522,-0.029287049,0.267017432,0.330969017,-0.280334567,0.193934424,0.099042317,0.31640205,0.286882882,0.194128624,-0.284091123,0.16947668,-0.101883622,-0.124723162,-0.088080943,-0.178475961,0.323386899,0.21206769,-0.260173978,-0.126722802,0.322615673,0.223817479,0.480178144,0.048226356,-0.302692959,0.019592623,0.393521943,0.043613292,-0.377498234,0.241903728,0.187679276,0.555187901,0.241883314,-0.044175407,0.273655009,-0.227984395,0.316117719,0.307018024,-0.167736696,-0.044537885,0.02148468
"sample_180_Nasal",0.012210664,0.217207,0.179063968,0.101594279,0.281107452,0.142625737,0.406919504,-0.16189232,0.065593281,0.320741642,0.32845681,-0.077089489,-0.352795153,0.035916524,0.243646099,0.20474597,-0.129509698,-0.126509253,0.081103794,-0.033417977,0.022458226,0.283198779,0.204838583,0.424683565,0.393091891,0.192231094,0.176901119,0.13139612,0.279403358,0.098340668,0.142674356,-0.028092217,-0.406010583,0.24316021,0.3026308,-0.000873313,0.269678907,0.0310957,-0.206897382,0.218900181,0.020896493,0.113471753,-0.220736783,0.285718528,0.557889165,0.039999183,-0.015463726,0.250070638,-0.045715683,0.035782341
"sample_181_Nasal",-0.295037879,0.084123631,-0.306726013,-0.084223721,0.131897609,0.370843558,-0.128803492,0.085468472,-0.16702633,0.264829828,0.022535997,-0.296409853,-0.301209848,0.298165348,0.0499897,0.031174408,-0.297550372,-0.253620479,-0.165063304,0.160170159,-0.226844381,0.242540702,0.179939982,0.187342448,0.258686844,-0.415627458,-0.222838495,0.275528702,0.164497329,-0.312328922,-0.23996654,-0.534998446,-0.213707938,0.283232689,-0.035977117,-0.507641991,-0.091279338,0.163254162,-0.288142238,-0.119506942,-0.473865825,-0.493256575,0.161777783,-0.391953956,0.329281231,-0.32486028,-0.178378882,0.07451612,0.206194777,0.002902923
"sample_182_Nasal",0.282499625,-0.470264479,0.437684671,-0.083257236,0.004164231,0.275879146,-0.072806241,0.151180543,0.31203053,-0.158087387,-0.327444432,0.315758739,0.227729472,-0.112697911,0.252043697,0.236208712,0.352534969,0.230200311,0.196092836,-0.050453686,0.208051916,-0.083712194,-0.198951981,-0.409064782,-0.501969271,-0.497137073,-0.468447461,-0.152430553,-0.30989718,0.203202327,0.293996349,0.497517703,0.273879657,-0.184953822,0.304765907,0.459487748,0.151328056,-0.120410358,0.318360883,0.0329324,0.495578051,0.334515323,-0.109160412,0.152234052,-0.410906863,0.278499648,0.287228545,-0.102125228,0.205927062,0.045895935
"sample_183_Nasal",0.29456805,-0.408191612,0.494634835,0.204970393,-0.054680777,0.23409547,0.098413921,0.034224358,0.342260411,-0.111601478,-0.220061901,0.383187499,0.443618297,0.001378419,0.274961236,0.296986526,0.340748419,0.463579869,0.258250005,0.095900059,0.183039589,-0.047908232,-0.157879467,-0.364920408,-0.410307631,-0.394319504,-0.386869617,-0.261464263,-0.309770523,0.362597991,0.347680695,0.569715489,0.312589786,-0.23967875,0.343914861,0.558372598,0.221807677,-0.078910796,0.365623551,0.135895238,0.57969339,0.360548823,-0.076243834,0.322255425,-0.353475606,0.359255974,0.376356535,-0.052398786,0.288077578,0.147673269
"sample_184_Nasal",0.037490149,0.396003598,0.080277309,0.089479949,0.173820961,0.281342688,0.371483157,-0.07548849,0.043622163,0.052068538,0.30419605,0.115834465,-0.144090972,-0.064282008,0.203210367,0.242522059,-0.0631356,-0.063272939,0.075430589,0.250654951,0.035088362,0.392493991,0.27034298,0.53341472,0.466583703,0.587647153,0.560395739,-0.002886715,0.237194895,0.030937225,0.30959289,0.140988437,0.140749254,0.116966516,0.084842017,0.008964241,0.243415864,0.033595389,-0.010050177,0.269778484,0.291815582,0.502386997,-0.260666353,0.22966602,0.607003772,0.180245314,0.147237762,0.318496422,0.222811059,-0.009752465
"sample_185_Nasal",-0.109070609,-0.152074414,-0.141564533,0.170022345,0.118782346,0.337987753,-0.055094875,-0.047075206,-0.148276383,0.118934173,-0.003827537,-0.157666351,-0.305960117,0.326675109,0.162398462,0.166638905,-0.14909832,-0.298049531,0.150241895,0.07033187,-0.079447871,0.328316835,0.089207946,-0.011830289,0.09112994,-0.176060625,-0.19297763,0.32069522,0.210377106,-0.219270487,-0.153020282,-0.390512349,-0.333254793,0.345035001,-0.143676426,-0.378040044,0.051264814,0.143662651,-0.303518376,-0.236426926,-0.359320222,-0.21245386,0.29491588,-0.070276997,0.094498903,-0.191248037,0.074964631,0.01534427,-0.000805223,0.015295389
"sample_186_Nasal",0.306779202,-0.141807018,0.425062548,-0.294968024,-0.12593121,-0.189991679,0.16518919,0.052042904,0.255851332,-0.040256291,-0.165536599,0.392021806,0.158839251,-0.206045408,0.241670435,0.170731313,0.363128127,0.212399077,0.288885844,-0.032733932,0.217760725,0.091994607,-0.046917774,-0.131571144,-0.305604222,0.097259898,0.04488864,-0.293914253,-0.24015323,0.219131633,0.449267216,0.545304472,0.208536824,-0.208592131,0.068773233,0.585338523,0.31003195,-0.404689442,0.344269884,0.309448389,0.52923077,0.412238366,-0.058739909,0.339596462,-0.11749471,0.408518479,0.179196133,0.045139325,0.050094347,0.22799294
"sample_187_Nasal",0.087147533,0.05169867,0.425180259,0.034470609,0.075155047,-0.106971458,0.317809472,-0.096198087,0.208144152,0.089401623,0.122995133,0.070387243,0.018290999,0.014954486,0.227348726,0.190912357,0.117313937,0.031393755,0.177368335,0.005207199,0.179360513,0.175963022,0.202033922,0.11334977,0.079834999,0.488496922,0.476523887,-0.063889389,-0.033002546,0.193416511,0.289699413,0.365367189,-0.155165025,-0.04610919,-0.206208283,0.338167309,0.184355949,-0.192787389,0.122741296,0.030840673,0.41378355,0.179075375,-0.126841596,0.177714788,0.143010399,0.284233981,-0.01850846,0.154237886,-0.28013023,0.0984383
"sample_188_Nasal",0.219716947,-0.211535233,0.435442099,0.019296902,0.135990602,-0.090232823,0.152170923,-0.068716183,0.211348041,0.111824958,0.002248599,0.053356469,-0.008814451,-0.088958225,0.310226319,0.371757913,0.390623405,0.028817038,0.332358979,0.159483458,0.229229922,0.157805213,-0.059228362,-0.119947627,-0.209214531,0.035646985,-0.102828751,0.068788538,-0.220260268,-0.022585125,0.262696245,0.453815636,0.281004762,-0.048234512,0.381318758,0.482872071,0.297397235,0.082525693,0.185903506,0.189119647,0.395772452,0.367441941,-0.170751588,0.316851924,-0.138251752,0.363145196,0.023454906,0.203875701,0.136145093,0.240918674
"sample_189_Nasal",0.077412008,-0.409411987,0.279854283,-0.307609033,-0.291274039,-0.241760042,0.003205383,0.166466156,0.091877832,-0.259907527,-0.292099272,0.184019779,0.015305947,-0.398301779,-0.035501242,-0.025615145,0.138063431,0.083778918,-0.008053061,-0.089990141,0.124553492,-0.207283587,-0.317047327,-0.343208528,-0.460207284,-0.219860601,-0.256015688,-0.29637605,-0.280669034,0.149949455,0.169940555,0.395543382,-0.204172442,-0.304423911,-0.235994178,0.32657105,-0.096612983,-0.190309282,0.206686301,0.005115091,0.438708142,0.015399375,-0.004642776,0.011199646,-0.432604959,0.34559195,0.222741241,-0.156831098,-0.040240445,-0.067304071
