"","HALLMARK_ADIPOGENESIS","HALLMARK_ALLOGRAFT_REJECTION","HALLMARK_ANDROGEN_RESPONSE","HALLMARK_ANGIOGENESIS","HALLMARK_APICAL_JUNCTION","HALLMARK_APICAL_SURFACE","HALLMARK_APOPTOSIS","HALLMARK_BILE_ACID_METABOLISM","HALLMARK_CHOLESTEROL_HOMEOSTASIS","HALLMARK_COAGULATION","HALLMARK_COMPLEMENT","HALLMARK_DNA_REPAIR","HALLMARK_E2F_TARGETS","HALLMARK_EPITHELIAL_MESENCHYMAL_TRANSITION","HALLMARK_ESTROGEN_RESPONSE_EARLY","HALLMARK_ESTROGEN_RESPONSE_LATE","HALLMARK_FATTY_ACID_METABOLISM","HALLMARK_G2M_CHECKPOINT","HALLMARK_GLYCOLYSIS","HALLMARK_HEDGEHOG_SIGNALING","HALLMARK_HEME_METABOLISM","HALLMARK_HYPOXIA","HALLMARK_IL2_STAT5_SIGNALING","HALLMARK_IL6_JAK_STAT3_SIGNALING","HALLMARK_INFLAMMATORY_RESPONSE","HALLMARK_INTERFERON_ALPHA_RESPONSE","HALLMARK_INTERFERON_GAMMA_RESPONSE","HALLMARK_KRAS_SIGNALING_DN","HALLMARK_KRAS_SIGNALING_UP","HALLMARK_MITOTIC_SPINDLE","HALLMARK_MTORC1_SIGNALING","HALLMARK_MYC_TARGETS_V1","HALLMARK_MYC_TARGETS_V2","HALLMARK_MYOGENESIS","HALLMARK_NOTCH_SIGNALING","HALLMARK_OXIDATIVE_PHOSPHORYLATION","HALLMARK_P53_PATHWAY","HALLMARK_PANCREAS_BETA_CELLS","HALLMARK_PEROXISOME","HALLMARK_PI3K_AKT_MTOR_SIGNALING","HALLMARK_PROTEIN_SECRETION","HALLMARK_REACTIVE_OXYGEN_SPECIES_PATHWAY","HALLMARK_SPERMATOGENESIS","HALLMARK_TGF_BETA_SIGNALING","HALLMARK_TNFA_SIGNALING_VIA_NFKB","HALLMARK_UNFOLDED_PROTEIN_RESPONSE","HALLMARK_UV_RESPONSE_DN","HALLMARK_UV_RESPONSE_UP","HALLMARK_WNT_BETA_CATENIN_SIGNALING","HALLMARK_XENOBIOTIC_METABOLISM"
"sample_1",-0.060936663,0.002536323,0.217822135,0.349376463,0.04038632,0.063019431,0.128973281,-0.136829491,0.213964729,-0.078828149,0.046389069,0.116644686,-0.247986478,0.152270457,0.10228172,0.229540535,-0.048908519,-0.078223346,0.145093098,0.066375413,0.036782,0.180135313,0.117334843,-0.128367223,0.017865287,-0.276944009,-0.11098499,0.198294417,0.033450625,-0.086211043,0.163659132,0.252559294,0.128436944,0.161603855,-0.041531829,0.322908673,-0.006242175,0.056552909,-0.090392773,0.049350791,0.032419912,0.122158359,-0.010423768,-0.177792309,0.111880521,0.023579327,0.07684614,0.144275175,0.095110756,-0.071717025
"sample_2",-0.24786981,0.226389121,-0.379808849,0.063521533,0.055588146,0.208806777,-0.040783805,0.045186145,-0.261681918,0.113580026,0.036716725,-0.339103361,-0.142943003,0.224596154,-0.141030122,-0.14477407,-0.280565057,-0.097957291,-0.279810867,0.175904017,-0.132732339,-0.038397545,0.027945388,0.347206703,0.309646925,0.07284354,0.145827744,0.296668883,0.082300217,-0.088018827,-0.26789977,-0.491758294,-0.347945977,0.245714952,-0.238116369,-0.491098618,-0.258977401,0.087591999,-0.379693603,0.048317917,-0.450053368,-0.133035471,0.254137585,-0.27949125,0.375465999,-0.388128318,-0.035731359,-0.095090715,-0.263987859,-0.11421071
"sample_3",-0.397336154,-0.267773821,-0.507084754,-0.133222716,0.002956567,0.121688979,-0.492046778,-0.027245815,-0.350039535,-0.080119012,-0.312793024,-0.392871002,-0.24356713,0.091744782,-0.287357053,-0.29529255,-0.357441549,-0.312156413,-0.31404705,0.133866655,-0.298743944,-0.30695343,-0.320506166,-0.443783725,-0.295889978,-0.666885614,-0.558217554,0.362545739,-0.141178002,-0.379130552,-0.52669218,-0.609757658,-0.25965298,0.22363134,-0.252665981,-0.57405741,-0.479148835,0.237105009,-0.238361746,-0.416716472,-0.588196269,-0.552643687,0.319691972,-0.496833108,-0.527203754,-0.480304104,-0.145212482,-0.313610231,-0.100831797,-0.206498326
"sample_4",-0.04191863,0.378733521,0.395752527,0.007675455,0.05975382,0.128496646,0.212610884,-0.112825566,0.282676392,0.121204194,0.241960662,0.235663482,0.24462291,-0.112684279,0.035427465,0.166503534,0.092053477,0.262917506,0.157559561,-0.292426905,0.234205025,0.063408491,0.089858793,0.255588422,0.149549321,0.59369093,0.548309846,-0.109860699,0.09779183,0.351960606,0.392184995,0.396925874,0.111663917,-0.210712786,0.041875876,0.213256821,0.208261065,-0.016499592,0.056571926,0.225613286,0.344001376,0.136261584,0.039350975,0.318656966,0.253243389,0.344558007,0.115599612,0.170818576,-0.204600838,0.034734662
"sample_5",-0.028533816,-0.100551826,0.165351349,0.342896668,0.203981148,0.308348478,0.265827492,-0.147959864,0.184376157,0.274779042,0.161234209,-0.204091435,-0.100838108,0.270812934,0.260720914,0.273529596,-0.084116606,0.047596493,0.194460396,0.162516403,-0.014739024,0.167953383,0.11553728,0.017454416,0.080830905,-0.153410621,-0.111603775,0.253343357,0.103589574,-0.107196939,-0.004064883,-0.057238801,-0.200861993,0.278318974,-0.203730771,-0.183309429,0.263433239,0.202237093,-0.153021837,0.100818965,-0.112019127,-0.136632107,-0.161009199,0.094823516,0.286968815,0.038521164,0.139808409,0.19799311,-0.207337991,0.014474247
"sample_6",0.335709064,-0.050476015,0.488856599,-0.131960612,-0.04816259,-0.037580904,0.434925581,-0.046033958,0.418775629,0.06847541,0.154507289,0.366174305,0.255118871,-0.153692187,0.285098878,0.382131659,0.330838269,0.2866099,0.39876872,-0.223843196,0.197495306,0.370386087,0.196092878,0.254785913,0.205116627,0.33969536,0.296891868,-0.155851046,0.109272212,0.205878781,0.516855477,0.587500537,0.400243884,-0.171994249,0.190135233,0.546456313,0.415888498,-0.259536998,0.284856685,0.344580366,0.585560187,0.52910576,-0.252872279,0.383291507,0.549009884,0.452394717,0.155250217,0.407869337,-0.010286921,0.210368847
"sample_7",-0.322740369,-0.242311835,-0.404201305,-0.242341423,-0.003419453,0.084162707,-0.404360041,0.110771404,-0.257813676,-0.091023725,-0.264679793,-0.333275665,-0.100728256,0.150393102,-0.210705737,-0.208352733,-0.32355261,-0.166825636,-0.177757185,0.270153225,-0.265937573,-0.200362379,-0.204151074,-0.377659189,-0.231863668,-0.648239274,-0.494615872,0.327940954,0.05698197,-0.283444917,-0.414169955,-0.523370224,-0.266667163,0.110103992,-0.40293045,-0.449371048,-0.415062633,0.274671164,-0.133838331,-0.383598484,-0.444844121,-0.53064826,0.347575682,-0.318996119,-0.448958531,-0.453118304,0.024719604,-0.361284514,-0.051745397,-0.188771003
"sample_8",0.18919349,-0.259764966,0.504605057,-0.3031373,-0.237128454,-0.254878822,0.170366792,0.07277578,0.13885887,-0.184893004,-0.107007413,0.35094588,0.416125797,-0.373500757,0.18269773,0.230880406,0.351548484,0.421845222,0.110123106,-0.285134448,0.223013043,-0.010363308,-0.077984238,-0.326596035,-0.376803162,0.237536382,0.107824485,-0.298177344,-0.124090168,0.326731669,0.355195809,0.637171121,0.241487177,-0.266132429,-0.147541366,0.505225869,0.08468583,-0.309986198,0.372768142,0.307105142,0.600558727,0.257313494,0.009356232,0.254508066,-0.173337839,0.353464016,0.289176262,0.07172098,-0.078397562,0.001102995
"sample_9",0.057299831,-0.272397772,0.406827753,-0.036581146,0.023660895,0.014025768,0.092456071,0.201622019,0.115838336,-0.136529071,0.000879118,0.186044654,-0.075585828,-0.001064929,0.161696068,0.152849963,0.101124866,-0.125126988,0.026352539,0.100599657,0.151909911,-0.031581489,-0.064105742,-0.297993062,-0.328669889,-0.194545876,-0.140674491,-0.048615332,-0.014628418,0.050864823,0.198213865,0.209761711,-0.1962179,0.043711979,-0.261884361,0.273192447,0.146058065,-0.250234356,0.196417036,-0.024817287,0.134352121,0.129564047,-0.013816239,-0.03804571,-0.197405451,-0.074936218,0.168968944,-0.017958422,-0.01036859,0.060297365
"sample_10",0.213583487,-0.343010679,0.518206565,-0.129599341,-0.260058089,-0.179043341,0.080207321,0.031318588,0.303839618,-0.116935577,-0.135877816,0.398594009,0.433144853,-0.287074413,0.167013904,0.178500187,0.343105919,0.424012213,0.145502343,-0.303778363,0.215238402,-0.138406114,-0.122849889,-0.298087058,-0.257915505,0.424073708,0.171595573,-0.233701006,-0.158620291,0.294217607,0.369265321,0.613818547,0.119146886,-0.3274638,0.211621474,0.546572796,0.117614528,-0.26955412,0.310142965,0.170288795,0.619862062,0.307400707,0.044092069,0.240469593,-0.323059094,0.388220264,0.335139984,0.008684486,0.108049291,-0.025001162
"sample_11",-0.220632994,-0.330163953,-0.150430981,-0.205731311,0.122502326,0.252156098,-0.194007033,-0.018501846,-0.1087327,-0.216237517,-0.295831955,-0.170291128,-0.246541633,0.012304297,0.220178773,0.057368719,-0.182752682,-0.21293532,-0.127607263,-0.01077416,-0.137586384,0.043770513,-0.179317823,-0.290269484,-0.24904153,-0.513031214,-0.441132045,0.256809546,-0.187294438,-0.004212307,-0.282568874,-0.174473733,-0.222942007,0.201932677,0.045464325,-0.276574326,-0.176832502,-0.126572434,-0.094578469,-0.170281939,-0.346565445,-0.275283863,0.118556084,-0.262625207,-0.235963511,0.012871968,-0.029688389,-0.16842403,0.158249343,-0.211636592
"sample_12",-0.26622029,-0.055274794,-0.301242152,0.010502925,0.070292472,0.099449946,-0.205857433,0.162112213,-0.247317666,0.061016301,-0.059646522,-0.337691152,-0.093619762,0.171270567,-0.022488525,0.026967065,-0.319302298,-0.09222962,-0.13241407,0.318125646,-0.071693826,-0.017965889,-0.126419587,-0.182104587,-0.095098498,-0.41869966,-0.364776501,0.304254213,0.037414153,-0.197629742,-0.327593851,-0.389559021,-0.310847826,0.232863756,0.030528364,-0.429819957,-0.147382982,0.151434832,-0.084876661,-0.204016972,-0.389603466,-0.306931794,0.121594203,-0.150944263,-0.150103186,-0.265067832,0.151617751,-0.112240749,0.231361991,-0.021701806
"sample_13",-0.405101802,-0.113604728,-0.511560197,-0.017513038,0.127068429,0.209973442,-0.386733082,-0.054711028,-0.3643984,-0.047058865,-0.292956121,-0.362986339,-0.309463365,0.144764062,-0.187703199,-0.165184865,-0.444764917,-0.356199577,-0.321655737,0.258110065,-0.267239593,-0.176680714,-0.233568863,-0.184527313,-0.110694992,-0.645259621,-0.508458889,0.395133072,-0.123636673,-0.370670895,-0.516591369,-0.635975613,-0.219273987,0.294327002,-0.109801453,-0.594209331,-0.380038528,0.345809146,-0.404923007,-0.392252255,-0.618624676,-0.438961232,0.221607362,-0.387882756,-0.322129929,-0.528385888,-0.311822724,-0.26156225,0.109130427,-0.207216791
"sample_14",0.257810968,-0.406058584,0.402907944,-0.264569552,-0.061349663,-0.051409243,0.038405004,0.069215628,0.225012636,-0.235355542,-0.252919883,0.291027201,0.267684754,-0.310548617,0.199841329,0.190657745,0.176155483,0.259816998,0.097613177,-0.035874802,0.175665955,-0.107445705,-0.165412538,-0.36056497,-0.440433998,-0.414596873,-0.386887393,-0.202495224,-0.249940448,0.252765941,0.246059523,0.517735947,-0.004863255,-0.250038582,-0.210257504,0.385706027,0.138950896,-0.160822066,0.33042994,0.091666457,0.429288361,0.108511651,0.024894667,0.205010775,-0.390610921,0.264116306,0.187385274,0.10473368,-0.215935218,0.017620622
"sample_15",0.148534668,-0.227683985,0.305080209,0.372768323,0.27768001,0.041388098,0.213606667,-0.228584596,0.147359163,0.17806195,-0.01298677,0.298799967,-0.188237288,0.476226563,0.305178811,0.16098732,0.052191979,-0.164362379,0.119594878,-0.095690142,0.164328622,0.224389431,-0.019505659,-0.189637084,-0.250500255,-0.089459299,-0.145030158,-0.221502153,-0.078883192,0.236406361,0.102983893,0.304750294,0.294959266,0.130896672,0.262466063,0.392776083,0.261025254,-0.372166421,0.062666647,0.091453326,0.078614191,0.34086651,-0.19125683,0.583745824,0.317747654,0.250274455,0.348767161,0.222858981,0.350857321,0.055707278
"sample_16",0.292685595,-0.033973178,0.556571694,0.115999955,-0.217778243,-0.139818802,0.294910795,0.012987849,0.241182294,-0.103088754,0.014307806,0.306586159,0.46250247,-0.110609804,0.210562273,0.166240083,0.306155655,0.47302535,0.166640773,-0.21554663,0.218704478,0.067938954,0.015800795,-0.047969155,-0.099329118,0.518670073,0.335349656,-0.282562198,0.02920983,0.315371433,0.48195173,0.62945993,0.336991537,-0.318837782,0.092673419,0.476030864,0.256897236,-0.271164468,0.229992197,0.31803173,0.627600577,0.201364755,-0.107554387,0.419858082,0.021457605,0.475103935,0.337935322,0.079374852,0.111761135,0.049957115
"sample_17",-0.340894702,0.006656389,-0.433004527,0.160489892,0.057305192,0.133307662,-0.315446104,-0.020372706,-0.376057435,0.038185121,-0.048785073,-0.297423839,-0.190002668,0.251652227,-0.124259164,-0.058695595,-0.385121494,-0.165997505,-0.247322546,0.452707469,-0.156288043,0.00212607,-0.017418313,-0.032858809,0.166245388,-0.328804086,-0.207425866,0.333933648,0.169014573,-0.26345155,-0.400980235,-0.549787445,-0.302078859,0.265615053,-0.415489544,-0.524224048,-0.305503339,0.316570005,-0.405949797,-0.283416392,-0.53957245,-0.338891114,0.30139788,-0.298154876,0.128308797,-0.431082715,-0.081186707,-0.12943435,-0.172128912,-0.119827121
"sample_18",0.250022845,0.009428977,0.436987086,-0.143210488,-0.138667474,0.04916586,0.325655525,-0.049544822,0.130522798,-0.061131515,0.098383807,0.288750814,0.207902572,-0.30784674,0.272779433,0.36838733,0.328264445,0.290307306,0.28079675,-0.102442214,0.212967489,0.202277255,0.128584078,0.15600789,-0.027223357,0.522402337,0.435907659,-0.326256371,-0.003416911,0.367209921,0.326131028,0.496291159,0.238389398,-0.269899909,0.267244174,0.460989891,0.283779257,-0.398395512,0.253402212,0.31108834,0.548047356,0.268324173,-0.144582573,0.4223231,0.24232786,0.309857575,0.155204302,0.259507549,-0.097817408,0.165510953
"sample_19",0.213043308,0.083318848,0.436135256,0.225749751,-0.041255726,-0.198037803,0.215193268,0.041895308,0.153197343,-0.057794054,-0.008594408,0.190941844,-0.081793779,-0.151394865,0.24640198,0.184730319,0.285545388,0.09509355,0.221600174,-0.17597071,0.146750682,-0.00674449,0.025910807,0.148857599,-0.117498795,0.452640466,0.318846312,-0.053318957,0.052499904,0.241218093,0.301819791,0.441606474,0.129751833,-0.194836892,0.352738439,0.438788985,0.273455147,-0.369117303,0.15175529,0.328522986,0.512284344,0.381306819,-0.111291496,0.26669024,0.104512694,0.278372792,0.08219519,0.064320287,0.223885377,0.155571634
"sample_20",0.344411414,-0.157552127,0.48045998,0.015260945,-0.003167365,-0.044157349,0.436242859,0.040485203,0.351816583,0.027887425,0.069071171,0.339753613,0.066453948,-0.162140735,0.36925193,0.332147908,0.315497718,0.169226001,0.380885738,-0.175157567,0.361533545,0.354014771,0.08198414,0.077146464,-0.042255823,0.531632644,0.362582694,-0.133137937,0.035253827,0.171919973,0.439629041,0.533894983,0.164516169,-0.17818136,0.21817089,0.563909051,0.42355439,-0.085444498,0.270220701,0.372840618,0.625837282,0.495314305,-0.276072204,0.342521413,0.410894903,0.464451904,0.125065879,0.424687979,0.031813785,0.300682341
"sample_21",0.092079879,0.078825124,0.344298255,0.196109864,0.123876868,0.126672736,0.319190959,-0.22265807,0.165377565,0.188424068,0.166918234,0.100718872,0.212201231,-0.0465478,0.160578941,0.22912535,0.146860654,0.325292919,0.272494952,-0.100149071,0.210288046,0.24457518,0.159653471,0.239026334,0.30348066,0.220229049,0.29572568,-0.083690071,0.18100682,0.189885851,0.329117313,0.487646638,0.409760678,-0.002489176,-0.014225838,0.281920094,0.314255434,-0.25156372,-0.012041221,0.314635753,0.368393049,0.381389968,-0.286461314,0.392261879,0.480716072,0.354080441,-0.009264532,0.240844279,-0.000614654,0.05339096
"sample_22",0.14639836,-0.0286303,0.283345612,0.247378569,0.064169224,0.011053736,0.295315034,0.081714473,0.163350575,0.159915724,0.083693845,-0.042467309,-0.058374739,0.113981914,0.153567075,0.044397514,0.196422923,0.105016634,0.228054183,-0.138590998,0.126233356,0.246813347,0.088093845,0.190726284,0.086315187,0.276865289,0.145033726,0.036702653,0.131564742,0.072948668,0.248135436,0.087031674,-0.186750643,-0.022069355,0.207464774,0.108035351,0.170140402,0.189996849,0.100283857,0.278228688,0.281782119,0.180570044,-0.038516274,0.100629414,0.342188732,0.030318235,0.179128072,0.116145531,-0.182038336,0.066967554
"sample_23",0.224706987,-0.031942108,0.504517595,-0.065829125,-0.152180634,-0.143975879,0.296703436,0.018855352,0.09125791,-0.165879814,0.143607429,0.309932978,0.16828624,-0.17122122,0.222478809,0.229463764,0.229049139,0.214133398,0.268596521,-0.007453081,0.185226037,0.314585206,0.074279073,0.215208043,0.233932586,0.589607573,0.463713892,-0.206138623,0.058528088,0.130221665,0.355653565,0.496954994,0.203626848,-0.215142803,0.046309981,0.44399414,0.31747383,-0.115169249,0.236626467,0.303871637,0.523414293,0.415819745,-0.027046253,0.280851049,0.412277437,0.31253765,0.210264043,0.310056662,0.133255483,0.229423784
"sample_24",0.155735701,-0.269673272,0.313100625,-0.119777905,0.034402517,-0.060016226,0.370004884,-0.157228842,0.100336718,0.064372394,-0.078566277,0.080537495,-0.236058639,-0.063228668,0.357159167,0.400072459,0.137565934,0.033870647,-0.007070275,0.327465144,0.131895609,0.23302655,0.056049174,-0.099615352,-0.106063299,-0.308360398,-0.11586801,0.087138863,-0.013736504,0.17466284,-0.010469382,0.101843091,0.026499459,0.065387295,0.247191271,0.111226256,0.325096441,-0.056041775,-0.010963323,0.129169654,0.040513687,0.292875382,-0.171242911,0.43678608,0.423570501,0.104326049,0.113052604,0.351297014,0.226518978,0.122144787
"sample_25",0.126381707,-0.325168353,0.421697118,-0.40926517,-0.348707894,-0.322255894,-0.108137942,0.154892391,0.140062549,-0.191867269,-0.230628256,0.374620617,0.204356417,-0.382435749,0.007974974,0.012951933,0.293500845,0.116256387,-0.011471272,-0.307672666,0.197925389,-0.26467914,-0.204078483,-0.38450021,-0.402410435,-0.274414666,-0.261186036,-0.329256068,-0.25304965,0.162448093,0.275180191,0.473936642,0.14623085,-0.274501902,-0.081384273,0.454005868,0.023388996,-0.253546466,0.325910872,0.148591915,0.593675586,0.357630267,-0.01880033,0.258935799,-0.397104649,0.321195827,0.271428596,-0.141802737,-0.06448127,0.033200781
"sample_26",0.128148753,-0.174261779,0.38519648,-0.036048145,0.062714264,-0.109977882,0.182029355,-0.082545472,0.088345927,-0.019468183,-0.113914809,0.207987063,-0.04608913,-0.193180008,0.239282635,0.258162425,0.274121085,0.070639758,0.29585989,0.069657181,0.217034576,0.193864579,-0.044687166,-0.069865003,-0.104777773,0.214219649,0.214858958,-0.175415489,-0.116661722,0.159728595,0.258469289,0.273839111,0.180678059,-0.100605868,0.29094257,0.328783613,0.210560133,-0.290617418,0.231556554,0.191644516,0.278030789,0.24962537,-0.218245766,0.095819945,0.136463977,0.361420892,0.192121422,0.166728579,0.178258504,0.148385921
"sample_27",0.318249354,-0.306585945,0.497128852,-0.325677824,-0.169158404,-0.240485744,0.184666902,0.092175698,0.442540227,-0.114478245,-0.164406558,0.442652566,0.128903298,-0.344852549,0.223150881,0.207463632,0.459212339,0.047844452,0.279929791,-0.277247478,0.253235335,0.046740088,-0.128470684,-0.291459648,-0.357973425,0.018772213,-0.058171783,-0.306941978,-0.296767855,0.058059107,0.462013456,0.593160054,0.210620857,-0.29146056,0.172660181,0.643535604,0.333009733,-0.35658903,0.445642217,0.325771954,0.487721212,0.461950911,-0.097366979,0.227264054,-0.226976574,0.437023285,0.218320068,0.214699263,0.114662567,0.118667436
"sample_28",0.13237896,-0.315521016,0.407311057,-0.143217572,-0.158446856,-0.166923473,0.062712068,0.063405179,0.345803649,-0.164207626,-0.157798588,0.324511723,0.039103618,-0.239897515,0.198407099,0.210448609,0.287776087,0.105018905,0.196004772,-0.34571848,0.093960805,-0.080850876,-0.169675667,-0.407970335,-0.367266523,-0.013136253,-0.060215743,-0.213820646,-0.2932311,0.183575131,0.315389811,0.542415158,0.17783855,-0.287504411,-0.02636699,0.482790356,0.174442755,-0.308549993,0.317742276,0.13583904,0.477608714,0.342115265,-0.124586264,0.147905523,-0.381844527,0.284593161,0.260337584,-0.002644546,-0.036558094,0.058803778
"sample_29",0.058615481,-0.04164608,0.098497649,-0.001211947,0.08020381,0.200893268,0.084641942,0.082221248,0.100682956,0.086444523,0.080691102,-0.087687645,0.049119278,-0.142291758,0.270571846,0.272979584,0.202590282,0.129166819,0.061719287,-0.093976159,0.098598514,-0.017049847,0.009458691,-0.010588727,-0.077399415,0.077038478,0.058907707,0.004230697,-0.13879024,0.169694395,0.091517005,0.433167217,0.121982196,-0.104992202,-0.380665251,0.303080672,0.02791971,0.038211613,0.210783635,0.011059941,0.277357512,0.190294685,-0.011511002,0.152686882,-0.021361138,0.26814062,0.006721315,0.169880116,-0.286198344,0.14235294
"sample_30",-0.138715861,-0.159850546,0.159370636,-0.038552037,-0.099572845,-0.12363381,0.004022496,-0.123347216,-0.094375163,-0.049708926,-0.032601827,-0.086615643,-0.099617926,-0.185592319,0.172906777,0.063004734,0.130521907,-0.028587153,0.07236787,-0.163351292,0.074449603,-0.033508213,-0.191912781,-0.225984388,-0.102720749,0.277461298,0.177796476,0.026378607,0.004459708,0.106692187,0.025682062,-0.028604395,-0.11240787,0.187205209,0.138064889,-0.113299051,-0.051750617,0.122100103,0.006197327,-0.022872854,0.215562589,0.051615258,-0.159519896,-0.184432076,-0.24702765,0.014427569,0.065770119,-0.058059073,0.010193024,0.102594305
"sample_31",0.188008221,0.049802171,0.385117091,0.240462501,0.127514365,0.251116604,0.305770796,-0.003787568,0.103511967,0.151520541,0.077418013,0.082999738,-0.031064309,0.048991841,0.323936348,0.328898913,0.222452486,0.104701992,0.225045497,0.156492647,0.220086199,0.241166717,0.169430003,0.245217778,0.156398786,0.472962649,0.40246556,0.014003621,0.121423072,0.033704923,0.22497162,0.352257241,-0.02288677,-0.085435844,0.081332939,0.370056671,0.372100491,-0.244308941,0.230367499,0.251087357,0.397130946,0.422972121,-0.291760021,0.420699216,0.381696565,0.274304472,0.179100344,0.407333143,0.089081424,0.164473166
"sample_32",-0.197741998,0.241966539,0.134881459,-0.027059896,0.098166699,0.186017937,0.225966979,0.045637519,-0.102567903,0.211558836,0.28418535,-0.262327132,-0.172231111,0.25452659,-0.057437042,-0.024486924,-0.310593687,-0.090501405,-0.070997526,0.101163387,-0.085286368,0.100312229,0.156379135,0.383684562,0.381684477,0.445947919,0.41701622,0.273202767,0.277343986,-0.11298158,0.068274982,-0.362501995,-0.398831421,0.103595506,-0.267120131,-0.469622967,0.061483712,0.119102928,-0.247892783,0.175048899,-0.242369383,-0.022010159,0.107919823,0.159312031,0.523789781,-0.203039,0.118343463,0.177409399,-0.222882538,-0.035878446
"sample_33",0.104770284,-0.227656188,0.447314138,-0.268075609,-0.019005273,-0.065309993,0.153868344,-0.156438693,0.330951543,-0.09352447,-0.096017027,0.308004479,0.178192908,-0.234538772,0.29463494,0.356340832,0.209210061,0.293135522,0.248550366,-0.052887782,0.107737731,0.212875525,-0.067721987,-0.113039127,-0.273618147,0.490149977,0.292430689,0.015537124,-0.26216643,0.314159364,0.245311564,0.441450587,0.277345909,-0.186130121,0.191792158,0.354618854,0.166281735,-0.266213789,0.23074672,0.081813571,0.303737533,0.355213418,-0.03193743,0.153435594,-0.07763282,0.329069611,0.15772317,0.202620596,-0.153690688,0.0950684
"sample_34",0.075588535,0.394452102,0.45167848,0.338683263,0.35676621,-0.039477591,0.448964662,-0.072391856,0.286759291,0.422770182,0.482893569,0.043708534,-0.143477376,0.321416691,0.213444486,0.342945233,0.138418078,0.039098349,0.29857839,0.013519117,0.173422645,0.422868165,0.409412248,0.478628655,0.517011819,0.648093315,0.574043476,0.136151588,0.4824818,0.074928018,0.464828119,0.364207293,-0.122699956,0.034571539,0.079730003,0.289573835,0.346641726,0.220490294,0.132345827,0.41536367,0.393852493,0.546870625,-0.234413586,0.474425033,0.641161973,0.363283372,0.139930935,0.417129111,-0.090018919,0.18131703
"sample_35",0.323255944,-0.070519287,0.559690124,-0.035902406,-0.134000454,-0.208751516,0.363741624,0.014920694,0.295623069,0.06792923,0.114216081,0.36568179,0.188111099,-0.140176449,0.315045321,0.327591132,0.32236905,0.242468232,0.319906629,-0.297053708,0.291924852,0.242969062,0.151400345,0.241822763,0.143664759,0.551049266,0.449269003,-0.225882817,0.120132549,0.164713059,0.460711282,0.529188703,0.226411891,-0.218183792,0.157902908,0.526206763,0.377262572,-0.274910801,0.223681526,0.337504105,0.622226718,0.444036689,-0.226854824,0.507386749,0.431908267,0.476433674,0.237478631,0.326599804,-0.120561897,0.246454088
"sample_36",0.146509593,0.108140119,0.340882772,-0.269065454,0.041681578,-0.004338975,0.328001429,-0.140284077,0.265545801,-0.070300012,0.064948467,0.258903902,-0.150620948,-0.241403976,0.253358911,0.242584982,0.247098528,-0.025933327,0.252153353,-0.394460177,0.17000764,0.050533226,-0.029857918,0.026599178,-0.106937417,0.405276828,0.35916542,-0.046614178,-0.074672414,0.171094269,0.252487127,0.339857576,0.21472511,-0.106322058,0.13704913,0.368193126,0.28957619,-0.155843722,0.170317693,0.128237092,0.33410132,0.30379486,-0.276195964,0.008300394,-0.022706296,0.133081453,0.149573651,0.040672967,-0.174366619,0.16082954
"sample_37",-0.024150559,0.188563567,0.200517411,-0.00319543,0.218005763,0.156361565,0.233379515,0.003703003,0.10300995,0.012432951,0.218143829,-0.06046877,-0.247309817,0.116546581,0.01826497,0.079548065,0.027439662,-0.17821147,0.073912926,-0.080743874,-0.002627652,0.246381898,0.117232153,0.257132724,0.240347769,0.021484421,-0.05776712,-0.11960117,0.103982934,-0.088367065,0.144171787,0.091879438,-0.19683573,0.17765271,0.026830403,-0.020620158,0.181830164,-0.157494637,-0.080498224,0.225261252,0.213121242,0.240512259,-0.242004573,0.326110316,0.350208042,-0.070949717,0.176039893,0.097911371,-0.099160698,-0.042718107
"sample_38",0.015514257,0.042319504,0.407223988,0.228325403,0.116757033,0.110943523,0.170617667,0.014615139,0.19343134,0.082352528,0.135088077,-0.102379199,-0.090819963,0.106089537,0.2766725,0.253795847,0.090258676,0.034093658,0.234521,-0.063019247,0.084825471,0.242732547,0.204599716,0.221334052,0.252763969,0.323369238,0.328421114,-0.014043275,0.187623562,0.135232338,0.236786852,0.167963558,-0.130831457,-0.022888786,0.114165371,0.141257681,0.296386972,-0.066199383,-0.051253029,0.235756824,0.2155614,0.212056926,-0.131078444,0.356698946,0.498201608,0.293821561,0.206467236,0.258098589,-0.143801601,0.156277358
"sample_39",0.263865039,0.150764153,0.46744523,-0.087810355,0.02619452,-0.100589814,0.357165272,0.033564737,0.306072166,0.115535952,0.316604146,0.197511095,-0.021489722,-0.208096757,0.271306151,0.321484607,0.357683619,0.022222905,0.309556083,-0.441944762,0.224676661,0.268196609,0.154042428,0.411162849,0.335837208,0.508021875,0.447029216,-0.170684252,0.130396712,0.093304398,0.463400298,0.4584966,0.068088145,-0.208743036,0.135907161,0.53878897,0.337081644,-0.217779805,0.053897596,0.335564414,0.560003692,0.485608024,-0.313636917,0.359030359,0.544013363,0.419483311,0.000241553,0.32386349,-0.154092204,0.199731933
"sample_40",-0.254767576,0.013874629,-0.116602188,-0.089580384,-0.039656124,0.314252746,-0.265756706,0.147828025,-0.28038323,-0.077400462,-0.029487699,-0.319839558,-0.135293467,-0.03775137,-0.1153672,-0.183964522,-0.421285522,-0.066698377,-0.277598256,0.355207984,-0.154756186,-0.086012839,-0.040181882,-0.089551103,-0.224967862,-0.46517941,-0.357115268,0.033839013,-0.090996969,0.030998999,-0.252209317,-0.4088082,-0.128223267,0.092882011,-0.210197412,-0.440226445,-0.338279345,0.335564036,-0.175457309,-0.182907004,-0.326882067,-0.467307033,0.018564216,-0.426801036,-0.323193891,-0.35137695,-0.062339549,-0.147268238,-0.251486423,-0.101524244
"sample_41",0.259485355,-0.327714418,0.395326014,0.049668436,0.002835005,0.086653825,0.31160526,-0.069403353,0.256767476,-0.022804097,-0.161497073,0.227777807,0.174814037,-0.007579261,0.325865079,0.251754532,0.269777873,0.238440973,0.16762885,-0.064171543,0.134644453,0.155800953,-0.05738114,-0.163957605,-0.213266104,-0.260917196,-0.240029125,-0.017976333,-0.182732146,0.099358442,0.279638518,0.470841897,0.35522363,-0.027897827,0.021794501,0.403532311,0.351513928,-0.370491718,0.24578266,0.150024169,0.404646415,0.339863922,-0.09511546,0.298460594,0.337675101,0.344214177,0.285281824,0.305544481,0.049696034,0.158648377
"sample_42",0.275989328,-0.307226299,0.487512438,-0.202170694,-0.067476225,0.06509269,0.311140516,-0.004287517,0.448781443,-0.100300663,-0.087400089,0.329203746,0.18326537,-0.28106666,0.25817989,0.254886462,0.314979029,0.343861943,0.326109097,-0.291792089,0.23903264,0.145494884,0.001382236,0.036133569,-0.17201734,0.55884578,0.385731165,-0.14524527,-0.147544944,0.294831159,0.408257405,0.418515448,-0.155702437,-0.205446943,0.291065375,0.501190171,0.356522763,-0.346555038,0.321514615,0.380026647,0.487034211,0.4368149,-0.313787233,0.357139082,-0.040565893,0.364330362,0.149903083,0.201494137,-0.213244686,0.068422114
"sample_43",-0.333914783,-0.275018895,-0.296771412,-0.008481473,0.044477326,0.259325308,-0.359940658,0.058143708,-0.421543283,-0.024463308,-0.253390946,-0.410488656,-0.22119891,0.15154982,-0.075806701,-0.036087171,-0.348243824,-0.187918985,-0.143079262,0.188520315,-0.250656822,-0.146649722,-0.273835335,-0.449323734,-0.328520875,-0.57895381,-0.496548041,0.368776235,0.008196433,-0.160247463,-0.426326243,-0.438424495,-0.294835168,0.241508306,-0.203041104,-0.486183004,-0.382654166,0.267700846,-0.31537539,-0.3729556,-0.405356989,-0.431169326,0.312946106,-0.425079339,-0.461324681,-0.39810328,-0.129168779,-0.258819171,-0.161836582,-0.07536293
"sample_44",0.018684598,-0.210614349,0.214112595,-0.100403583,0.125837521,0.294975961,-0.042805552,-0.064333971,-0.146733599,-0.088708984,-0.087741067,-0.06866912,-0.179284221,0.03615136,0.171524225,0.253383903,0.009437264,-0.121367446,0.055382543,-0.020638338,0.054635085,0.033041943,-0.047236259,-0.24728824,-0.038412408,0.299209371,0.054940363,0.286828393,0.053339677,-0.128089116,-0.084968265,0.006548124,0.039566971,0.173103556,-0.042897955,-0.163351607,-0.002775724,0.344921398,-0.088268151,-0.087615776,-0.277286353,-0.071248938,-0.048807163,-0.2230012,-0.141141798,-0.088092866,-0.097089581,-0.022476861,-0.043147931,0.005775916
"sample_45",0.281172718,-0.358044182,0.451768976,-0.18536525,-0.199744552,-0.181987143,0.061030091,0.054758052,0.342219933,-0.226663575,-0.297599403,0.399504619,0.3978454,-0.347151388,0.071997644,0.152685292,0.425618702,0.364639187,0.154156905,-0.285766123,0.142129769,-0.078591023,-0.188963594,-0.368245074,-0.422577524,-0.02465782,-0.078914563,-0.267246591,-0.281488731,0.309204913,0.408721791,0.618346267,0.244030785,-0.321769317,0.15884217,0.605055451,0.201357779,-0.255193035,0.430394756,0.251315625,0.571442602,0.357624324,0.039675124,0.208566739,-0.361084119,0.396491889,0.235700222,0.057563684,0.074698975,0.064140544
"sample_46",-0.192101007,0.369250895,0.076310454,-0.05311126,0.219834645,0.347050048,0.286857876,0.109586286,-0.020067801,0.19479693,0.361068054,-0.291458848,-0.291478363,0.258967208,0.186722631,0.176476813,-0.094722086,-0.169844426,-0.007059455,-0.127000508,-0.000534431,0.237188851,0.27598804,0.475370661,0.42933039,0.430348833,0.42146686,0.301334339,0.264913261,-0.184328656,0.122219563,-0.08685618,-0.202100981,0.312542348,-0.018709691,-0.321553694,0.256957291,0.125898997,-0.004545939,0.19412013,-0.281826588,0.27476363,0.090425826,0.03235314,0.484005315,0.04215981,-0.073570099,0.055512048,0.060901362,0.022666318
"sample_47",0.233276024,-0.311356487,0.425891929,-0.068920219,-0.017166666,0.043711307,0.202483018,-0.104276473,0.252032353,-0.067039635,-0.131849012,0.210297217,0.277319622,-0.162650451,0.225335377,0.291457487,0.208686508,0.357675694,0.39911939,0.052990044,0.180708979,0.237700364,-0.020297782,-0.316117906,-0.330877818,-0.343284762,-0.215992965,-0.069887698,-0.144280682,0.331102659,0.327355247,0.530261915,0.093619644,-0.05143976,-0.050193754,0.462658715,0.203255953,-0.071223807,0.238977629,0.089543938,0.476314049,0.304777279,-0.050774666,0.270382261,-0.209168093,0.304670323,0.231236054,0.209066333,-0.011821353,0.077781645
"sample_48",-0.026793622,0.592113277,-0.018030681,0.226113377,0.186589361,0.202820866,0.425614057,-0.099316127,0.269801741,0.136458557,0.360930133,0.142195392,-0.203743648,-0.116439464,0.230659882,0.120204142,-0.133766625,-0.021017293,0.135220152,-0.019191509,0.074937356,0.389007445,0.37837954,0.545586143,0.561983723,0.723847177,0.706527794,-0.023639587,0.205637561,0.066357549,0.275859893,0.210825234,0.004143039,0.093685044,0.136531278,-0.098446174,0.318289137,-0.317963767,-0.104781883,0.343936312,-0.093118646,0.410598497,-0.220287181,0.380405157,0.671454315,0.183740267,-0.038386257,0.304609622,0.271840857,-0.01855583
"sample_49",0.186047252,-0.121680179,0.446492969,-0.020883109,-0.096774052,0.156062632,0.194395999,-0.036828184,0.276003252,-0.026655886,-0.042440394,0.204814988,0.022514211,-0.266998728,0.23782622,0.237401431,0.155022691,0.007289065,0.208642651,-0.109250729,0.148352597,0.1520963,-0.129644116,-0.195329051,-0.229711394,0.234194512,0.178098046,0.070368967,-0.09547612,0.16802462,0.23914475,0.307342973,-0.032564031,-0.223824036,-0.225026118,0.356033307,0.280575799,-0.185517037,0.089154186,0.150321277,0.50936185,0.338309969,-0.240385919,0.315822803,0.134127054,0.236406532,0.194987706,0.124858602,-0.23309912,0.074546421
"sample_50",-0.198371572,-0.310113476,0.120312877,0.047527317,0.156075616,0.368656177,0.005808351,-0.131449843,0.009946427,0.208671177,-0.094981003,-0.224226901,-0.222243547,0.134712965,0.14386022,0.026331365,-0.18243507,-0.185306708,-0.114799909,0.068214658,-0.09885219,0.064586005,-0.059437775,-0.268558879,-0.219155892,-0.560014665,-0.468350511,0.276310212,-0.062608742,-0.242406287,-0.269735472,-0.421744749,-0.388946607,0.34257301,-0.154760969,-0.357523324,0.108885336,0.218104063,-0.268696871,-0.022769955,-0.325914572,-0.406231867,0.012406548,-0.036777386,0.047368208,-0.17741413,0.034138373,0.012924454,0.030699847,-0.071108498
"sample_51",0.077167433,-0.071804565,0.402534209,0.038898424,0.096985896,-0.027908016,0.237484193,0.077064045,0.353995555,-0.005652097,-0.066402293,0.121515986,0.199210345,-0.086659658,0.207902434,0.308256881,0.215139892,0.319605213,0.186248975,0.11279704,0.16103362,0.070753863,-0.005072075,-0.220834304,-0.044656747,0.198257467,0.134232139,-0.03605908,0.017832968,0.238618817,0.318171307,0.481608288,0.2346172,-0.239599469,0.058607554,0.325082591,0.138112091,-0.124587257,0.25948079,0.106701816,0.419203657,0.36887875,0.005913018,0.246477741,0.103641614,0.202923959,0.270799564,0.111486766,0.134309118,0.030493185
"sample_52",0.33474922,-0.067603333,0.5497196,0.128748798,0.033151489,0.154820922,0.357036085,0.040414518,0.398357782,0.00735285,0.160965286,0.059905792,-0.067836162,-0.035490393,0.375917273,0.3222511,0.252349159,0.124126433,0.388355903,-0.134572443,0.226348171,0.383189779,0.169317467,0.301219721,0.28965688,0.045183288,0.139272501,-0.005312773,0.091598693,0.201877859,0.457602459,0.353747136,0.183320469,0.019739618,0.203944123,0.487627126,0.332017257,-0.138673562,0.046540771,0.25344703,0.440556605,0.420377992,-0.180230348,0.230324857,0.533600005,0.378029437,0.228934841,0.340931407,0.059206593,0.121789571
"sample_53",0.155923828,-0.230423998,0.44620037,-0.057635775,-0.020212686,-0.002710914,0.238191473,-0.0403021,0.314110546,-0.068123431,-0.065864888,0.342623491,0.409423136,-0.085271812,0.262291822,0.306577353,0.270717448,0.466717389,0.224854547,-0.138179545,0.072147505,0.082667292,0.005687739,-0.07309634,-0.146129802,0.008763006,-0.037316616,-0.221128842,-0.136121336,0.384144429,0.395306492,0.598644918,0.336323257,-0.302124113,0.349323366,0.470640997,0.163565353,-0.302888303,0.184235006,0.306083462,0.504665841,0.280711825,-0.103653909,0.209889492,-0.015232648,0.355863769,0.278032066,0.087618055,0.068000389,0.099454126
"sample_54",0.182585711,0.113120798,0.428463435,0.034081928,0.005488705,0.095852576,0.34927472,-0.001069173,0.307903714,-0.023363203,0.045133823,0.2793316,0.441484099,-0.190902851,0.264580387,0.269312436,0.309200374,0.472110672,0.274156816,-0.112598729,0.198812002,0.024444226,0.031849826,0.092064306,-0.007709167,0.285932123,0.282648906,-0.226030018,-0.09089396,0.404294571,0.373899187,0.558423525,0.368160922,-0.257608294,0.157077172,0.427392027,0.261620295,-0.458531835,0.289337371,0.285539066,0.543110429,0.319053628,-0.111073184,0.215561715,0.080805385,0.394860058,0.254848507,0.077235379,0.13199178,0.109105792
"sample_55",0.212287288,0.021834301,0.444524481,-0.304758533,-0.21896978,-0.030195214,0.3222483,0.07739851,0.209198681,-0.074909276,0.012919371,0.37366754,0.295343404,-0.269760283,0.248439613,0.262077173,0.393551085,0.334495811,0.242356506,-0.220339145,0.215888242,0.072964329,-0.031955811,0.058450474,-0.122979536,0.468580206,0.401393348,-0.27335079,-0.093892823,0.256660408,0.418625665,0.595176957,0.231561443,-0.289284506,-0.226106325,0.540866968,0.266215392,-0.386401057,0.382027129,0.182281886,0.559848254,0.339215369,-0.038619025,0.327265842,0.255743985,0.418075744,0.299785526,0.227462901,-0.232209503,0.095886688
"sample_56",0.207414725,-0.069931356,0.410585099,-0.039925514,-0.102552771,0.088937411,0.239203813,-0.049634729,0.337128992,-0.031166157,0.113549409,0.256093171,0.150255169,-0.221366377,0.161071879,0.282544099,0.310220065,0.220673484,0.170671898,0.072715927,0.193840849,0.133351673,-0.004892355,0.122187987,-0.000752214,0.683550404,0.515115184,-0.1722401,-0.00106503,0.146169318,0.421979218,0.507619228,0.047846616,-0.247353081,0.161768999,0.417016865,0.191631735,-0.17429236,0.206287097,0.193067468,0.413691063,0.431727464,0.019970949,0.16583617,0.208479264,0.406805305,0.219283197,0.173811308,-0.12298225,0.184725308
"sample_57",0.003854556,-0.00829364,0.290269759,-0.072246674,0.176370388,0.309928946,0.257490586,0.163313019,0.351118834,0.190665528,0.10396822,-0.027736662,-0.103018163,0.13457593,0.240251145,0.24964307,0.008757237,-0.085171949,0.165657241,0.005399445,0.093514907,0.221262705,0.10357063,-0.027405254,0.135173333,-0.093144484,-0.067467472,0.196032865,0.148773057,-0.161108823,0.248786562,0.125129398,-0.097132859,0.16355915,-0.084857704,0.199397889,0.167324569,0.034554559,0.085101913,0.227894242,0.144675074,0.322670743,0.189144411,0.028699345,0.400487063,0.005093359,-0.113581104,0.202279794,0.004074288,0.169511247
"sample_58",-0.038131273,0.053718652,0.255892316,0.21016928,0.135389729,0.116837545,0.21413405,0.134367562,0.064037775,-0.010853633,0.136533019,0.193952918,0.109521758,0.117464134,0.191779187,0.241648065,0.058526436,0.302940136,0.125440813,0.268507868,0.045142308,0.120934901,0.1283913,0.314973656,0.393890812,0.599433346,0.467147971,0.034816936,0.078132244,0.247757126,0.068193431,0.087219044,-0.176034249,-0.074137937,0.07706018,-0.115751323,0.171224423,-0.208376275,0.086784874,0.126927707,0.117366444,0.066897033,0.059700397,0.186702966,0.532426352,0.21423451,0.180307212,0.141055521,0.061927825,0.072771715
"sample_59",0.149703761,-0.402854525,0.426531722,-0.060316752,-0.192431005,-0.044814937,0.065687939,-0.005515818,0.058379106,-0.177781483,-0.181567749,0.1800124,0.245056292,-0.197239226,0.226018242,0.075748427,0.28977327,0.225035435,0.159078464,-0.152345915,0.14628307,-0.10309106,-0.191980026,-0.393887229,-0.380920097,-0.139060264,-0.179588899,-0.285256655,-0.195053412,0.358245431,0.25431331,0.413430039,-0.120437087,-0.2102078,0.19376484,0.354688711,0.158547007,-0.318804264,0.387055779,0.108143298,0.554479932,0.010721225,-0.074342858,0.153553754,-0.315477605,0.223468186,0.355167927,-0.120134092,0.104986694,0.015626528
"sample_60",-0.318946476,0.127378699,-0.3182736,0.129014416,0.108774294,0.322344896,-0.191384437,-0.002221196,-0.297242797,0.06533585,-0.107932392,-0.366615053,-0.260012119,0.333798566,-0.090730009,-0.079276102,-0.353717255,-0.166570217,-0.243780563,0.077481115,-0.280408317,0.005252,-0.017911312,0.055757637,0.314387047,-0.413713995,-0.147966495,0.340674773,0.176933931,-0.147677152,-0.297136081,-0.521010721,-0.335964534,0.329604265,-0.29139981,-0.535974569,-0.2801954,0.10332376,-0.352846874,-0.233067101,-0.457906023,-0.414082202,0.250825021,-0.391618451,0.317888174,-0.433434127,-0.117154438,-0.09276291,-0.175162864,-0.061579587
"sample_61",0.325953499,-0.080587611,0.456258469,-0.052080116,-0.039870861,0.027061244,0.390305314,0.082474634,0.409674167,-0.048983433,0.112927781,0.268528966,0.158059734,-0.213806027,0.318991729,0.373198311,0.334682645,0.234015288,0.330160183,-0.245671182,0.282396971,0.256193874,0.082600867,0.217905936,0.184029848,0.047264711,0.16946285,-0.259612772,0.101258824,0.269980249,0.483201448,0.50725703,0.225758823,-0.235150301,0.091255123,0.49653882,0.413537872,-0.434385348,0.315008798,0.311924863,0.555463213,0.36323117,-0.272740826,0.263559908,0.492021557,0.406445285,0.172856114,0.303590666,-0.030424029,0.215145265
"sample_62",0.025825658,0.233933694,0.356312676,-0.123567122,0.054559698,0.185258586,0.212403502,-0.206689042,0.250964143,-0.117524465,0.168258237,0.062427807,-0.02333165,-0.004175677,0.160300513,0.214832502,0.145331865,0.013526646,0.212584359,0.099352892,-0.023086882,0.315971747,0.186090507,0.316616182,0.173009514,0.23550129,0.220289697,0.108563677,0.047679394,0.108888315,0.225760965,0.312600294,-0.055894389,0.041135097,-0.040252625,0.252896166,0.182865569,0.102810246,0.082027893,0.218172352,0.375208178,0.418287993,0.008526159,0.280095312,0.410146099,0.244284846,0.148432484,0.248603953,0.120649513,0.122878128
"sample_63",0.317746765,-0.257657657,0.506646287,-0.098405604,-0.176326611,-0.083512445,0.322034206,0.155815118,0.359928697,-0.111594914,-0.02560747,0.272815931,0.314437582,-0.228949788,0.223674951,0.23233254,0.340945319,0.316971789,0.347879499,-0.076945443,0.277755194,0.224606893,-0.039959769,-0.124873626,-0.183478399,-0.084605456,-0.110729047,-0.231060957,-0.057130158,0.263587996,0.42819204,0.57149078,0.211545405,-0.307155533,-0.062567181,0.561471925,0.283027236,-0.32551806,0.322140854,0.348180141,0.655382824,0.253531834,-0.100587315,0.420333679,0.204992362,0.394512682,0.232553748,0.129452885,-0.217550165,0.19692763
"sample_64",0.325140276,-0.298936424,0.510662623,0.028639716,-0.153885945,-0.129231442,0.307743822,0.035163115,0.307983742,-0.069919872,-0.066833649,0.355011998,0.325692843,-0.122449992,0.342296167,0.287885934,0.347739543,0.255626701,0.385246711,-0.26753477,0.238510452,0.135131638,-0.097809039,-0.185833286,-0.216448988,0.331874963,0.106549779,-0.252413786,-0.181614662,0.158996487,0.455874208,0.58925903,0.251194708,-0.235536942,0.127534079,0.598754107,0.361891595,-0.377150345,0.392704938,0.28647765,0.62972097,0.404621068,-0.143299876,0.402146651,-0.014703127,0.40664181,0.354319885,0.116248283,0.153622468,0.158938629
"sample_65",0.141723207,0.0170622,0.482337761,-0.206715749,-0.167191308,-0.120396148,0.020069438,0.024486889,0.246352269,-0.200814025,-0.109816664,0.325460495,0.406667917,-0.240735528,0.180088914,0.122967113,0.290258759,0.433909799,0.160074325,-0.10401225,0.18220735,-0.08910382,-0.075665283,-0.177084924,-0.303918317,0.331373229,0.207338931,-0.31449185,-0.221383028,0.367769664,0.380944674,0.560177612,0.130769308,-0.336012672,0.199354791,0.492449378,0.039015036,-0.339912759,0.324575309,0.141376284,0.568900368,0.319776487,0.019694843,0.308946548,-0.301883819,0.365154779,0.300840362,-0.067343712,0.145307712,0.011624798
"sample_66",0.292634895,0.212520222,0.489593002,0.030027645,-0.064223104,-0.015456031,0.459978584,-0.005519069,0.413192937,0.051275236,0.192041874,0.397661792,0.279851024,-0.173925904,0.300668936,0.387702794,0.325952987,0.334165976,0.324437488,-0.134385485,0.26952032,0.19524086,0.166658934,0.229042252,0.177415223,0.415776957,0.458046208,-0.289340554,0.100403504,0.256605652,0.52015825,0.594187619,0.304680115,-0.245466421,0.237689804,0.545841588,0.32207196,-0.308897903,0.258745426,0.417657323,0.585210957,0.518379696,-0.142947696,0.425201049,0.417120635,0.408774716,0.191248311,0.263106319,0.027138284,0.213078318
"sample_67",0.158715169,0.202528567,0.498193238,-0.2498118,-0.139747751,0.000664795,0.242943083,0.048354858,0.344516267,0.06263395,0.306208335,0.191760639,0.283220589,-0.233474111,0.217247905,0.304462731,0.193406761,0.357096812,0.219749452,-0.349509787,0.156835535,0.129841178,0.059677174,0.240981815,0.243444517,0.579200215,0.524883629,-0.197795589,0.041610534,0.305930094,0.435791408,0.475158111,0.207142496,-0.297450275,-0.250911566,0.434782521,0.274492535,-0.306277587,0.226200209,0.256099347,0.618304588,0.139567705,-0.02268844,0.278848188,0.43180308,0.445090126,0.114935799,0.108190989,-0.140075223,-0.029554238
"sample_68",0.080206312,0.589403365,0.306950099,0.067455092,0.170973107,0.258094316,0.49923329,-0.009712924,0.285891124,-0.005262732,0.461727986,-0.034008955,0.132810698,-0.010071149,0.138837799,0.190714496,0.094724761,0.244598537,0.161146457,0.011386557,0.159341297,0.407064076,0.393906606,0.610012407,0.602739504,0.721660818,0.717362796,-0.159506355,0.321881197,0.101100183,0.470391493,0.369694601,-0.306681505,-0.089893393,0.195606372,0.139620101,0.333579111,0.052038528,0.087197256,0.434286319,0.361112226,0.341422108,-0.203977756,0.404899741,0.705095938,0.30768161,0.112702318,0.275244888,0.055825483,-0.02984385
"sample_69",0.371373195,0.111685145,0.457847144,0.052934463,0.021328601,0.011613522,0.457640928,-0.042167516,0.308648505,0.084200126,0.088293835,0.407440029,0.499805194,-0.077865927,0.381322023,0.449605876,0.421256965,0.518953032,0.378625968,-0.111444066,0.240507986,0.26137284,0.108380912,0.055221368,-0.020788084,0.585910202,0.498153582,-0.14696834,0.043993834,0.352802629,0.515653475,0.672472491,0.41978661,-0.140272535,0.147821979,0.594387323,0.410501553,-0.372188948,0.332235799,0.280547481,0.575737029,0.435021742,-0.111986805,0.294395818,0.27434199,0.478915632,0.187294078,0.321250083,0.118923219,0.30821177
"sample_70",0.029956766,-0.269015916,0.408252183,0.105662502,-0.011634023,0.181137209,0.171782604,0.132532796,0.018325199,-0.051062973,-0.146952911,0.058818966,0.23647197,-0.073185008,0.310665947,0.257769266,0.061495118,0.323515733,0.177869265,0.109146524,0.043557824,0.093732979,-0.02248229,-0.311094864,-0.21169506,-0.294927024,-0.207385568,0.102901858,-0.035886244,0.193283245,0.178513013,0.411375652,-0.064265505,-0.048836385,-0.228897996,0.235359578,0.052126123,0.220634189,0.076895291,0.0411426,0.334967057,0.097555564,0.016030548,0.0603133,0.109655959,0.336297402,0.199054297,0.007505669,0.017661913,0.065245008
"sample_71",0.323217259,-0.063697269,0.496607271,-0.263012865,-0.056677218,-0.23678782,0.380707264,0.016380905,0.363678769,-0.077839228,0.03875953,0.29403529,0.206037412,-0.189635805,0.286345957,0.281695937,0.35113386,0.297622246,0.286415043,-0.10992723,0.287854808,0.105678936,0.08919168,-0.02746439,-0.085872956,0.458193413,0.402876551,-0.297422755,-0.135726474,0.213830796,0.463095472,0.576784821,0.407189612,-0.178669431,0.018242199,0.543108063,0.331442742,-0.316981086,0.351718037,0.298889526,0.555912684,0.332308806,-0.135251481,0.260440135,0.121504396,0.485580348,0.238448355,0.235603207,0.043191047,0.103795666
"sample_72",0.051384014,-0.443847917,0.263083924,0.034463851,-0.050168083,0.052386713,-0.088599193,0.053466183,0.067823018,-0.237103211,-0.304328959,0.280402295,0.024511668,-0.086341174,0.019893382,-0.000289908,0.222515384,-0.075250965,0.108191433,0.153155832,0.126410758,-0.119701589,-0.267574721,-0.418086558,-0.396214353,-0.45943229,-0.430648706,-0.18352569,-0.22204385,0.099226181,0.058568187,0.409174224,-0.0156962,-0.139469568,0.215584524,0.296954908,-0.005785221,-0.211928404,0.265444098,-0.04265563,0.346559265,0.143902945,-0.089143919,0.069418425,-0.38872202,0.221587146,0.197226951,-0.200356738,-0.145334178,0.046292351
"sample_73",0.282768428,-0.101162275,0.493887023,0.066882893,-0.020135709,-0.082818017,0.440209561,-0.041643149,0.310688664,0.032928513,0.120886149,0.271203425,0.368920637,-0.107391228,0.288141948,0.315149556,0.316975651,0.430452939,0.412699816,-0.107478632,0.209151442,0.372281052,0.099589025,0.1496603,0.101841717,0.102769032,0.078256476,-0.084246607,0.063062103,0.298514736,0.473167823,0.571774905,0.395409521,-0.171080163,0.299098,0.535600309,0.411694773,-0.340517092,0.265953373,0.343045579,0.517583019,0.435001352,-0.30084959,0.466176078,0.49058273,0.456884225,0.124215875,0.283998367,0.144874495,0.206435305
"sample_74",0.186935647,0.096000433,0.514494503,-0.080666348,-0.148935444,-0.16771335,0.182923504,-0.010947716,0.164142428,-0.111587036,0.047734313,0.247999492,0.357156908,-0.291520329,0.12598183,0.140506551,0.336299962,0.410135011,0.162832218,-0.26281006,0.136794565,0.016782168,0.00047857,0.069307488,-0.0853324,0.477703205,0.404992562,-0.258799131,-0.071568714,0.362974142,0.407448494,0.537771459,0.172523846,-0.319658298,-0.006725818,0.453469867,0.122019757,-0.290411836,0.240606762,0.300642762,0.623686376,0.265008381,-0.047347122,0.364489007,0.020581232,0.301481879,0.282025468,0.0577737,-0.001827883,0.058418712
"sample_75",0.207790311,0.30905121,0.550340006,0.030043019,-0.109615615,-0.213740035,0.248114263,-0.063519003,0.118808111,-0.046988038,0.227816986,0.337973281,0.485895032,-0.279341301,0.158369864,0.173325176,0.322767333,0.51062758,0.283031613,-0.392103282,0.175124653,0.013365328,0.106479588,0.161025893,0.040016104,0.508063367,0.48027193,-0.330071542,0.073238292,0.439014699,0.470904678,0.653932046,0.365284336,-0.355989126,0.010326846,0.551254366,0.203975378,-0.305304258,0.356052429,0.398416809,0.633871821,0.40148757,-0.126337804,0.273826743,0.066287385,0.44972165,0.193426991,0.163429662,0.039153746,0.146014301
"sample_76",-0.281145824,0.144889189,-0.271043096,0.117177523,0.127757832,0.224770938,-0.174171336,0.031001307,-0.1713306,0.018067522,0.060474785,-0.315867883,-0.094340755,0.225278796,-0.138726609,-0.073222602,-0.290031748,-0.01767834,-0.201243255,0.372577778,-0.146495002,0.07799334,-0.019034684,0.126433826,0.271384297,-0.320471926,-0.135140042,0.369496652,0.264324185,-0.090131684,-0.246237698,-0.477756712,-0.127162433,0.18475198,-0.233534016,-0.46898682,-0.235160905,0.196533351,-0.221875855,-0.120649004,-0.377573677,-0.376634487,0.285630571,-0.285353444,0.36714773,-0.341745551,-0.07941134,-0.014546896,0.090419091,-0.111835211
"sample_77",0.187085531,-0.305626746,0.309314631,-0.172746392,-0.2194643,-0.124764254,0.130841864,0.147454396,0.227032804,0.019679961,-0.137823941,0.302095203,-0.096218041,-0.158070578,0.047950094,0.124624431,0.333536398,-0.037519592,0.180670952,-0.060109815,0.238918562,-0.018713179,-0.122892564,-0.219529369,-0.366945928,-0.077387612,-0.139372122,-0.17915859,-0.245832464,0.083535972,0.203527456,0.43125169,-0.117741819,-0.037331525,-0.073599069,0.521877993,0.197227155,-0.183762869,0.371752723,0.189546063,0.445713402,0.503392122,0.010008397,0.086199328,-0.207373866,0.222561314,0.058276339,0.113035233,-0.140393108,0.070138191
"sample_78",0.262963488,0.513480468,0.194789977,-0.020613927,-0.158393189,-0.305003002,0.378668822,-0.070594417,0.250235131,-0.030535216,0.359661668,0.320149492,0.17727771,-0.126328075,-0.28337454,-0.237850831,0.316592945,0.135126481,-0.077728159,-0.254685732,0.203517902,0.097100481,0.299664287,0.511270579,0.30205627,0.514788495,0.508293278,-0.427836568,0.168917726,0.16914895,0.441652745,0.505424809,0.072413875,-0.296008554,0.061251692,0.416175599,0.239803665,-0.006419153,0.116535417,0.380215953,0.498374949,0.358111688,-0.221975638,0.519011662,0.344754684,0.471452997,0.069358769,0.253230435,-0.114538172,0.004174738
"sample_79",0.129340571,-0.016371563,0.407844686,0.138332919,-0.079477657,-0.052919011,0.155823803,-0.124907531,-0.075157697,0.002472871,0.129153895,0.280672816,0.088039824,-0.067602623,0.160929127,0.189384665,0.112676422,0.196149332,0.124519168,-0.108268339,0.133000192,0.190523362,0.013998405,0.019321076,0.078674343,0.570600263,0.417702553,-0.1540083,0.136421861,0.049069516,0.292499049,0.500528581,0.022420194,-0.162259497,-0.027160971,0.357693754,0.275388353,-0.024807529,0.237904594,0.145602515,0.469287151,0.327414391,-0.054615618,0.249888904,0.216569772,0.399511931,0.153192882,0.181748535,-0.319164167,0.185317179
"sample_80",-0.175390513,-0.289741368,-0.152255272,-0.212668169,0.146198277,-0.081575763,-0.07006106,0.031792264,-0.185143237,-0.018924509,-0.164617555,-0.259660324,-0.093337633,0.091796602,0.165038477,0.120624709,-0.07319876,-0.104431072,0.032197713,0.348458605,0.003426366,-0.036355651,-0.081648522,-0.262611842,-0.256127046,-0.358056453,-0.306301493,0.077885324,-0.050757526,-0.012328527,-0.140890321,-0.131357882,-0.02374851,0.213908915,0.032300712,-0.223001106,-0.052013641,-0.010029141,0.02004198,-0.20109658,-0.212077127,-0.179315411,-0.080607965,-0.191729934,-0.242024136,-0.300394465,0.063582265,-0.145286368,0.161135181,0.141716988
"sample_81",0.22140084,0.274796665,0.484747201,0.253803517,-0.02577676,-0.014287578,0.426411558,-0.134210073,0.312760893,0.070175368,0.273085769,0.300576756,0.146186241,-0.16793246,0.247576049,0.297889642,0.186838453,0.224969567,0.249615681,0.004376505,0.133658654,0.245144528,0.13431485,0.396709891,0.276565903,0.683893675,0.566540077,-0.155835046,0.214006756,0.31170649,0.461605542,0.428585646,-0.043841335,-0.157467446,0.038035419,0.419040146,0.287253409,-0.242152542,0.015363025,0.345665765,0.512477668,0.468437736,-0.1258903,0.406516473,0.493394755,0.367903958,0.164729729,0.281652434,-0.057154999,0.080216872
"sample_82",-0.315383958,-0.098085253,-0.413886638,-0.139419159,0.082227934,0.214911776,-0.340746585,-0.004216682,-0.288142793,0.015994027,-0.296615386,-0.371799932,-0.295832155,0.211350661,-0.104275065,-0.030035876,-0.429721312,-0.332258388,-0.228192584,0.186547766,-0.216212338,-0.083202281,-0.127652964,-0.450796193,-0.085285086,-0.570996803,-0.439947656,0.396843327,0.072793147,-0.331925795,-0.466652103,-0.573348043,-0.296351674,0.357233272,-0.335804835,-0.538941793,-0.298502191,0.263275071,-0.38031996,-0.303899081,-0.590086721,-0.363535472,0.219062451,-0.408210936,-0.213896144,-0.465412666,-0.178430922,-0.211994815,0.087985532,-0.195022774
"sample_83",0.244611818,0.359776009,0.549201816,-0.031191152,-0.164724132,-0.199886292,0.435227102,-0.069538586,0.318572896,-0.154720119,0.246412935,0.38090446,0.48345931,-0.223965467,0.150187164,0.237930573,0.41901182,0.49161462,0.272400277,-0.323923588,0.207630827,0.151088984,0.307861533,0.35981712,0.303101437,0.5589476,0.551351715,-0.339194768,0.241434886,0.321778033,0.541362787,0.673047495,0.325249978,-0.364900355,-0.077706791,0.611949344,0.272673189,-0.30009302,0.330162119,0.424846785,0.650237022,0.50662547,-0.076741792,0.441196369,0.463422826,0.440959417,0.195022225,0.210577701,0.012908474,0.088505729
"sample_84",0.175998022,0.266443253,0.278348039,-0.127671167,-0.028675281,-0.068080102,0.280809233,-0.150576995,0.0804803,-0.016904739,0.24753229,0.264334989,0.021447138,-0.156163894,0.159682718,0.152756967,0.174505507,0.079845713,0.171239052,-0.041197501,0.26242911,0.122088344,0.105858022,0.317906733,0.122525405,0.759481645,0.602479574,-0.262146958,-0.092071365,0.16308472,0.360707391,0.465823487,0.061280152,-0.223871113,-0.045192677,0.452230046,0.259250446,-0.244834158,0.166600601,0.317425469,0.44880789,0.34220824,-0.223092716,0.276089973,0.072576214,0.358169534,0.139602621,0.120404849,-0.153554657,0.000712522
"sample_85",0.206873448,0.357751136,0.26537262,-0.120757943,-0.005446421,-0.189187772,0.354554918,-0.290010597,0.145141129,-0.114595486,0.130805268,0.505940787,0.573353555,-0.301358644,0.171359598,0.194367887,0.20099306,0.580859579,0.198780055,-0.24620842,0.165491451,0.114579524,0.22705339,0.313938075,0.041439956,0.666248397,0.571039694,-0.267191773,-0.01025416,0.411764393,0.395716801,0.666568119,0.543898772,-0.260126359,0.141211354,0.566523931,0.360000287,-0.276719399,0.173358515,0.437428723,0.390320635,0.494186112,-0.123759132,0.309156393,0.343614614,0.425163665,-0.013605386,0.231338511,0.298417029,0.017936182
"sample_86",0.086111668,0.23242316,0.360229255,0.482199372,0.177381282,0.03216779,0.334099936,-0.101213721,0.116699686,0.180836871,0.383189211,-0.028794246,0.147572012,0.3158417,0.030547188,0.151584334,0.054535692,0.266975428,0.138217571,0.289577613,0.112731882,0.425541506,0.307694964,0.334379784,0.48532536,-0.229381575,-0.011437295,0.116340221,0.334068012,0.238139727,0.311341705,0.138698013,-0.140302679,0.087780107,-0.096245399,0.000882678,0.18666687,0.029139858,-0.168769831,0.267769051,0.300544719,0.280505112,-0.089433118,0.440030122,0.629610283,0.16056661,0.171142329,0.29482063,0.010756711,0.033608286
"sample_87",0.12659249,-0.203237473,0.414130835,0.006157118,0.014967733,-0.069240257,0.141366417,-0.036825652,0.170808224,0.082913344,0.070425731,0.223831733,-0.049896183,-0.010648469,0.090391507,0.226986086,0.354910027,0.025160423,0.270241939,-0.266639362,0.151136915,0.11937383,-0.001220969,-0.123163531,-0.101036657,-0.265578718,-0.207940983,-0.13864811,-0.125091845,-0.143222641,0.357582602,0.497977796,-0.1017946,-0.187316711,-0.067579236,0.492051216,0.090802276,-0.041322113,0.148706988,0.21573233,0.557655869,0.196113026,-0.042288128,0.004820624,-0.147140166,0.349889162,0.086453318,0.088871547,-0.04005592,0.271102061
"sample_88",0.321442957,0.099642037,0.549279722,0.479987094,0.108011166,-0.121761472,0.482066162,0.025876156,0.226338627,0.290385142,0.218633178,0.299531746,0.348384221,0.173000412,0.33305171,0.348381796,0.365565227,0.402864428,0.390729472,-0.154387264,0.295568184,0.296057444,0.230523817,0.292039235,0.141989629,0.407029736,0.363940517,-0.18105565,0.239410166,0.415509006,0.445112695,0.544423677,0.266098515,-0.023104391,0.226141066,0.511046497,0.408347384,-0.208999225,0.282080251,0.417775356,0.617275902,0.409793863,-0.301337651,0.567168409,0.407497714,0.461119617,0.318294108,0.291208707,0.046048498,0.254092492
"sample_89",0.043224648,-0.111458995,0.354273502,-0.102165508,-0.015396241,-0.07460348,0.3290077,0.079861712,0.259976403,0.126543385,0.111264378,0.227974173,-0.057289334,-0.165337751,0.169280053,0.185679317,0.170569238,-0.001181959,0.232421705,-0.279530548,0.190294748,0.191418529,0.024448582,0.142841673,0.005878981,0.419015931,0.258234306,-0.167927059,-0.114715736,0.211167162,0.170230342,0.326463056,0.111739004,-0.026208787,0.15302461,0.436408148,0.271181947,-0.337694961,0.161492131,0.227783617,0.314800598,0.299324786,-0.3098013,0.238332991,0.260006939,0.322424857,0.162625968,0.130042206,0.029056025,0.13723732
"sample_90",0.340443296,-0.402854353,0.484185856,-0.066648792,-0.066177555,-0.049625257,0.33876685,-0.051371557,0.283513626,-0.093251091,-0.157163964,0.461381031,0.29138111,-0.251140847,0.313515572,0.292991589,0.410898292,0.296166738,0.384854726,-0.130002654,0.284463401,0.296623815,-0.11881668,-0.270134936,-0.40936374,0.020748812,-0.077006455,-0.24609266,-0.185856514,0.291501129,0.461716755,0.601441913,0.349882751,-0.219073755,-0.006816934,0.661796371,0.436716326,-0.286467893,0.339030043,0.320530042,0.520200499,0.494043062,-0.093886656,0.306898889,-0.005687606,0.441197661,0.244194799,0.236439514,0.287303981,0.125541016
"sample_91",0.004481752,0.11597612,0.319222979,0.013647363,0.163620019,0.134765824,0.219214811,-0.054920707,0.109344108,-0.050273481,0.119863414,-0.038395641,0.015685323,-0.019013108,0.206497104,0.212396511,0.101414457,0.103330823,0.053245247,0.249644859,0.121727414,0.193613943,0.06151641,0.308539968,0.252998465,0.508101183,0.433672498,0.044398848,0.163786333,0.245210888,0.21180581,0.094384528,-0.096117455,-0.000470981,0.02303431,-0.067568913,0.209510932,-0.341137287,-0.253935883,0.261942813,0.144481948,0.322959509,-0.014989075,0.189351528,0.482435893,0.170052145,0.173757788,0.154609225,-0.052794116,-0.074117878
"sample_92",0.364412262,-0.021728319,0.528175445,0.141543557,-0.098941871,-0.097417954,0.381744428,0.122835243,0.242128878,0.013886891,0.018008418,0.398800541,0.423455891,-0.144561716,0.307678553,0.305330714,0.395190366,0.41736854,0.3359416,-0.014264444,0.27524535,0.177295572,0.053347974,0.000251947,-0.152729757,0.258970254,0.202957701,-0.227013838,0.001167195,0.28868154,0.465397407,0.615503092,0.311967522,-0.259940993,0.259575326,0.614869454,0.28348517,-0.360755864,0.345836907,0.348431442,0.645050868,0.407576932,-0.177601672,0.350848255,0.100326564,0.426050447,0.312332101,0.235936128,0.223231293,0.166136698
"sample_93",0.314254408,-0.253912407,0.533699099,-0.147439814,-0.127699922,-0.098204108,0.279738877,0.0252234,0.361446243,-0.086460463,-0.114258814,0.429309613,0.371623978,-0.167968918,0.240021283,0.249520614,0.424997408,0.29640976,0.259299372,-0.105302769,0.204453657,0.0260234,-0.103428048,-0.235266864,-0.341185001,0.155790246,0.027995309,-0.220885087,-0.226589033,0.22246457,0.454361926,0.5980725,0.288592059,-0.258952464,0.27670017,0.594358239,0.295298113,-0.262045182,0.378885287,0.203893991,0.60981567,0.405386293,-0.123969169,0.369980425,-0.207116459,0.394516434,0.21564424,0.182982442,0.20081119,0.174378561
"sample_94",-0.069251813,0.38275752,0.133461291,-0.194799905,-0.007674024,0.002943933,0.268926173,-0.003248952,0.077473175,0.030326704,0.245333247,0.231779207,-0.203087863,-0.127205681,0.168746727,0.062960805,0.020046622,0.001547568,0.162775595,-0.058894428,0.09624313,0.330136629,0.198788757,0.507677164,0.393836867,0.512171034,0.487269917,-0.126365105,0.128380906,0.303306585,0.217989189,0.098063845,-0.021903621,-0.068094551,-0.140597941,-0.057673553,0.219894862,-0.321638017,0.106145451,0.350872707,0.127313559,0.34303782,-0.207761471,0.309102108,0.479716064,0.04044446,0.050683508,0.17082018,-0.062123835,-0.016888918
"sample_95",-0.064518417,0.036596378,0.231690771,-0.160358033,0.02096167,-0.096196993,0.192809845,0.018594966,0.075030426,-0.120552223,0.051660021,0.237831605,-0.048810459,-0.268260149,0.194771152,0.140025091,0.123238775,0.106004689,0.164372839,-0.143645729,0.140226382,0.104691157,-0.004218959,0.16704018,0.027521213,0.377087782,0.266760959,-0.128201814,-0.132729517,0.187049985,0.159438174,0.236075791,0.074034495,-0.188796193,0.133948854,0.250221148,0.208321541,-0.370468508,-0.028521963,0.248043049,0.338429311,0.346894843,-0.13628964,0.298850612,0.352639444,0.098922049,0.1677802,0.209945701,0.04191573,0.04711711
"sample_96",0.288497622,-0.039084282,0.502176031,-0.009211612,-0.144059862,-0.143379099,0.321474012,-0.029830764,0.275715376,0.074148738,0.005119095,0.323365411,0.300289239,-0.179487435,0.258811344,0.340606152,0.360393283,0.349251347,0.377899659,-0.084527279,0.266644272,0.149563756,-0.039913911,-0.043274473,-0.264345601,0.22943957,0.124708699,-0.194610489,-0.105530811,0.355484359,0.384604082,0.553570918,0.340316109,-0.21290428,0.024039843,0.537669934,0.294327307,-0.285438282,0.241364837,0.292426588,0.58207391,0.460418722,-0.191552603,0.181413619,-0.020279215,0.436714753,0.220868609,0.200480169,0.099451114,0.216501945
"sample_97",0.128641753,0.313328138,0.356628986,-0.052649191,-0.051361548,-0.076154078,0.299070322,-0.026738656,0.21304752,-0.006704717,0.133483028,0.255471555,0.189498413,-0.237395487,0.209831631,0.185981697,0.273485976,0.272703267,0.191651726,0.076994792,0.131833941,0.10364193,0.15526442,0.361734385,0.203394779,0.59077067,0.540672292,-0.194701496,0.082759353,0.242762555,0.427196697,0.459174605,0.218460454,-0.113608424,0.039343965,0.379776928,0.099336912,-0.25323861,0.206562082,0.285337811,0.433982278,0.552584992,-0.186202421,0.265679838,0.397052837,0.376134098,0.068410145,0.23862523,-0.065421679,0.176986416
"sample_98",-0.386584482,-0.031000824,-0.445307535,0.296267312,0.040346326,0.110099479,-0.308601829,0.072874726,-0.377403517,0.083571769,-0.221534954,-0.42660077,-0.216900751,0.28620477,-0.229820675,-0.182246506,-0.37598733,-0.243238486,-0.249812584,0.252208027,0.198400238,-0.146620621,-0.054579511,-0.162119491,-0.058835061,-0.580565798,-0.448436293,0.341249695,0.08426236,-0.282585073,-0.42884086,-0.507498284,-0.286967435,0.20955562,-0.374695781,-0.494017629,-0.397446132,0.37472436,-0.393507095,-0.297819445,-0.557969805,-0.544224955,0.208915091,-0.376557201,-0.350012209,-0.427616659,-0.191285194,-0.31097854,-0.093437936,-0.123902434
"sample_99",0.270607091,0.379783317,0.536960194,-0.115749255,-0.077472836,-0.102913924,0.336032712,-0.044413252,0.425416591,-0.064865957,0.28308415,0.465362472,0.385576578,-0.326656094,0.184890585,0.274912608,0.419228153,0.348714746,0.375153149,-0.280969649,0.183634438,0.272230783,0.204988893,0.335513297,0.236579897,0.575357231,0.560441137,-0.34634854,0.00669993,0.28141139,0.543355942,0.62926406,0.32467687,-0.330537312,0.139624389,0.607852819,0.346052164,-0.382089046,0.270923235,0.422276964,0.527458598,0.532769665,-0.172478705,0.196758731,0.397474376,0.50276395,0.078973833,0.286955088,-0.023373916,0.124639663
"sample_100",-0.113605762,0.350655879,0.165336141,0.137206232,0.073471284,0.034312842,0.232385197,-0.050917612,-0.027027305,0.150351359,0.402883868,-0.026276883,-0.1045256,0.101877564,-0.011626651,-0.021625609,0.018234056,0.070108827,-0.040106154,-0.007751063,-0.099608263,0.240548822,0.265867811,0.46258331,0.453589473,0.39239173,0.424491316,0.023754502,0.162209529,0.190972094,0.135594178,-0.027185611,-0.225156512,0.008415346,-0.037963794,-0.29257452,0.137671176,0.1758405,0.047980897,0.241510569,0.090631183,-0.008055013,0.021202458,0.285013725,0.623426117,0.156517146,0.013251775,0.146504933,-0.332113629,-0.119667664
"sample_101",-0.035110125,0.346954897,0.324246122,0.426052815,0.232840719,-0.061411389,0.491362922,-0.177519857,0.31401589,0.227168244,0.325729544,0.106869009,0.05109696,0.16524945,0.211722219,0.284195019,-0.111676343,0.287285697,0.198494586,0.060625763,0.175848321,0.435376836,0.352913195,0.522897189,0.500135072,0.339156648,0.334065664,0.070580069,0.374326205,0.254679941,0.361056309,0.347942248,-0.321842624,0.039530822,0.082386223,0.033659335,0.411689593,-0.202501607,-0.053156732,0.372729475,0.293173986,0.398154202,-0.22832133,0.581395447,0.67866571,0.244914692,0.160359037,0.419899187,0.005324667,0.096331615
"sample_102",0.262056509,-0.348722899,0.392612989,-0.240784999,-0.194789273,-0.159097225,0.207044468,0.035214948,0.318444322,-0.272992473,-0.289349402,0.472680681,0.59826427,-0.317108102,0.119506345,0.236422758,0.324998393,0.56021691,0.30930082,-0.316906822,0.231785229,0.020684813,-0.15262129,-0.332527874,-0.412723798,0.256228612,0.078047849,-0.361514838,-0.260555331,0.407939894,0.4457878,0.642088549,0.224752188,-0.261063473,0.050659125,0.573450413,0.272765669,-0.352806093,0.31336019,0.216489445,0.534140159,0.40950448,0.018075562,0.193716364,-0.295073173,0.437002502,0.183973196,0.136875177,0.10066402,-0.004274212
"sample_103",0.10837775,0.46555911,0.076624832,0.317287373,-0.018175949,-0.21227206,0.419075234,-0.137494226,0.307403406,0.119058346,0.376142927,0.180706091,-0.183218438,0.242624387,-0.080217528,-0.153167815,0.009350827,0.001794918,0.085950483,-0.115542096,0.266821125,0.469370287,0.361970505,0.597024533,0.536668977,0.299930111,0.378312374,-0.316039821,0.282574721,0.155979554,0.374766325,0.206796405,-0.106932664,-0.024704422,0.294145312,0.156361638,0.294539775,-0.268334508,0.015117269,0.356985348,0.321701726,0.472097463,-0.22848078,0.450738373,0.691452269,0.358977316,0.07027081,0.396472348,0.034152412,0.114575351
"sample_104",0.085808367,-0.135835374,0.433669962,0.097008692,-0.088403291,-0.228993758,0.185200373,0.031162479,-0.029332765,-0.032176332,0.046157088,0.034228995,0.014097725,-0.094765127,0.1684888,0.124836048,0.200235159,0.000985251,0.257116374,-0.098184389,0.114672297,0.049979761,0.021682839,-0.066977609,-0.218097098,0.060456821,0.018104086,0.007396101,-0.016810467,0.135561009,0.150872168,0.29229122,0.000854671,-0.079001463,0.026210769,0.353150852,0.218613913,0.091386568,0.358962456,0.236387549,0.323808857,0.241675473,-0.150895741,0.219610803,-0.107648815,0.191236952,0.116385628,0.085331388,-0.138692065,0.13374761
"sample_105",0.21861908,-0.364799294,0.466752122,0.216649918,0.056180066,-0.035426532,0.267132603,-0.018793248,0.227418698,0.121801,-0.086249035,0.291627771,0.00742148,0.139039317,0.317699768,0.310757879,0.261868228,0.163593266,0.352620216,-0.102091453,0.146611112,0.196314723,-0.050242293,-0.225445798,-0.241268389,-0.30868901,-0.290754316,-0.098355925,-0.17480415,0.185412244,0.278284201,0.504799419,0.315745637,-0.012329254,0.177873846,0.558979817,0.267078088,-0.120403929,0.279310196,0.182069674,0.559951308,0.416016293,-0.166747018,0.27333329,0.044811108,0.469593719,0.217293952,0.160526571,0.193826064,0.122339018
"sample_106",0.01446415,-0.122905645,0.364172682,-0.029163967,0.368333304,0.365513618,0.378162932,0.001879037,0.39811577,-0.016401297,0.09517501,-0.070300207,-0.21702826,0.139793492,0.377878583,0.24682909,0.003043443,-0.046837143,0.11227129,0.235483187,0.147177247,0.332906542,0.19768056,0.109276192,0.149813433,-0.156602359,-0.064453095,0.080679824,0.109249598,0.127163426,0.120009289,-0.132828148,-0.044030749,0.244556096,0.021212021,0.008467055,0.37340199,0.140422607,-0.023698523,0.147258166,0.058846789,-0.088579318,-0.104260566,0.293130243,0.571384452,-0.010415854,0.131435437,0.316005414,0.004880173,-0.068707557
"sample_107",0.181929736,0.103974751,0.502827636,-0.323671473,-0.296069144,-0.295657404,0.23948825,-0.044574439,0.101466405,-0.135923836,0.109501693,0.401410578,0.606971381,-0.344952462,0.173864104,0.213891593,0.231118308,0.559774252,0.205532922,-0.550398732,0.141531834,-0.012922317,-0.012876514,0.052971282,-0.137996024,0.537963618,0.476851706,-0.291959081,-0.047551121,0.441545562,0.456240402,0.663325592,0.342639584,-0.388464033,-0.175398383,0.48486314,0.202876481,-0.326184726,0.208345589,0.281253158,0.601400444,0.29703263,0.040111181,0.255034457,0.060557494,0.418298167,0.205411636,0.147353594,-0.248024286,0.010695731
"sample_108",0.319539421,-0.330614371,0.463408336,-0.343152501,-0.165939037,-0.233781452,0.169029392,0.118993374,0.415747678,-0.192816939,-0.183764243,0.413872844,0.254440608,-0.332783371,0.083339017,0.132449244,0.404402214,0.127945598,0.211184612,-0.314526924,0.235065026,-0.061412634,-0.17633689,-0.306265997,-0.405365959,0.005265239,-0.130720544,-0.289378659,-0.260516073,0.087859049,0.425537954,0.604185673,0.275949646,-0.283297317,0.077637247,0.628371108,0.233285594,-0.24574672,0.377914086,0.195247207,0.565109492,0.51540884,-0.092004098,0.161723906,-0.348035227,0.410297327,0.142848472,0.083919725,0.091814767,0.118522012
"sample_109",0.00749421,-0.087995241,0.385802045,-0.088877947,-0.028551054,-0.338731292,0.208838624,-0.010499281,0.388563788,-0.004308344,0.090933187,0.099932766,-0.022388782,-0.117082932,0.09348446,0.195401752,0.125158821,0.045090527,0.20157587,-0.332397375,0.147441829,0.080450003,0.010611089,-0.045532634,-0.093561832,-0.131074697,-0.150160019,-0.192074029,-0.016509397,0.269747852,0.17576413,0.369550789,0.1426206,-0.176768958,0.315304534,0.299076472,0.148730635,-0.160221236,0.247873755,0.142637264,0.224242385,0.479728175,-0.190444486,0.284825185,0.073783257,0.236688267,0.174783663,0.092632451,-0.140251468,0.036979907
"sample_110",-0.030640979,-0.299487151,0.164695341,-0.254689055,0.005794335,0.089861087,-0.016398423,0.136423346,0.050566883,-0.086555488,-0.135177411,-0.146110111,-0.152620438,-0.104173949,0.161709819,0.173511114,0.006223353,-0.024412463,-0.038478312,-0.105260447,0.180927567,-0.038749503,-0.04143336,-0.365603533,-0.273307562,-0.291947145,-0.329218279,-0.000275804,-0.187485076,0.010043408,-0.069397065,0.130102005,-0.364442991,-0.041288518,0.088579421,0.091521555,0.022141617,0.017940692,0.125011545,-0.100911176,-0.066617218,0.109608176,-0.087655338,0.113356061,-0.154555681,0.096988918,0.114231807,0.155888467,-0.116455075,0.122738287
"sample_111",0.253388163,0.1060566,0.46931156,-0.295145376,-0.154034911,-0.222983309,0.201349211,0.051068834,0.332053576,-0.105922865,-0.020671679,0.418483401,0.386584874,-0.376087819,0.187058922,0.207345168,0.427600319,0.36736563,0.24143455,-0.288500955,0.204295957,-0.023233553,-0.050183792,-0.088072892,-0.156613138,0.527187495,0.461992401,-0.202518733,-0.114178314,0.191108977,0.46601431,0.594968203,0.042772832,-0.272344451,-0.142330267,0.53669126,0.15733421,-0.292404839,0.406983059,0.388216032,0.537986295,0.466448894,-0.072378333,0.306535485,-0.155637939,0.424902583,0.150914877,0.151843387,-0.297770149,0.061981738
"sample_112",-0.381543567,-0.100729925,-0.43152892,0.054176438,0.105282826,0.151010062,-0.319835394,0.06222795,-0.271991923,0.118227121,-0.156615193,-0.410354133,-0.261551795,0.215047365,-0.096742311,-0.105980818,-0.368178216,-0.237012872,-0.246134602,0.240198814,-0.270398584,-0.106800898,-0.042376757,-0.213131075,0.007912668,0.097512638,0.036632186,0.351279443,0.17755595,-0.311597705,-0.444385826,-0.579771435,-0.21244606,0.222568169,-0.418303803,-0.532166184,-0.38457869,0.285806483,-0.300236972,-0.391141613,-0.59087167,-0.483305395,0.218811325,-0.349399306,-0.220770299,-0.410194696,-0.135236936,-0.215527239,-0.02762501,-0.179305387
"sample_113",-0.303861693,0.259666668,-0.394371826,0.371933179,0.198037416,0.336471145,-0.126583313,0.129489607,-0.327890647,0.154272175,0.073939903,-0.362534823,-0.070069872,0.298944956,-0.052378372,0.004752417,-0.272491623,-0.045016715,-0.104448455,0.399426137,-0.215193712,0.106272593,0.124064841,0.275283041,0.33698516,0.376609644,0.332954334,0.331186027,0.203259536,-0.27651956,-0.186662464,-0.396029892,-0.155094364,0.289450263,-0.291228672,-0.426450649,-0.185386952,0.273206167,-0.264388928,-0.158190208,-0.444217282,-0.326301248,0.29631371,-0.170110569,0.315022245,-0.259241496,-0.156151731,0.053433709,-0.11502296,-0.061363479
"sample_114",0.124350991,-0.415978882,0.42706306,-0.025442191,-0.216768786,-0.161694656,-0.070741552,0.006292213,0.08502798,-0.09819254,-0.165914322,0.133634201,0.099886011,-0.235820327,0.196904782,0.112527831,0.137233421,0.121424856,0.222349023,-0.171645655,0.169878471,-0.06440702,-0.225342595,-0.222600567,-0.386722942,-0.043631925,-0.198855026,-0.212751653,-0.249060327,0.217139376,0.18442048,0.488760717,-0.013274495,-0.167708657,0.139852099,0.396927593,0.156437034,-0.299004702,0.188339115,0.20393376,0.525241888,0.158569642,0.049667913,-0.004409079,-0.23390878,0.376355691,0.163611387,-0.058319798,0.095894637,0.07978934
"sample_115",0.183169309,0.15670347,0.547109593,-0.306330401,-0.199209593,-0.247357416,0.201088778,0.029192359,0.117010083,-0.21645516,0.058992115,0.23050162,0.211532107,-0.279855694,0.207879045,0.229115448,0.331657789,0.310814612,0.268393466,-0.330135258,0.194190325,0.056125676,0.012240794,0.085895195,-0.046575576,0.55328351,0.442306855,-0.258291867,0.03027781,0.326863742,0.404397615,0.522537813,0.198889443,-0.294333486,-0.045091491,0.513123907,0.193966473,-0.269553754,0.320851847,0.317913364,0.597473393,0.410852854,-0.182515767,0.368776984,0.197699987,0.447805621,0.14761221,0.126019097,-0.084538254,0.173729839
"sample_116",-0.029977441,-0.003195694,0.41792228,-0.403720265,-0.215618379,-0.042017983,0.090562413,-0.064182578,-0.118029343,-0.297331114,-0.01469053,0.203361394,0.045914582,-0.178756297,-0.146753711,-0.126420693,0.000521693,0.20594268,-0.052093021,-0.218938411,0.132799667,-0.084012484,-0.069274998,-0.099429337,-0.031536103,0.558978336,0.418395572,-0.254541331,0.00725572,0.14576208,0.237026965,0.35299166,-0.201742253,-0.242863992,-0.166969268,0.209134307,-0.181297325,0.022102299,0.06679389,0.153881413,0.477072935,-0.055095292,0.110763855,0.341055926,-0.036769974,0.145466617,0.288784712,-0.115428609,-0.437930252,-0.092627931
"sample_117",-0.041935896,0.018371619,0.107986358,0.138602942,0.176097553,0.251377991,0.170462944,0.081553668,0.055998756,0.214319959,0.140986758,-0.25111448,-0.28118247,0.346764589,0.272434168,0.227652171,-0.080108561,-0.229186106,0.148700276,0.044402386,-0.018316099,0.113099205,0.004165292,0.109799319,0.159232753,-0.085407348,-0.047832404,0.169892852,0.306135136,-0.247175742,-0.004297309,-0.204652432,-0.3389244,0.16329635,-0.012237484,-0.047303187,0.025903825,0.056665263,-0.025876595,-0.179139634,-0.067804872,-0.087302983,0.06223947,-0.125830905,0.139505492,-0.181380362,-0.142513842,0.186597894,-0.088783762,0.18308611
"sample_118",-0.32133053,-0.20022699,-0.402168682,-0.130003007,-0.044772267,-0.006257698,-0.400485723,0.04981749,-0.319085644,-0.093586058,-0.29732996,-0.357525599,-0.072264503,-0.009423054,-0.245677549,-0.189504881,-0.28079897,-0.296726344,-0.282372267,0.033645473,-0.296992371,-0.289885794,-0.259871738,-0.445755274,-0.225745681,-0.592284414,-0.476306866,0.340302274,-0.118503941,-0.321008088,-0.417813274,-0.531078142,-0.138451296,0.186982225,-0.402797003,-0.445007629,-0.433772061,0.174414217,-0.294631643,-0.333787555,-0.493359064,-0.51091697,0.289409513,-0.42992622,-0.479720209,-0.367038532,-0.192402937,-0.348057727,-0.176271552,-0.217546107
"sample_119",-0.165172876,-0.179872897,-0.284181088,0.173048558,0.018382083,0.084633675,-0.255714444,0.015434702,-0.271988944,0.052769964,-0.233637477,-0.252352842,-0.008463298,0.170318302,-0.036876071,0.022733967,-0.11645257,0.020337619,-0.180172719,0.161382829,-0.087671427,-0.230791194,-0.115178987,-0.290039637,-0.171932313,-0.47653214,-0.396021268,0.220041913,0.039848723,-0.184449273,-0.359727139,-0.39365251,-0.212759669,0.173151249,-0.241305383,-0.348464801,-0.290139389,0.376558094,-0.133167714,-0.321843888,-0.336456559,-0.337400654,0.083661343,-0.265885998,-0.348300522,-0.393251711,0.044019685,-0.13707724,-0.219137628,-0.146659983
"sample_120",-0.071537639,0.018003486,0.195140039,0.325010536,0.161861178,-0.107496608,0.142500249,0.091569785,-0.102060704,0.139595137,0.230408146,-0.060415311,0.135789082,0.172723433,0.091006852,0.069958499,0.025656249,0.087963463,0.11298038,-0.207285094,0.00512289,0.112167695,0.001808565,0.100987949,-0.005281394,0.226952455,0.307020903,0.015617079,0.157552088,0.001767569,0.106070132,0.313797781,-0.10401803,0.032825661,-0.029266798,0.10757428,0.123557987,0.05819972,-0.010386461,0.172720881,-0.020598807,0.280999385,-0.01228415,0.130446555,0.047181449,0.192238922,-0.069638463,0.083862464,-0.174779648,-0.061398758
"sample_121",-0.030823487,0.034778616,0.315404147,0.007558959,0.009670307,-0.13087108,0.185247191,-0.037197003,0.260046004,-0.045534828,0.148390108,0.013674278,-0.199938454,-0.100701152,0.026195415,0.227294468,-0.022925694,0.062729235,0.177952774,0.19701928,0.012673441,0.263012963,0.104648997,0.465925811,0.265354606,0.326153463,0.24578179,-0.050147825,0.076419821,0.177541298,0.133222039,0.153247063,-0.052964458,0.049956993,-0.050706162,-0.059437787,0.218584762,-0.049308595,0.043004732,0.283354431,0.107430779,0.402775789,-0.101583434,0.117689701,0.474791858,0.235746542,-0.034877173,0.198346881,-0.278617414,0.069187904
"sample_122",0.022955792,-0.194654293,0.306534537,-0.256308514,-0.1768226,-0.033735445,0.008265307,-0.06488149,0.083725435,-0.198042217,-0.245118159,0.190153698,0.19877185,-0.330979274,0.154755255,0.130830233,0.164243011,0.325419869,0.0071751,-0.115605785,0.178460635,-0.142503992,-0.212938591,-0.249529624,-0.356675588,0.315087624,0.14484454,-0.20359429,-0.216070355,0.351755322,0.084333178,0.424975346,0.017866057,-0.284340958,0.118546171,0.286101468,0.071634627,-0.325016607,0.187533985,0.114563222,0.283714415,0.2083096,-0.037206631,0.182435122,-0.220710843,0.261102928,0.162798169,-0.04940334,0.072904285,-0.054216903
"sample_123",0.302756589,-0.030776424,0.422532502,-0.265196262,-0.180003358,-0.063754165,0.192750249,0.11637885,0.32762025,-0.133865313,-0.10954161,0.444526775,0.248153864,-0.360041961,0.199920705,0.141682895,0.386392873,0.23411395,0.229141935,-0.126786628,0.218440626,-0.056381054,-0.043292251,-0.154714085,-0.285072231,0.260050041,0.235422802,-0.350888293,-0.198541196,0.222426089,0.464883059,0.589442732,0.295018652,-0.227670368,-0.069977034,0.56231121,0.220142258,-0.404885066,0.378650386,0.297540682,0.556372678,0.525859124,-0.031219641,0.199770306,-0.153294486,0.413667223,0.16906768,0.207125033,-0.244422925,0.071359627
"sample_124",0.192973824,-0.029183079,0.437440125,0.037596089,0.207381911,0.050477258,0.326216993,-0.191578298,0.137108945,0.266473317,0.106438174,0.023650899,-0.073614043,0.157294472,0.311346304,0.331763783,0.266287012,0.019830196,0.296970367,-0.182953733,0.035804444,0.301767276,0.160087269,-0.032505323,0.038924913,-0.20212124,-0.025479443,0.033618872,0.197574279,-0.034895104,0.287955621,0.428997127,0.233535245,0.005257295,0.179052139,0.289724864,0.37629312,0.22138698,0.066229744,0.166247861,0.313234822,0.233014928,-0.137145823,0.40601371,0.405855721,0.329392164,0.210931584,0.327105304,0.052004835,0.138408195
"sample_125",-0.209497891,-0.157097373,-0.209839865,-0.143520928,0.1454803,-0.128738191,-0.201647155,0.025614686,-0.129529557,0.092881702,-0.048413091,-0.26781915,-0.226179856,0.142061763,-0.000389345,0.032164018,-0.26984013,-0.096165239,-0.191748237,0.321076421,-0.168592389,-0.017191648,-0.152080682,0.007359698,-0.195816508,-0.351974965,-0.303296881,0.067159192,-0.081739754,-0.026964234,-0.266109955,-0.359310214,-0.426445159,0.217940072,0.124506174,-0.385560328,-0.063374374,0.035016811,-0.110935331,-0.077804467,-0.238090903,-0.117494254,0.002530468,0.065035001,-0.088623299,-0.12668276,0.020867591,-0.198436309,0.358372522,-0.141479864
"sample_126",-0.076200683,0.124177768,0.269339598,0.427143175,0.162147666,0.173122491,0.241517858,-0.039206234,0.088288131,0.218333573,0.239708229,-0.121907971,0.077624617,0.178547565,0.184423176,0.200918156,0.054816135,0.089863605,0.115435995,0.074808294,0.081806859,0.233284653,0.200815073,0.14858171,0.325144119,0.408776954,0.331696144,0.024823647,0.148157058,0.029104838,0.172736897,0.105802865,-0.197345035,0.114031845,-0.365087934,-0.041324628,0.220537117,0.137619501,-0.112808378,0.163794379,0.049612946,0.003762395,0.002678639,0.208465102,0.350008441,0.044826207,0.010809838,0.305468235,-0.110396425,0.050633491
"sample_127",0.380231774,0.336599903,0.517703034,-0.010913191,0.031595843,-0.036825842,0.405275957,-0.047021005,0.281838341,0.009226627,0.225212398,0.373975868,0.364944632,-0.153000857,0.401579001,0.439908717,0.412483363,0.403484946,0.4103369,0.019772898,0.29546068,0.350078321,0.303024553,0.35677873,0.188251812,0.516107594,0.468584802,-0.243510436,0.105491983,0.369591526,0.467327483,0.582581714,0.37167547,-0.177591084,0.222863854,0.597013392,0.337016683,-0.342486451,0.286467569,0.448274395,0.555674567,0.485530436,-0.323127701,0.428765535,0.416449875,0.409565125,0.104993389,0.317388278,0.327832907,0.198125158
"sample_128",0.261811132,0.282768887,0.467676004,-0.084981946,-0.00638131,0.170827514,0.364610578,-0.02653898,0.376879766,0.006315385,0.352557205,0.243141746,0.153846094,-0.252449899,0.167663813,0.215705662,0.320538945,0.204417865,0.298513707,-0.254644013,0.274967991,0.172571261,0.235373655,0.399989986,0.331646992,0.448694032,0.471589271,-0.273429808,0.199451882,0.259924162,0.485099596,0.470553752,0.246350469,-0.183569586,-0.13064959,0.417080147,0.288424248,-0.30076126,0.15152872,0.458065992,0.589727694,0.471331278,-0.163519328,0.475798877,0.532060763,0.334271876,0.163626066,0.292210391,0.06170619,0.198478492
"sample_129",0.170543555,0.164962008,0.38120962,-0.081229029,-0.052892062,-0.055500264,0.248043394,0.017583034,0.080611186,0.075007443,0.155175776,0.063635243,0.102962051,-0.174868015,0.073200969,0.192567364,0.319003477,0.076170487,0.191686097,-0.280065126,0.19402122,0.101294707,-0.014985923,0.042592109,0.094789132,0.368949113,0.236101841,-0.167343351,0.14104389,0.140315742,0.262529188,0.4285253,0.135038806,-0.135782279,-0.169558144,0.364410398,0.184964778,-0.20782631,0.260848124,0.350352041,0.507344518,0.322329025,-0.019963506,0.3896079,0.33467334,0.223136197,0.100784051,0.261240917,-0.249700942,0.212373525
"sample_130",0.287212758,0.017146053,0.426917735,0.078703292,0.055082448,-0.017276816,0.444645072,-0.12610949,0.128376546,0.040116291,0.143640897,0.325620882,0.318302223,-0.173159841,0.292044452,0.335108138,0.303496396,0.385414263,0.360480636,-0.129184176,0.269040001,0.326176109,0.231718619,0.361451332,0.212776715,0.465509482,0.384801888,-0.076481162,0.061100687,0.359441132,0.403662842,0.517498162,0.296715735,-0.125494678,0.314077049,0.495113854,0.32925633,-0.273480485,0.112352666,0.406381388,0.423633183,0.361388469,-0.248795384,0.292573057,0.443671291,0.375509675,0.113706394,0.329496895,-0.010575423,0.122247725
"sample_131",0.126426537,0.185030001,0.451052312,0.241520983,-0.071099173,-0.050967755,0.380045278,0.097675487,0.222612102,0.117689239,0.232098616,0.240061719,0.013205052,-0.103230255,0.041186549,0.089115069,0.178956132,0.015509364,0.134238633,-0.472327277,0.142972569,0.16178499,0.280787715,0.430116052,0.391064207,0.406287755,0.371632217,-0.288640754,0.212623576,0.088207226,0.410090507,0.449674682,-0.033352469,-0.249523906,-0.021537694,0.346708048,0.267701133,-0.220605527,0.118729164,0.201929314,0.531858417,0.411744339,-0.225694721,0.351282492,0.55038585,0.459756187,0.195105294,0.173696771,-0.127054135,0.072107014
"sample_132",0.333907562,0.138117798,0.526451194,0.006619871,0.003561134,-0.14462153,0.468873091,-0.007565079,0.213470648,0.19657563,0.29708621,0.326873422,0.354751136,-0.13157805,0.274701437,0.371450238,0.314072984,0.335469765,0.33553735,-0.190195778,0.301642079,0.300866806,0.265177851,0.350858794,0.114872619,0.414139338,0.390939799,-0.203265431,0.24303288,0.248297337,0.478190629,0.573325575,0.203008367,-0.258770567,0.1133767,0.551688513,0.312527118,-0.165079077,0.275913431,0.394099161,0.650070809,0.436864902,-0.268581768,0.585987903,0.387118129,0.431356124,0.196274736,0.365163996,0.0278766,0.287661453
"sample_133",0.180658928,0.210091944,0.466112942,0.212188535,-0.054352237,-0.017943971,0.468789661,-0.040138458,0.303792306,0.122832862,0.222707873,0.231162984,0.066032134,0.114336819,0.309088148,0.317080497,0.271368307,0.216120577,0.331535373,-0.03261306,0.249697309,0.380439903,0.222771916,0.433529301,0.496642667,0.3426539,0.375548337,-0.170570965,0.26887519,0.211650394,0.409939926,0.42632537,0.013647859,-0.123887412,0.204635985,0.3769923,0.302535648,-0.231871035,0.150159859,0.310766513,0.598147191,0.472374977,-0.240758029,0.513497092,0.643755041,0.397918387,0.240187278,0.309991313,-0.132997326,0.09210103
"sample_134",0.336326921,0.425255265,0.431347681,-0.048973345,0.018789732,-0.157090465,0.433524584,-0.034597541,0.320194636,0.063335001,0.296825561,0.466237724,0.32299197,-0.261874375,0.235328828,0.351093603,0.437667223,0.391730918,0.359408529,-0.219816355,0.227315287,0.220973913,0.267998857,0.44338798,0.210063317,0.535686403,0.536523813,-0.337720737,0.036770524,0.324996913,0.527869017,0.608941468,0.410076181,-0.287776064,0.281805187,0.615247931,0.376493921,-0.308060495,0.389606135,0.451829963,0.498094821,0.576712155,-0.181082721,0.441983348,0.425465068,0.482121929,-0.01680876,0.354419871,0.017077214,0.309632717
"sample_135",0.338403416,-0.200721722,0.469625182,-0.278278286,-0.245825474,-0.045947462,0.21988755,0.18461291,0.220595787,-0.104749755,-0.119207532,0.30672171,-0.009181132,-0.277694856,0.193152287,0.175907379,0.387934071,-0.002248448,0.214016843,-0.305466559,0.25765739,0.026390617,-0.06172624,-0.16876325,-0.229160328,0.443104231,0.302886694,-0.218264017,-0.180028592,0.071992146,0.383698668,0.517163609,0.170374911,-0.283923834,-0.048233754,0.584435647,0.244636078,-0.296394622,0.355842087,0.197226298,0.56790301,0.485874037,-0.158581384,0.207887556,-0.064077807,0.411139793,0.080877272,0.203330875,-0.135229665,0.202554853
"sample_136",0.24710028,-0.388904994,0.479611933,-0.048173416,-0.25538553,-0.072163645,0.138014871,0.157994918,0.284787709,-0.125915295,-0.245049596,0.357671072,0.360590781,-0.160060322,0.172527911,0.185202711,0.367276451,0.262941875,0.159537061,-0.17356886,0.175606086,-0.155891877,-0.123293909,-0.337838344,-0.386825598,-0.224119382,-0.296464691,-0.264875423,-0.263715438,0.231528512,0.380929191,0.605178009,0.136381169,-0.287878547,0.021363824,0.5335456,0.080120488,-0.210100501,0.395518364,0.201401562,0.599704448,0.321031677,-0.016473944,0.258191032,-0.371827901,0.355696843,0.335448394,-0.083784629,0.011036372,0.041472279
"sample_137",-0.103938066,0.37120571,0.296588572,-0.061553081,0.197911481,0.115627756,0.235360518,-0.034820193,-0.054891137,-0.056270197,0.260124265,-0.165677199,-0.178256167,0.108798494,-0.018618089,0.064215996,-0.067707341,0.066778912,-0.007507065,-0.169641963,0.088896759,0.225890272,0.257298265,0.448031551,0.437614116,0.641365416,0.520795866,-0.06524497,0.284657907,0.082552934,0.233971381,-0.002471997,-0.199712688,-0.092347822,-0.437244625,-0.281020752,0.130293887,0.033768577,-0.007679943,0.083260534,0.144508798,0.194699318,0.09450947,0.193285074,0.595355668,0.065722925,0.117243174,0.139667479,-0.335181127,-0.08833834
"sample_138",0.332255067,-0.380191321,0.429119636,0.015261041,-0.017397546,-0.125428799,0.219831917,-0.052254331,0.205066694,-0.043099404,-0.140469136,0.468060728,0.495756987,-0.176918955,0.266925435,0.36460853,0.355372002,0.476581533,0.345925364,-0.233631103,0.204236839,0.044897569,-0.131045398,-0.217998578,-0.327673841,0.032834257,-0.171251765,-0.238072465,-0.22570408,0.362995337,0.415770924,0.617154209,0.388879642,-0.152788024,0.169606439,0.584571688,0.35380622,-0.356873702,0.334516014,0.256443747,0.54600521,0.410638303,-0.084268377,0.421356861,-0.155189523,0.461330835,0.174144916,0.231742888,0.13807864,0.096203392
"sample_139",0.320000001,0.169538036,0.499459168,0.463841525,0.157945945,0.170402034,0.471514251,-0.107695857,0.225487611,0.234280806,0.180274865,0.379289282,0.528898431,0.462532991,0.371843231,0.425044787,0.300562979,0.578197783,0.395897812,-0.059375876,0.189355693,0.224564092,0.162378066,0.235617291,0.115222396,0.49025256,0.383182523,-0.225613487,0.092157173,0.481460828,0.439346119,0.607085638,0.331997039,-0.03446984,0.312251665,0.486760585,0.399192266,-0.349559754,0.249578437,0.334292297,0.5601103,0.365156676,-0.214809288,0.509542675,0.201993707,0.409460625,0.381811203,0.219562532,0.308879653,0.070169518
"sample_140",0.120573718,-0.214884501,0.259558292,-0.033674616,0.114546789,0.01844911,0.246702697,-0.140175129,0.157152739,0.050130553,0.007546014,0.318349417,-0.129019457,-0.214998548,0.285467787,0.273170801,0.058911091,0.021157967,0.16264804,-0.164590486,0.126721881,0.222936487,0.084433761,0.06776363,-0.057090731,0.529434075,0.376828103,-0.009487849,-0.172425357,0.055738237,0.106014242,0.191890213,0.11735963,0.024780997,0.323476726,0.305432494,0.387462396,-0.142873059,-0.048508642,0.137858872,0.017496647,0.285430186,-0.292563572,0.235652097,0.397858977,0.32089346,0.020875698,0.276757818,0.016126742,0.128912269
"sample_141",0.33975972,-0.143111179,0.465103766,-0.275456627,-0.163520968,-0.275162996,0.226888907,0.048587992,0.300694025,-0.127871125,-0.111939109,0.415243206,0.432739788,-0.305828057,0.165694203,0.220025877,0.380126344,0.363166877,0.332649729,-0.37148456,0.22800428,-0.02900898,-0.085798864,-0.235086844,-0.284407678,0.190295775,0.079592264,-0.336246493,-0.203440454,0.265540161,0.462181489,0.607395159,0.358604448,-0.277595373,0.080129394,0.59052301,0.25459626,-0.376463486,0.406046432,0.309235687,0.584512329,0.330698842,-0.165860185,0.29930317,-0.264308943,0.427276656,0.189007177,0.172987567,-0.129388972,0.089850017
"sample_142",0.33351696,0.228512435,0.51290354,0.019196609,-0.040786992,-0.13303454,0.395433707,0.09554164,0.374981218,-0.008225033,0.152076781,0.448195193,0.384695788,-0.138778896,0.260851275,0.310702779,0.346603195,0.356503573,0.380153402,-0.19869944,0.214921018,0.179230856,0.137679305,0.060583844,-0.017576327,0.399406444,0.385684006,-0.312668681,0.02334332,0.326172542,0.538260711,0.653118676,0.427735017,-0.254853728,0.121280617,0.593376911,0.355713771,-0.39761054,0.388411216,0.396251247,0.571346773,0.457242789,-0.135785186,0.412003685,0.332809099,0.463839123,0.268803296,0.311835228,0.192699533,0.166787992
"sample_143",0.18871587,-0.305156236,0.421968548,-0.117588628,-0.163961375,0.006814892,0.184794899,0.054505558,0.304403664,-0.087926551,-0.255589505,0.409340693,0.065345946,-0.291790754,0.143361453,0.143196767,0.417384947,0.162666267,0.226224019,-0.220354959,0.229533856,-0.056493614,-0.1117093,-0.26660535,-0.304281096,-0.050748212,-0.106751799,-0.241519731,-0.143902515,0.09208546,0.356467632,0.512208078,0.058848943,-0.242157589,-0.043211151,0.567162677,0.21557634,-0.301415894,0.322102857,0.288865187,0.584484692,0.350851851,-0.104905851,0.346119065,-0.261972869,0.423939059,0.109757342,0.055263192,0.089454724,0.112922273
"sample_144",0.231416302,-0.261182631,0.51018474,-0.105252687,-0.180976475,-0.179922683,0.178610893,0.07874517,0.327548318,-0.163829473,-0.258392558,0.434421004,0.228237556,-0.230727225,0.220466264,0.195334524,0.348109356,0.14587025,0.228245589,-0.224931694,0.253114134,0.02229364,-0.147629109,-0.290678059,-0.383050935,0.223238711,-0.02529737,-0.271112795,-0.250426993,0.160165938,0.36922762,0.564228764,0.220624827,-0.28638767,0.256482359,0.552931167,0.326474316,-0.304567855,0.356545523,0.176451832,0.504719086,0.430165947,-0.178004004,0.402821544,-0.028748506,0.409278651,0.283553029,0.188134971,0.1474129,0.11518042
"sample_145",0.014067713,0.224093744,0.274425433,-0.064222994,0.142364408,0.069990639,0.250716896,-0.187595325,0.251752229,0.096095176,0.226367944,-0.11074908,-0.217714772,-0.141258659,0.274989127,0.218254522,-0.06099869,-0.0083981,0.154886286,0.114735715,0.026218786,0.2592821,0.083074298,0.39381894,0.420434167,0.54929747,0.50763186,-0.040165388,0.139971402,0.128718942,0.210450157,0.084809937,-0.055385254,0.044451575,0.096747378,0.011251068,0.223424596,-0.213704716,0.045103868,0.33839939,0.132271488,0.211356972,-0.200979706,0.369877231,0.555356285,0.372996808,-0.038800296,0.28542438,-0.073793498,0.076707512
"sample_146",0.260024877,0.206184743,0.511360436,0.263509001,0.107923881,-0.022228107,0.416151208,-0.11092826,0.313624602,0.082346724,0.094370006,0.379539042,0.43112018,0.091788212,0.338056047,0.37233602,0.281138266,0.473387552,0.370477231,0.039407948,0.257915149,0.240188495,0.242409613,0.316941072,0.100931834,0.392632525,0.326894145,-0.239197425,0.028815383,0.363762594,0.434385576,0.556487084,0.234949816,-0.227069558,0.346979729,0.488157744,0.397107514,-0.388333153,0.343931953,0.308795108,0.513850891,0.39302289,-0.177111575,0.403215461,0.297010323,0.383718799,0.321244216,0.178674652,0.232453017,0.112661005
"sample_147",-0.060668262,0.501003493,0.36842848,0.062933931,0.040296288,-0.092204034,0.410397646,-0.156321753,0.196251588,0.023029043,0.377492458,0.087363109,0.0548136,-0.114611239,0.241828893,0.222916933,0.129063927,0.270941536,0.091887178,-0.279839478,0.111108331,0.197947382,0.329654564,0.567078752,0.546770313,0.68221422,0.668947342,-0.195609,0.326703302,0.308235786,0.311010844,0.310096792,-0.044310107,-0.253547046,-0.03660916,0.102344535,0.1875879,-0.236030219,-0.006006595,0.472089599,0.427407662,0.410225746,-0.261233846,0.371093211,0.660145626,0.395094992,0.100719367,0.353762517,-0.089369044,-0.007541846
"sample_148",0.344410624,-0.13357278,0.551003467,0.318493044,0.094535819,-0.122934201,0.381035529,-0.092061339,0.303528021,0.160878094,0.142066336,0.369791113,0.293148249,0.205831192,0.363215516,0.395836206,0.30784811,0.297404131,0.405881325,-0.105120137,0.313710532,0.356437923,0.231174671,0.281630294,0.046608232,-0.001849219,0.034464141,-0.151675429,0.115555467,0.219847578,0.455841228,0.56144964,0.352243276,-0.12568842,0.206204082,0.560777527,0.39380482,-0.348560059,0.29848312,0.370082071,0.543997014,0.550280069,-0.30984542,0.520492385,0.422915391,0.421830185,0.291880713,0.304174171,0.144101143,0.180031093
"sample_149",0.046239815,0.407733509,0.349571651,0.236826301,0.275523421,0.059795193,0.445622936,-0.237788669,0.264850203,0.251997346,0.4004607,0.081735715,-0.138792261,-0.097047382,0.252619592,0.302325417,0.017351108,0.147166246,0.229974999,-0.082309661,0.167314659,0.350874626,0.330181094,0.503357336,0.491463033,0.530668833,0.505230828,-0.119109281,0.310462602,0.134885629,0.35905928,0.231187496,-0.076468988,-0.022550715,0.265053129,0.106070408,0.406099492,-0.083337201,-0.012075575,0.388244925,0.258840562,0.478244962,-0.24630364,0.529240138,0.671917385,0.27101785,0.111902379,0.399282274,0.07267752,0.09576355
"sample_150",-0.090236122,0.437996547,0.173623804,-0.02149453,0.191117055,-0.08804512,0.396974867,-0.154100404,0.07506991,-0.010664384,0.268677813,0.061605307,-0.222510813,-0.144657629,0.174243112,0.182786822,-0.103576786,0.022502086,0.136112049,-0.014222873,0.043367674,0.239448766,0.269814986,0.544906427,0.497473633,0.677652186,0.625868167,-0.168379554,0.235459294,0.159416904,0.225401412,0.042155265,-0.220533078,-0.094904306,0.322769334,-0.129662238,0.252835212,-0.27086292,-0.20122546,0.457417931,0.230524306,0.378451523,-0.318149382,0.427129586,0.634210447,0.241731784,0.197347904,0.287378854,0.158350941,-0.064285683
"sample_151",-0.364812147,-0.210039577,-0.521280989,-0.032774208,-0.045236602,0.07521575,-0.471863617,0.04100184,-0.366641944,-0.067393557,-0.330041888,-0.418906814,-0.204253194,0.102542811,-0.249896373,-0.252405736,-0.344706633,-0.287715364,-0.285816563,0.269433592,-0.26867931,-0.318271645,-0.28125852,-0.437478792,-0.312396831,-0.663225248,-0.568138691,0.368835083,-0.126567823,-0.344140927,-0.516416964,-0.594304306,-0.275162565,0.183565403,-0.401810218,-0.589294712,-0.47532973,0.213615483,-0.247102575,-0.451749205,-0.563841042,-0.581640623,0.334214568,-0.536811413,-0.546188216,-0.516196539,-0.13664714,-0.358656787,-0.1612547,-0.179174638
"sample_152",0.260024552,0.260966947,0.47739372,-0.196199744,-0.189087312,-0.193191452,0.249810471,-0.031572109,0.256210666,-0.079555767,0.126444564,0.37736943,0.346412864,-0.356522185,0.142805646,0.222877979,0.319835939,0.339458915,0.246441999,-0.286685641,0.21867832,0.032896319,0.080505524,0.019169859,-0.102166344,0.367801075,0.338885953,-0.309228465,-0.061075184,0.386746527,0.460271098,0.622595968,0.334339406,-0.361669709,0.011632753,0.557495999,0.3085355,-0.308315982,0.3805342,0.388354182,0.59453569,0.441674783,-0.010837125,0.328021127,-0.044517638,0.398577226,0.209444122,0.176724573,-0.09082508,0.211810381
"sample_153",0.281116513,-0.157545818,0.446906412,-0.09731579,-0.093820306,-0.092665946,0.27789405,-0.007151298,0.350382021,-0.092370473,-0.052782326,0.372797053,-0.056747298,-0.304475655,0.322992918,0.25439595,0.388195767,-0.017564266,0.274588177,-0.141182878,0.220897676,0.233196719,-0.057399124,-0.104471219,-0.211713647,0.317794651,0.255835343,-0.241958506,-0.202458733,0.055967038,0.389102542,0.529147059,0.262376381,-0.210229545,0.268728245,0.540903198,0.294507212,-0.344519871,0.249017834,0.252210783,0.518591781,0.516469228,-0.269705506,0.294700873,0.243266844,0.39039499,0.216584626,0.185464699,0.140757953,0.212190775
"sample_154",0.304049033,0.230241476,0.513977123,0.386468213,0.07120171,0.061291905,0.495421706,-0.031883102,0.36627424,0.252894043,0.349126888,0.29788625,0.080116205,0.019045117,0.376604503,0.439193031,0.350913891,0.283181895,0.352673234,-0.023405266,0.196178338,0.441347221,0.321847682,0.440041609,0.403391107,0.447358265,0.444311646,-0.08730959,0.172945592,0.22978698,0.410324301,0.492576163,0.330714485,-0.067686881,-0.067545368,0.564841668,0.384084662,-0.333051794,0.207647162,0.387428136,0.485456587,0.5318566,-0.263005909,0.537914809,0.638848182,0.423172081,0.139456374,0.394343017,-0.082764508,0.193413059
"sample_155",0.255219106,0.090301507,0.411601535,-0.245211766,-0.197848592,-0.211703988,0.169733103,0.048559348,0.232439346,-0.256342302,5.33e-05,0.374142974,0.377101004,-0.287443225,0.090866974,0.167567543,0.343252207,0.404014767,0.271194179,-0.267155868,0.206934289,0.001367786,-0.034291059,-0.050293,-0.160957974,0.311197839,0.239887518,-0.281216928,-0.124994809,0.291193797,0.437371161,0.607636299,0.221146019,-0.222082568,-0.056113455,0.554969916,-0.030700024,-0.26881004,0.392931335,0.21720443,0.571336363,0.332134314,-0.008847015,0.314223697,-0.128120319,0.461005595,0.123561089,0.164494003,-0.184398691,-0.022531964
"sample_156",0.252844314,-0.212454489,0.482974437,0.029544393,0.018223214,0.045240664,0.324034197,-0.011459726,0.299971261,0.03829265,0.052080696,0.325098292,0.001661018,-0.105200145,0.301087587,0.326627235,0.272739025,0.122061289,0.346634278,0.025622478,0.256719864,0.334011691,0.114908618,0.099016701,-0.028549492,0.108902404,0.103762254,-0.06294117,-0.076758153,0.260950305,0.295480089,0.312271518,0.213863075,-0.11606079,0.239561036,0.396122932,0.345513282,-0.42157435,0.168649943,0.281133365,0.361624186,0.256051698,-0.283167996,0.484395387,0.326467626,0.329988837,0.142112186,0.328993939,0.219360944,0.162873304
"sample_157",0.260467878,-0.273278695,0.527639461,-0.105403225,-0.199788115,-0.183909645,0.24686075,0.100863139,0.248075466,-0.033135037,0.01306203,0.329291151,0.058656106,-0.245132699,0.278089393,0.323025463,0.372197986,0.134635748,0.355758402,-0.215217218,0.242986367,0.207079391,-0.061906753,-0.138854399,-0.221511142,0.3437105,0.140963145,-0.259625074,-0.082329862,0.218138587,0.448952858,0.524245756,0.16598419,-0.307615162,0.151980332,0.542711288,0.188451559,-0.276746463,0.291975797,0.310753499,0.657285915,0.500640328,-0.131698669,0.317425524,0.029876761,0.417903882,0.195497209,0.205498859,-0.182715194,0.195245853
"sample_158",0.232515833,-0.341878271,0.524387211,-0.214151371,-0.247166842,-0.239456465,0.167401655,0.082496595,0.300172163,-0.150303598,-0.118701722,0.360061734,0.487058229,-0.335757836,0.155033981,0.191890495,0.310214773,0.433639847,0.33244862,-0.399285177,0.21410797,0.051674363,-0.081785414,-0.154494785,-0.254228857,0.410327175,0.158667438,-0.316414323,-0.193083664,0.299800026,0.487172621,0.600536834,0.245951663,-0.344372072,0.033830201,0.540321066,0.17872504,-0.312539961,0.292449311,0.308429193,0.622083747,0.371922684,0.086103627,0.291843802,-0.035223632,0.494978786,0.190120234,0.195840823,-0.142818389,0.03338823
"sample_159",0.340795366,-0.435811156,0.398941991,-0.342490852,-0.285230165,-0.338234946,0.066298169,0.17851581,0.255680785,-0.19115146,-0.259817543,0.423803995,0.116712462,-0.362161977,0.094893965,0.094908222,0.390112246,0.050471153,0.263742193,-0.165471796,0.268652299,-0.112626646,-0.218194388,-0.338990711,-0.407009729,-0.100345677,-0.212276229,-0.285826352,-0.317507207,0.048802382,0.373408874,0.546211233,0.24019626,-0.300091088,-0.06536676,0.61029477,0.172011421,-0.209070197,0.387893884,0.104323985,0.587741466,0.418213857,-0.137050054,0.239219948,-0.370683814,0.369164484,0.172745461,0.061618542,-0.03500681,0.162551406
"sample_160",0.00517629,-0.35701327,0.108230036,-0.021703859,0.048672328,0.063938288,-0.144945705,0.049112752,0.07262051,-0.180839607,-0.284316743,0.049231394,-0.04867757,-0.092857514,0.077827179,0.00828668,0.128676327,-0.074457704,-0.013279317,0.246147958,-0.009895245,-0.128957825,-0.186636827,-0.428774192,-0.354818483,0.230641124,-0.001800209,-0.00663841,-0.117644686,0.02797759,-0.056159346,0.379276058,-0.160249754,-0.16224273,0.139327579,0.207971947,-0.05697291,-0.003601575,0.157198983,-0.236899027,0.244652131,0.026774686,0.016362718,0.069689899,-0.38925863,0.061295448,0.176383775,-0.200445599,-0.181520075,-0.025607798
"sample_161",0.322205652,-0.332860433,0.46179727,-0.166810634,-0.1100021,-0.177029603,0.27798605,0.100630652,0.278330511,0.001297551,-0.000455691,0.374143336,0.1789219,-0.20334505,0.247501103,0.307387715,0.354412912,0.19536444,0.296864704,-0.24612969,0.257037921,0.062450585,-0.122330355,-0.189086028,-0.284294165,0.008757617,-0.087504487,-0.211402658,-0.099356537,0.207411293,0.379514395,0.578628435,0.172186744,-0.253074963,-0.03711085,0.588976725,0.273527809,-0.364229105,0.332734604,0.254283775,0.612721926,0.43395812,-0.162782276,0.269397592,0.006619573,0.444302632,0.217756326,0.214972162,-0.131186143,0.226249657
"sample_162",-0.362203862,-0.210912075,-0.3288842,-0.122718184,0.033397545,0.009119862,-0.344845332,0.189048324,-0.310497812,-0.017260469,-0.254106201,-0.330493396,-0.256137986,0.091864681,-0.103085689,-0.167663656,-0.284454055,-0.201259756,-0.257210155,0.206604868,-0.12659742,-0.251519701,-0.184109579,-0.440805038,-0.259162729,-0.230254574,-0.321396824,0.322971644,-0.027591713,-0.30936045,-0.357885899,-0.425275917,-0.223482332,0.207057502,-0.295094425,-0.488642945,-0.404162754,0.394155808,-0.296382293,-0.383271374,-0.417341358,-0.399078353,0.288728064,-0.34223001,-0.486646504,-0.371712131,-0.145745286,-0.326316626,-0.046100134,-0.076026374
"sample_163",-0.013066012,-0.199966115,0.373477078,-0.335046738,-0.147107187,-0.257006787,0.097303703,-0.003965655,0.014765428,-0.167260485,-0.139665614,0.260431698,-0.103453277,-0.309239945,0.144884396,0.163242896,0.120668167,-0.049885206,0.075536965,-0.133052527,0.08075996,-0.028362578,-0.128520599,0.008291472,-0.12618065,0.384616176,0.259875858,-0.20038667,-0.066817825,0.29097056,0.165161183,0.124037312,-0.031754356,-0.15597116,0.007206444,0.092264751,0.273877625,-0.440405461,0.118610672,0.237018387,0.289511863,0.25439644,-0.068094242,0.192903971,0.235179444,0.248608899,0.124734455,-0.023577684,-0.26857867,-0.051564082
"sample_164",0.001883003,0.042902975,0.36214486,-0.356638958,-0.184679318,-0.269930188,0.13248584,0.002488633,0.248520755,-0.225792705,-0.10303108,0.269071068,0.044272852,-0.344310873,0.109118071,0.080329515,0.165707387,0.030280849,0.161545196,-0.378867461,0.184787315,-0.102788388,-0.071675564,0.117777158,-0.041158444,0.549121764,0.483300816,-0.287647951,-0.170353784,0.278121404,0.196184165,0.36952835,0.051469107,-0.298961493,-0.113848527,0.313542791,0.14222235,-0.391338138,0.244378924,0.18694785,0.402331338,0.301586842,0.053472111,0.076006479,-0.038395598,0.31200842,0.172002907,-0.049057463,-0.30343731,0.006269177
"sample_165",0.327981462,0.096030927,0.567646525,0.148078335,-0.15772479,-0.214620363,0.326166122,0.071580687,0.260647759,0.05446559,0.133687438,0.407005885,0.510331536,-0.186608594,0.20099727,0.2605338,0.422487034,0.496039946,0.34901776,-0.290242793,0.225467979,0.156388334,0.087245719,0.186432186,-0.118873586,0.463232129,0.382409132,-0.287547855,0.036518773,0.408498306,0.491735163,0.656211774,0.355778018,-0.337624424,0.032540658,0.588604957,0.265571142,-0.2510942,0.36149648,0.334126674,0.678033388,0.409124879,-0.084242893,0.336713255,0.13285602,0.464556224,0.293753823,0.215721836,0.109945127,0.149822237
"sample_166",0.207364685,-0.066301469,0.484853284,-0.252386288,-0.138248736,-0.130262775,0.294148807,0.024903556,0.154445895,-0.061848695,0.027736442,0.377435039,0.405070434,-0.305070325,0.15311516,0.193536139,0.351979531,0.409011034,0.275151732,-0.245432633,0.174382232,0.007229542,-0.110139012,0.006689917,-0.104883444,0.420999902,0.31325246,-0.300226021,-0.170855821,0.372677505,0.384952603,0.54862777,0.316098438,-0.368354592,-0.165111602,0.471043744,0.196912744,-0.334631953,0.317342748,0.286688678,0.4922377,0.414787982,-0.02384167,0.34479839,0.172126198,0.414521258,0.113403213,0.224583854,-0.229903655,0.047065393
"sample_167",0.258969387,-0.05690756,0.406752926,-0.211644012,-0.111412783,0.003237633,0.201700931,0.055137083,0.216019205,-0.100084789,0.017694912,0.2968747,0.267205376,-0.265278367,0.216982928,0.271872316,0.305961472,0.200195245,0.352688264,-0.236124918,0.218634177,0.153916624,-0.041651601,0.11170911,0.061767031,0.446553354,0.378068228,-0.31530613,-0.070597952,0.263778171,0.363291929,0.463737663,0.185744356,-0.254994827,-0.147853527,0.440113402,0.271854562,-0.523982912,0.239540576,0.271584974,0.505400885,0.497281864,-0.155159172,0.22599001,0.346187225,0.334288151,0.214257188,0.202711631,-0.203642471,0.185087047
"sample_168",-0.295054601,0.131233256,-0.171952185,0.241952559,0.091904968,0.328478648,0.008314457,-0.00235569,-0.01166403,-0.018246534,0.092822782,-0.316474956,-0.107651197,0.244589995,-0.096953002,-0.102719462,-0.257489045,-0.087869768,-0.154970027,0.280759788,-0.180021343,0.153661018,0.008196026,0.064551074,0.244404107,-0.069093197,-0.003295423,0.127350214,0.283856594,-0.261113778,-0.18833516,-0.393045247,-0.401311746,0.11952943,-0.323796485,-0.445397246,-0.030015531,0.430227932,-0.284152634,-0.113855656,-0.380736827,-0.256530595,0.228933376,-0.201389856,0.443745651,-0.281611534,-0.023910051,0.026995424,-0.077144131,-0.15964169
"sample_169",0.215557138,-0.227066122,0.606828349,-0.048541595,-0.258128108,-0.116013688,0.163613013,0.09073863,0.362574538,-0.164433851,-0.080094591,0.378531993,0.33588891,-0.310736595,0.151700348,0.144133276,0.344664523,0.285192322,0.222258309,-0.209551311,0.218232489,-0.002097816,-0.051693256,-0.065520094,-0.200902317,0.410185232,0.314738658,-0.227044691,-0.082932499,0.267627084,0.44079719,0.601158274,0.221993442,-0.290596693,-0.092055263,0.556682186,0.269003375,-0.408021142,0.35303228,0.304060019,0.629371571,0.329173104,-0.095743638,0.203648394,-0.05745575,0.407169464,0.2726265,0.147539428,-0.128649681,0.066047368
"sample_170",0.12134342,0.371511032,0.268639056,0.202314989,0.222596125,0.041805913,0.328560867,-0.205015127,0.189115532,0.203097777,0.274532194,0.098918857,-0.209579974,-0.020053758,0.287233531,0.297731537,0.027002395,0.080886225,0.109673093,-0.0805692,0.049370736,0.390115123,0.369205265,0.58251661,0.506883453,0.623458495,0.573410563,-0.015638124,0.297202581,0.121037854,0.297354418,0.066971736,-0.188390493,-0.016346415,-0.061424936,0.116274139,0.349738094,-0.217111602,-0.107804845,0.308077807,0.125682479,0.42334657,-0.089962021,0.480795749,0.691916835,0.308249608,0.030706564,0.315120458,0.128396575,0.164536257
"sample_171",0.282239732,-0.313058238,0.579853954,0.033875369,-0.119873002,-0.157435082,0.350427489,0.037570346,0.277113654,-0.020697083,-0.028021441,0.378479473,0.338946105,-0.213464846,0.234963488,0.270891162,0.377575555,0.34802085,0.364370194,-0.331258524,0.204384539,0.141215907,-0.097556459,-0.115561837,-0.206100967,-0.267709742,-0.197526552,-0.241041068,-0.112184257,0.285998053,0.446130029,0.644739613,0.361496511,-0.241046224,0.06799114,0.615896488,0.291532194,-0.237563931,0.307674198,0.235711223,0.586370738,0.329157803,-0.094137574,0.313001139,0.108315673,0.494889745,0.233516951,0.272898079,-0.03552475,0.161147739
"sample_172",0.274018745,0.187383955,0.490238207,0.028356217,-0.112510472,-0.171395603,0.340361241,0.129687463,0.291613591,0.063249047,0.244345527,0.335405391,0.217536437,-0.137771791,0.221993041,0.272979643,0.322003077,0.282285459,0.236488962,-0.393676798,0.252203833,0.151557004,0.187653256,0.367452245,0.354741304,-0.336280312,-0.043308491,-0.258566233,0.147150966,0.341701593,0.52375741,0.574027052,0.237767186,-0.219635767,0.283047327,0.543542639,0.320558208,-0.172561723,0.218124301,0.412252575,0.608067242,0.491637114,-0.057844758,0.492811098,0.423884305,0.483655585,0.214425394,0.281302985,-0.039341038,0.194125994
"sample_173",0.338071958,0.37882677,0.531008579,-0.05303577,0.129610901,-0.151517079,0.42335613,-0.028831131,0.137102189,0.110497744,0.259973343,0.350662341,0.308784321,-0.117073933,0.329868012,0.370528358,0.40944653,0.407555231,0.318094156,-0.206274926,0.230472464,0.104881138,0.252809191,0.287863719,0.129492865,0.551472319,0.498202363,-0.170954181,0.152512017,0.355007222,0.441175292,0.532747132,0.275985935,-0.115754824,0.209683683,0.562550107,0.354122214,-0.2746731,0.287417719,0.4300242,0.538787149,0.530027109,-0.320121287,0.417253013,0.305592693,0.424652656,0.133130682,0.202594967,-0.008052266,0.258006693
"sample_174",-0.328898225,0.089481623,-0.424365524,0.276507375,0.303407089,0.322803715,-0.090553932,0.044036434,-0.208930398,0.195691485,-0.034764865,-0.406603502,-0.28001977,0.383324915,0.014748867,0.03802701,-0.313033769,-0.195489556,-0.092359105,0.339166978,-0.223006724,0.247501895,0.092632904,0.187936606,0.280674047,-0.455923654,-0.318665889,0.298195684,0.14550265,-0.302148938,-0.305373489,-0.513295741,-0.348109361,0.380082487,-0.142432535,-0.543849971,-0.11756521,0.302745405,-0.298879688,-0.288463744,-0.522957863,-0.242486749,0.250001046,-0.185684623,0.371051032,-0.321919398,-0.080662602,0.053895447,0.145137084,-0.139113507
"sample_175",-0.048850096,-0.318239208,0.147207096,-0.250725087,0.005796235,-0.243508506,0.010161467,-0.155171405,-0.012166169,-0.177226329,-0.239330285,0.044033667,-0.238836549,-0.273661575,0.176576856,0.030504335,0.044649546,-0.191421,-0.012330204,0.015058503,0.040118907,-0.070525636,-0.146550716,-0.245824081,-0.301339579,-0.07451629,-0.161908184,-0.059231423,-0.240101728,0.085366335,-0.0428378,0.175264134,-0.146817478,-0.027491707,0.212842598,-0.0086779,0.075995199,-0.404082366,0.0040487,0.17787447,0.094638568,0.171448895,-0.072764069,-0.051729961,-0.050456915,0.093166355,0.075132797,-0.124526433,0.207654246,-0.083455837
"sample_176",0.34227477,-0.372764772,0.511654683,0.029797437,-0.148763268,0.020775639,0.231627426,0.145845255,0.395735079,-0.122153248,-0.230920093,0.364570391,0.294524999,0.021847361,0.274564066,0.21663224,0.388006655,0.285602275,0.340800053,-0.094634713,0.257189663,0.037347019,-0.158863454,-0.366613973,-0.36188036,-0.321937864,-0.309242219,-0.236465143,-0.257598146,0.185450667,0.396398519,0.572110902,0.187465094,-0.17022643,0.274038729,0.558663194,0.262273834,-0.387128301,0.417585654,0.210383008,0.582052811,0.359013911,-0.189604185,0.416159432,-0.318664567,0.382664795,0.404839413,0.077631424,0.195470137,0.176361318
"sample_177",0.096998501,-0.376207109,0.325867834,-0.210980916,-0.232317067,-0.167933622,0.007358561,0.054413063,0.165404168,-0.012060032,-0.200315932,0.20705007,0.010453852,-0.338855613,0.064423111,0.06562342,0.193727951,-0.009369915,0.075984662,-0.319008196,0.145470742,-0.190614168,-0.259168813,-0.367264442,-0.407546218,-0.313449558,-0.289200807,-0.225112821,-0.284266278,0.120318333,0.182824125,0.422856248,0.058076849,-0.186757602,-0.067355595,0.385960292,0.001229078,-0.170343676,0.152852626,0.134840038,0.553542135,0.302865512,-0.131988591,0.159486461,-0.337627959,0.313464922,0.144355868,-0.14390667,-0.092010698,-0.023362638
"sample_178",-0.040381826,0.444459536,0.290918801,0.225317232,0.084155783,-0.129786368,0.3589071,-0.194786525,0.132496069,0.106237096,0.338268886,0.044720195,-0.193482452,0.077399742,0.037337758,0.039983588,0.002996672,0.002589306,0.061308154,-0.090255544,0.135601729,0.29075979,0.34125324,0.575910475,0.551033213,0.598795976,0.560899831,-0.136950954,0.335869322,0.217694376,0.228628274,0.156763619,-0.32795351,0.038136063,-0.10479811,-0.076891809,0.256326899,-0.208116613,-0.258739192,0.369277543,0.320521099,0.072219334,-0.286041315,0.575840784,0.704809829,0.355368834,0.194206525,0.233465697,0.038221611,0.025229222
"sample_179",0.172409797,0.020941484,0.461904091,-0.072381828,-0.190627905,-0.145903254,0.050419806,0.024241552,-0.031155683,-0.105103522,-0.029287049,0.267017432,0.330969017,-0.280334567,0.193934424,0.099042317,0.31640205,0.286882882,0.194128624,-0.284091123,0.16947668,-0.101883622,-0.124723162,-0.088080943,-0.178475961,0.323386899,0.21206769,-0.260173978,-0.126722802,0.322615673,0.223817479,0.480178144,0.048226356,-0.302692959,0.019592623,0.393521943,0.043613292,-0.377498234,0.241903728,0.187679276,0.555187901,0.241883314,-0.044175407,0.273655009,-0.227984395,0.316117719,0.307018024,-0.167736696,-0.044537885,0.02148468
"sample_180",0.012210664,0.217207,0.179063968,0.101594279,0.281107452,0.142625737,0.406919504,-0.16189232,0.065593281,0.320741642,0.32845681,-0.077089489,-0.352795153,0.035916524,0.243646099,0.20474597,-0.129509698,-0.126509253,0.081103794,-0.033417977,0.022458226,0.283198779,0.204838583,0.424683565,0.393091891,0.192231094,0.176901119,0.13139612,0.279403358,0.098340668,0.142674356,-0.028092217,-0.406010583,0.24316021,0.3026308,-0.000873313,0.269678907,0.0310957,-0.206897382,0.218900181,0.020896493,0.113471753,-0.220736783,0.285718528,0.557889165,0.039999183,-0.015463726,0.250070638,-0.045715683,0.035782341
"sample_181",-0.295037879,0.084123631,-0.306726013,-0.084223721,0.131897609,0.370843558,-0.128803492,0.085468472,-0.16702633,0.264829828,0.022535997,-0.296409853,-0.301209848,0.298165348,0.0499897,0.031174408,-0.297550372,-0.253620479,-0.165063304,0.160170159,-0.226844381,0.242540702,0.179939982,0.187342448,0.258686844,-0.415627458,-0.222838495,0.275528702,0.164497329,-0.312328922,-0.23996654,-0.534998446,-0.213707938,0.283232689,-0.035977117,-0.507641991,-0.091279338,0.163254162,-0.288142238,-0.119506942,-0.473865825,-0.493256575,0.161777783,-0.391953956,0.329281231,-0.32486028,-0.178378882,0.07451612,0.206194777,0.002902923
"sample_182",0.282499625,-0.470264479,0.437684671,-0.083257236,0.004164231,0.275879146,-0.072806241,0.151180543,0.31203053,-0.158087387,-0.327444432,0.315758739,0.227729472,-0.112697911,0.252043697,0.236208712,0.352534969,0.230200311,0.196092836,-0.050453686,0.208051916,-0.083712194,-0.198951981,-0.409064782,-0.501969271,-0.497137073,-0.468447461,-0.152430553,-0.30989718,0.203202327,0.293996349,0.497517703,0.273879657,-0.184953822,0.304765907,0.459487748,0.151328056,-0.120410358,0.318360883,0.0329324,0.495578051,0.334515323,-0.109160412,0.152234052,-0.410906863,0.278499648,0.287228545,-0.102125228,0.205927062,0.045895935
"sample_183",0.29456805,-0.408191612,0.494634835,0.204970393,-0.054680777,0.23409547,0.098413921,0.034224358,0.342260411,-0.111601478,-0.220061901,0.383187499,0.443618297,0.001378419,0.274961236,0.296986526,0.340748419,0.463579869,0.258250005,0.095900059,0.183039589,-0.047908232,-0.157879467,-0.364920408,-0.410307631,-0.394319504,-0.386869617,-0.261464263,-0.309770523,0.362597991,0.347680695,0.569715489,0.312589786,-0.23967875,0.343914861,0.558372598,0.221807677,-0.078910796,0.365623551,0.135895238,0.57969339,0.360548823,-0.076243834,0.322255425,-0.353475606,0.359255974,0.376356535,-0.052398786,0.288077578,0.147673269
"sample_184",0.037490149,0.396003598,0.080277309,0.089479949,0.173820961,0.281342688,0.371483157,-0.07548849,0.043622163,0.052068538,0.30419605,0.115834465,-0.144090972,-0.064282008,0.203210367,0.242522059,-0.0631356,-0.063272939,0.075430589,0.250654951,0.035088362,0.392493991,0.27034298,0.53341472,0.466583703,0.587647153,0.560395739,-0.002886715,0.237194895,0.030937225,0.30959289,0.140988437,0.140749254,0.116966516,0.084842017,0.008964241,0.243415864,0.033595389,-0.010050177,0.269778484,0.291815582,0.502386997,-0.260666353,0.22966602,0.607003772,0.180245314,0.147237762,0.318496422,0.222811059,-0.009752465
"sample_185",-0.109070609,-0.152074414,-0.141564533,0.170022345,0.118782346,0.337987753,-0.055094875,-0.047075206,-0.148276383,0.118934173,-0.003827537,-0.157666351,-0.305960117,0.326675109,0.162398462,0.166638905,-0.14909832,-0.298049531,0.150241895,0.07033187,-0.079447871,0.328316835,0.089207946,-0.011830289,0.09112994,-0.176060625,-0.19297763,0.32069522,0.210377106,-0.219270487,-0.153020282,-0.390512349,-0.333254793,0.345035001,-0.143676426,-0.378040044,0.051264814,0.143662651,-0.303518376,-0.236426926,-0.359320222,-0.21245386,0.29491588,-0.070276997,0.094498903,-0.191248037,0.074964631,0.01534427,-0.000805223,0.015295389
"sample_186",0.306779202,-0.141807018,0.425062548,-0.294968024,-0.12593121,-0.189991679,0.16518919,0.052042904,0.255851332,-0.040256291,-0.165536599,0.392021806,0.158839251,-0.206045408,0.241670435,0.170731313,0.363128127,0.212399077,0.288885844,-0.032733932,0.217760725,0.091994607,-0.046917774,-0.131571144,-0.305604222,0.097259898,0.04488864,-0.293914253,-0.24015323,0.219131633,0.449267216,0.545304472,0.208536824,-0.208592131,0.068773233,0.585338523,0.31003195,-0.404689442,0.344269884,0.309448389,0.52923077,0.412238366,-0.058739909,0.339596462,-0.11749471,0.408518479,0.179196133,0.045139325,0.050094347,0.22799294
"sample_187",0.087147533,0.05169867,0.425180259,0.034470609,0.075155047,-0.106971458,0.317809472,-0.096198087,0.208144152,0.089401623,0.122995133,0.070387243,0.018290999,0.014954486,0.227348726,0.190912357,0.117313937,0.031393755,0.177368335,0.005207199,0.179360513,0.175963022,0.202033922,0.11334977,0.079834999,0.488496922,0.476523887,-0.063889389,-0.033002546,0.193416511,0.289699413,0.365367189,-0.155165025,-0.04610919,-0.206208283,0.338167309,0.184355949,-0.192787389,0.122741296,0.030840673,0.41378355,0.179075375,-0.126841596,0.177714788,0.143010399,0.284233981,-0.01850846,0.154237886,-0.28013023,0.0984383
"sample_188",0.219716947,-0.211535233,0.435442099,0.019296902,0.135990602,-0.090232823,0.152170923,-0.068716183,0.211348041,0.111824958,0.002248599,0.053356469,-0.008814451,-0.088958225,0.310226319,0.371757913,0.390623405,0.028817038,0.332358979,0.159483458,0.229229922,0.157805213,-0.059228362,-0.119947627,-0.209214531,0.035646985,-0.102828751,0.068788538,-0.220260268,-0.022585125,0.262696245,0.453815636,0.281004762,-0.048234512,0.381318758,0.482872071,0.297397235,0.082525693,0.185903506,0.189119647,0.395772452,0.367441941,-0.170751588,0.316851924,-0.138251752,0.363145196,0.023454906,0.203875701,0.136145093,0.240918674
"sample_189",0.077412008,-0.409411987,0.279854283,-0.307609033,-0.291274039,-0.241760042,0.003205383,0.166466156,0.091877832,-0.259907527,-0.292099272,0.184019779,0.015305947,-0.398301779,-0.035501242,-0.025615145,0.138063431,0.083778918,-0.008053061,-0.089990141,0.124553492,-0.207283587,-0.317047327,-0.343208528,-0.460207284,-0.219860601,-0.256015688,-0.29637605,-0.280669034,0.149949455,0.169940555,0.395543382,-0.204172442,-0.304423911,-0.235994178,0.32657105,-0.096612983,-0.190309282,0.206686301,0.005115091,0.438708142,0.015399375,-0.004642776,0.011199646,-0.432604959,0.34559195,0.222741241,-0.156831098,-0.040240445,-0.067304071
